0.614791	1.35705
5.65601	1.26561
1.3709	-0.145359
-0.525696	-0.245636
-0.14872	1.03875
1.88179	1.56023
0.36391	1.60726
0.705088	-0.0546855
0.714806	0.996573
1.64966	1.49525
-0.345025	-0.0703692
2.22956	0.066334
2.60042	0.692028
0.975571	0.66942
3.57102	2.65209
0.85112	0.442224
-0.213804	-0.386794
0.791972	3.44754
0.683492	2.24628
0.455818	0.352664
-0.343422	-0.24597
1.80879	2.43757
0.316969	0.165397
0.875093	1.74089
1.58621	5.5147
2.02637	1.06413
3.36146	2.17005
1.34632	1.49355
5.78222	5.85543
2.68231	2.33171
-0.822551	-0.522017
-0.258231	-0.0787795
0.787015	0.588709
1.60272	0.799952
1.44088	3.86616
-0.345639	0.800376
1.45761	3.43273
-0.507248	-0.692126
1.31579	0.326884
-0.622877	-0.75387
0.228643	-0.0675529
3.65075	0.484539
2.64224	0.808154
-0.149089	-0.453299
0.611422	0.666893
-1.3689	-1.21766
0.261072	0.165373
-0.661296	-0.26014
-1.01454	-0.964996
0.441461	0.79011
1.42962	1.13891
-0.404282	-0.85619
3.14613	8.62386
0.778831	1.72788
-0.348634	0.274779
0.685939	0.934639
1.97987	0.0507259
6.14128	0.817206
-0.320315	0.23173
0.809889	0.204661
1.06882	1.81346
0.849011	2.20482
0.267686	0.0137222
1.30909	0.860085
-0.347819	-0.523838
-0.545396	-0.702621
0.230298	0.662006
-0.796009	-0.249324
0.0244534	-0.317267
-0.00712931	0.117326
0.496223	-0.00329554
0.0488853	-0.329568
-0.355436	-0.519173
-0.798141	-0.781281
-0.659369	-0.703814
4.19534	1.8882
-0.915908	-0.698832
-0.813298	-1.14621
0.402876	-0.294126
0.609664	1.47362
0.169729	1.9428
1.72902	0.748945
0.170474	-0.645836
-0.550104	-0.645417
-0.119702	1.45097
-0.366178	-0.391742
2.40101	3.25943
-0.250685	-0.351095
1.42478	0.794125
0.359225	2.44825
3.51948	0.236024
1.57713	2.63986
-0.492662	-0.40383
-0.186876	-0.414915
1.43481	1.4815
-0.373926	-0.715984
-0.0653142	-0.072003
0.122036	-0.237457
1.47987	1.11518
0.203985	0.0172663
2.41754	2.48115
0.977103	0.710996
1.89287	2.9448
0.275443	1.37725
1.99624	0.719173
-0.325016	0.308936
4.7953	1.51407
0.618433	-0.0388068
0.490397	0.909858
0.629324	0.392255
0.28496	0.997282
0.283159	-0.732418
-0.106827	-0.624759
2.49834	2.04184
2.86776	3.01093
1.82984	2.6719
0.632836	-0.0149632
-1.02611	-1.2056
0.1831	-0.716466
2.26595	4.63337
-0.592706	-0.496992
0.800257	3.05091
0.0310659	3.4633
0.278471	0.613269
1.18475	-0.0957602
1.95453	1.48431
-1.3351	-1.47594
3.25322	1.21339
3.2303	2.20768
3.07914	3.84335
-1.57221	-1.50592
-0.800678	-0.91698
0.216404	1.15973
2.08682	3.56389
-1.11619	-1.29803
1.65874	1.83994
0.697685	0.0138128
-1.07922	-1.14535
0.985504	1.05126
0.478531	2.22555
-0.315744	-0.593402
-0.0300878	1.34336
-0.340973	0.338607
-0.294598	-0.549833
1.96412	1.71338
0.73034	0.216156
0.85467	0.38072
3.86642	2.24192
0.345745	3.95535
-0.49368	-0.859607
2.08896	1.10466
-0.0393933	-0.0742871
0.824934	0.53269
0.289489	1.14611
0.470474	-0.473822
1.04675	0.984898
-0.501339	-0.0871342
-0.148184	-0.869559
-0.117743	0.82342
1.56652	1.89831
-0.198606	-0.192854
-0.469265	-0.501316
2.36875	0.969722
0.664061	0.0203001
0.604045	1.81216
-0.573627	-0.480485
4.35932	1.66597
0.0926113	1.26651
0.148982	-0.165859
4.87776	2.75696
3.05519	3.29498
-0.0906193	1.87651
0.556515	2.76541
1.20932	1.7988
0.211959	-0.089339
-0.159436	-0.592325
0.804447	0.230238
-1.23017	-0.701706
0.797496	4.54016
0.311162	0.518746
-0.0113815	0.577722
0.1864	1.21646
5.79734	0.972149
0.604863	-0.312098
2.48323	4.10652
-0.893278	-0.801308
2.32277	1.11259
0.988543	1.65021
-0.311207	-0.157861
-0.937731	-0.722424
1.20332	2.58659
1.31425	1.33586
-0.611452	-0.670546
0.123394	2.60996
1.74678	-0.248131
0.455116	0.551233
2.12053	3.81895
2.22453	1.05667
-0.383497	-0.682982
4.69159	3.74732
0.668559	2.75114
-1.26991	-1.34884
-0.162925	0.407834
0.801364	1.96998
0.921782	0.231901
0.287123	1.26358
0.249759	3.92386
0.43074	1.263
2.37723	-0.20037
-0.178931	0.171454
0.958049	1.17678
0.00560403	0.656856
-0.172852	-0.692827
-1.51859	-1.27447
1.71996	0.186858
1.14416	1.03467
-0.0828344	0.952474
2.42962	-0.300919
0.218896	-0.246829
-0.355582	3.31114
0.505118	1.18919
1.24602	0.465033
-0.399019	-0.825796
2.19242	-0.0967646
-0.785232	-0.778294
0.676677	0.767791
-0.28579	-0.1421
0.872167	1.56448
-0.0966156	-0.242016
0.573386	0.214957
-0.462858	0.142595
0.00938296	-0.660875
4.48289	0.621434
-0.386109	-0.565415
0.686605	2.30656
-0.965776	-0.550016
0.968678	1.96628
-1.22502	-1.58207
0.873634	5.76184
1.19167	1.06886
-0.25291	0.560304
-0.20928	0.161122
0.273846	-0.251458
0.290568	1.46554
-0.0917178	-0.352369
1.05877	0.566119
-1.05536	-0.949019
0.186293	0.902796
-0.136756	-0.0939244
0.325477	0.32652
1.46621	1.48905
5.08541	4.60552
-0.0174701	0.498948
0.548766	3.73426
0.806865	5.52881
0.0875139	-0.293781
-0.269324	0.249796
3.15534	0.137167
0.603582	-0.00313818
-0.466171	-0.326599
5.06868	0.417166
0.729852	2.55597
-1.29493	-1.1902
-0.769054	-0.0526625
0.147644	0.688226
0.759139	0.811795
1.42679	1.9681
-1.21386	-0.998892
0.129774	-0.441674
-0.212302	0.502729
-0.28107	0.145631
-0.303556	-0.652536
-1.12769	-0.888941
-0.307682	1.26814
2.2125	3.15152
-0.513312	-0.0749832
2.03735	1.21865
-0.514819	0.431329
2.58141	1.00341
1.08494	0.759664
3.76501	2.23241
4.40674	0.603991
0.231068	0.69574
1.12679	0.682403
-0.0115299	2.46177
0.327837	0.251228
-0.171973	4.39662
-0.00738084	0.0489855
-0.602457	0.393839
-0.861195	0.901618
1.93901	0.399476
1.68102	6.67556
0.168388	0.635998
2.8408	2.04114
1.14505	0.464346
-0.414926	-0.0522113
1.91326	0.749742
0.0734019	0.603638
3.91327	1.62836
0.477904	-0.199913
-1.20911	-0.794269
-1.07063	-0.97568
-0.942112	-0.832918
1.76392	1.80682
0.186553	-0.105376
1.85887	6.08996
0.314451	-0.0939453
4.41589	1.15857
3.46423	0.347971
-0.459592	-0.589262
1.3278	0.5346
4.08173	2.03398
-1.21173	-1.68036
3.90953	0.597645
-0.366791	-0.421443
0.158497	1.88488
0.975498	3.26453
-0.683067	-0.509736
-0.404097	-0.578189
-0.413361	-0.564985
-1.25134	-1.02738
-1.20518	-1.20061
0.530268	0.211172
-0.233469	-0.728435
-0.287248	0.54042
0.00210881	1.84407
1.16243	0.530684
0.192869	-0.301834
0.67438	1.15441
-0.171828	1.31973
0.761625	1.26307
-0.029543	0.0731075
3.21229	0.476537
2.12437	-0.532819
-0.163933	2.20356
0.256848	0.2552
0.64657	-0.779631
5.008	0.69603
1.42787	0.577912
2.22158	2.78378
0.597495	0.966045
0.0409853	0.394747
2.70848	1.55865
1.30138	0.699174
-0.339766	0.877826
-0.111631	2.03362
-0.856989	-0.680662
0.0703394	0.745083
0.852295	-0.371986
-0.448605	-0.68687
0.995209	1.75427
-0.415992	-0.748056
5.12466	1.67412
1.04273	3.3428
3.59974	2.91121
0.936794	0.755111
-0.404956	1.54597
2.53369	3.74289
-0.380174	-0.435295
0.468054	0.95739
-0.0366431	0.062536
-0.693332	-0.57932
2.92327	1.02494
-0.527561	-0.559302
0.18247	0.366887
-0.676295	-0.987966
-0.91816	-0.765871
1.40517	1.60081
0.360552	3.95445
1.44055	1.73748
-0.0893718	0.171508
1.64991	3.36318
1.97816	1.99281
0.430388	1.14823
0.713928	0.693681
2.05108	2.20161
1.43343	0.745126
0.63512	1.49334
0.0561261	-0.0522822
1.9361	1.23378
2.52497	1.26087
0.027796	1.52426
1.01085	-0.100704
0.507821	1.86949
3.35772	0.90492
0.633858	0.0548255
0.46574	0.104108
1.75234	0.895371
-0.303056	-0.15713
3.01073	1.17092
0.288103	0.0703418
1.03642	-0.147518
-0.593123	-0.943418
1.02395	0.638489
-1.22912	-0.77382
2.29948	1.76442
-0.953609	-0.967858
1.76361	1.38709
0.576789	0.49252
2.12258	1.55313
-0.0166959	-0.141091
-0.0837886	-0.570979
1.36722	0.647048
0.47972	0.153539
0.791274	1.27811
1.08252	4.0201
1.8571	3.29116
0.153862	1.03089
0.143634	0.668577
1.03028	4.07794
1.6915	3.53192
1.24868	3.12975
0.309528	-0.156825
0.558357	1.77191
-0.473563	0.773327
-0.261433	-0.303763
0.850571	3.10056
1.29528	2.25757
0.30584	1.38165
0.105494	-0.174826
4.00188	0.474175
-0.406836	-0.75412
-0.186144	-0.308685
0.328705	0.0481629
1.25791	0.995862
-0.752236	-0.974271
1.2151	-0.0454915
1.53749	0.688003
0.161648	1.48677
0.93917	1.15037
-0.0442749	-0.0315475
0.132641	1.03793
0.105208	0.897875
2.45753	2.02354
1.18373	0.98529
-0.690234	-0.978469
-0.648707	-0.874801
-0.445212	-0.335762
4.09163	1.89538
-0.838855	-0.798471
2.43848	0.305824
1.74037	2.9729
2.04747	2.11207
0.0444937	0.578563
0.503011	0.827141
2.15545	2.64412
0.178164	-0.150362
2.33066	0.812846
-0.94603	-0.765615
0.448794	0.83432
0.816208	-0.0417119
2.56171	0.0901198
0.905962	1.779
2.22161	3.7579
-0.697968	-0.684624
1.9626	0.330091
0.218453	0.696709
-0.388938	-0.205984
0.543638	0.504516
-0.526053	-0.682998
-0.310086	1.74054
-0.410802	0.376616
0.613289	1.15431
0.6576	0.780417
4.43652	1.47749
0.80099	1.06247
1.31746	-0.260988
-0.176823	0.26805
0.671057	-0.443003
-0.25138	0.033834
2.46678	2.97463
2.24272	1.57889
0.733542	0.119377
0.281298	1.11044
0.33288	-0.200467
2.05603	2.50743
1.5457	2.26065
1.02495	2.49652
0.0215685	-0.557675
2.84914	3.03806
0.106474	0.153853
0.180205	1.20761
-0.6249	2.30688
-0.435593	0.279315
0.670137	5.85592
-0.593408	-0.778838
0.472814	5.99399
0.89533	-0.588624
0.111347	-0.235525
0.195022	-0.255503
0.90955	0.427867
1.46498	1.60786
0.00804186	0.108063
-0.98722	-1.03773
0.681776	0.74291
0.328361	1.5328
0.790125	0.639873
3.72762	1.05084
0.90724	0.208745
-1.1008	-1.04803
2.8835	1.38837
-1.12407	-0.754529
-1.63976	-1.48432
-1.24564	-0.891879
-0.317537	0.36603
-0.446206	1.25525
0.385348	0.757647
3.23309	1.3528
-1.05748	-0.795612
-0.499321	-0.151012
1.04116	4.70737
1.27839	1.1409
-0.697773	-1.02523
0.771444	-0.191854
2.24898	1.73132
-0.0686717	0.785127
-0.749322	-0.46473
-0.971515	-0.844975
-0.218996	-0.301483
0.42135	-0.15682
-0.0548244	0.221241
-0.79034	-0.989881
-1.16276	-1.43118
4.67153	2.46519
0.396531	-0.134379
-1.53249	-1.62921
0.246392	0.821389
0.196035	-0.160721
1.55153	1.70867
1.04223	1.48681
2.11864	1.80788
-0.636343	-0.471379
-0.677447	-1.03535
1.21953	2.83618
0.49737	0.0276375
0.435154	0.393068
-0.551842	-0.80299
4.61881	1.27049
-0.388633	-0.719927
2.0911	3.5628
0.959783	1.22804
1.98781	2.61915
0.64062	2.48111
-0.757582	-0.327201
0.671154	0.122806
0.54379	-0.699326
3.72728	4.75006
-1.32308	-1.31407
1.35045	1.02405
0.563134	1.80001
-0.869066	-0.2483
-0.564583	0.515544
0.0126207	-0.230903
1.75699	0.184366
-0.258866	0.0597429
0.691241	0.697412
1.10849	0.34999
-0.708218	-0.861794
-0.117748	-0.382718
-0.0261581	0.318819
-1.07581	-1.03328
-0.636832	0.179305
-1.23938	-1.40142
1.69885	0.483834
-0.896563	-1.10424
-0.910585	-0.855455
-0.118169	3.09394
0.884864	-0.075295
0.981232	4.32145
-0.551198	0.134907
-0.197363	-0.0283402
0.69535	0.473939
-0.167745	-0.434785
-0.849526	-0.908604
0.355468	0.014807
-0.418178	-0.821205
3.67239	5.81163
-0.0529313	0.245067
1.0003	2.63962
3.09064	0.382383
0.108551	-0.673701
-0.398044	-1.067
0.753341	1.58388
-0.240152	-0.318429
0.210357	1.70768
-1.06425	-0.710592
1.9883	0.388254
1.71198	2.55303
-0.805598	0.171671
2.52439	-0.132279
0.430411	1.76247
-0.762889	1.08468
-0.440347	2.23129
0.252572	-0.228825
-0.554244	-0.463228
3.87483	1.69413
0.481808	0.463293
-0.739122	-0.629583
-0.497383	0.12005
-0.410765	0.634786
-0.125753	2.17306
0.653754	1.00892
2.02667	5.22225
1.30386	-0.130832
-0.167382	-0.694613
1.26324	0.290961
2.4187	4.06782
0.818298	0.688688
-1.06665	-0.886762
1.08405	0.95368
1.0329	0.337863
-0.97349	-0.516011
-0.198902	-0.061155
-0.812259	-0.763839
0.0968945	-0.204191
0.372385	1.02965
0.180172	0.15517
-1.10129	-1.10867
0.0608814	-0.532287
-0.259332	-0.462283
0.989159	3.29964
0.897123	1.67465
0.546435	-0.239231
0.526912	0.0301051
2.39473	1.23113
-0.0161123	2.42468
1.40691	-0.294505
2.48582	1.29584
3.67538	3.51929
-0.0214314	-0.0208175
-0.101095	-0.476178
-0.7713	-0.0906372
0.385607	1.4252
2.23973	-0.0139081
0.0536335	3.71626
-1.206	-1.06904
1.18596	0.0473487
-0.769318	0.65796
0.354782	1.0805
-0.320436	-0.316877
-0.118378	1.12909
-0.225719	1.64071
0.0725639	3.0036
1.5437	0.325075
-0.134718	0.396895
-0.88232	-0.0378579
-0.0819004	0.650461
-1.1612	-0.964762
-0.600276	-0.452043
2.34419	0.42798
-0.0336868	0.454966
-0.202061	-0.492277
-0.404443	-0.637162
-1.04265	-1.18158
2.58428	0.437219
-0.861028	-0.876265
1.42027	0.997
-1.34604	-1.4733
5.49116	3.85017
1.55677	2.50147
0.849537	3.65359
-0.310614	-0.184587
-0.344907	-0.50522
-0.481809	-0.564464
-0.834746	1.76633
1.30054	0.508095
0.620272	2.38042
-0.216923	-0.115315
0.760803	0.355915
1.74495	2.62314
3.50788	0.169708
-0.370611	-0.158694
0.73696	0.879586
-0.167957	0.384002
1.29361	3.13864
-0.214078	1.93386
0.374246	2.18496
1.04928	0.695935
-0.979198	-0.735207
0.4545	0.629852
1.49114	2.63833
1.60638	1.13421
-0.460792	-0.404621
3.12941	1.42028
1.90555	0.837276
-0.499511	-0.678203
0.496912	0.214169
-0.275531	-0.555553
2.38186	2.10009
-0.525731	-0.112721
-0.897625	-0.678368
-0.255131	-0.716696
-0.605807	-0.19421
2.52029	1.95658
0.813468	1.76187
0.874827	5.77288
-0.569718	-0.679778
0.82408	4.06616
-0.677028	-0.587225
-0.477447	0.0440061
0.192412	0.201387
-0.30553	-0.670905
-1.12495	-0.289981
-1.46865	-1.35207
2.12396	3.14091
-0.845052	-0.574295
1.40378	0.586619
2.08563	4.10289
2.94715	2.00492
3.40504	1.19918
3.10211	3.25179
-0.908216	-0.479437
1.79748	9.36676
0.336063	3.35182
4.41485	1.91959
-0.539906	-0.554914
0.269377	0.390188
0.577159	1.535
-0.286672	0.00772357
-0.978863	-1.07185
-0.0325406	-0.286363
1.42425	6.02552
0.180615	0.968066
2.36196	1.71037
1.05442	0.724809
0.876936	1.0312
-0.978242	-0.985503
-0.158566	0.874438
0.177882	-0.229975
-1.20908	-1.05279
1.02021	-0.012024
-0.328663	-0.0414467
-0.402765	-0.289973
-0.124236	-0.478543
0.0289428	1.84173
0.598228	1.46106
-1.19273	-1.3617
-0.158499	-0.260833
0.14459	-0.000527501
-0.444198	-0.478532
1.32105	2.32208
1.47703	0.937278
1.90118	0.758971
-0.310403	0.159206
0.593339	0.286894
-0.566712	-0.129971
-1.17037	-1.07705
0.772647	4.72005
3.80163	0.360951
3.41215	2.00558
0.111681	0.16121
0.633926	1.82873
-0.44626	0.209612
1.54462	0.193272
-0.392191	-0.444977
2.99182	2.13694
1.5249	7.05828
1.77752	2.55044
2.20759	9.70833
-0.8963	-0.836803
1.52283	-0.389614
0.146863	-0.0126094
-0.691731	-0.520723
1.94644	1.31584
0.413176	-0.306731
-0.131994	-0.421351
5.84964	-0.0384569
3.60562	1.66957
0.388894	-0.393941
1.61803	5.15996
4.47587	0.780164
1.31584	-0.504987
-0.38408	0.00806808
1.16071	3.05236
-0.439687	-0.0811517
0.888669	1.73896
1.52843	0.655066
0.0921953	0.248073
2.03772	1.56335
-1.01631	-0.38316
-0.47232	0.465645
1.55923	0.0919926
-0.360199	0.459163
-1.26059	-0.453464
-0.297659	-0.00213504
0.659524	1.38255
1.82348	4.88442
0.653878	-0.0483245
-1.08166	-0.973101
1.47243	0.902733
4.40066	1.4766
-1.03472	-0.921974
0.461918	0.601207
2.04033	2.139
2.29769	2.43136
-0.341107	-0.403226
2.03044	1.21224
-0.22164	-0.883994
0.173497	7.04249
2.69127	4.17357
-0.854748	-1.26185
-0.67478	-0.695949
1.41578	3.06169
2.3145	1.54503
-0.250973	-0.0854158
0.84877	0.64629
0.025388	-0.864761
1.10143	0.160899
-0.352653	-0.193993
-1.07722	-1.02283
-0.410176	-0.472945
1.27308	0.708272
-0.125422	-0.672237
-0.190933	-0.516156
0.964984	1.10677
-0.182858	1.25854
-0.0565624	0.0705194
0.0858557	0.0587869
1.99488	3.39133
1.85133	3.73169
0.436127	1.6886
2.43046	0.783162
0.171421	-0.291888
0.711851	1.09764
0.313843	1.8602
-0.547369	0.386665
0.203637	0.77798
1.31158	1.97246
3.73942	3.21665
-0.263217	-0.485789
0.76581	0.667377
1.07204	-0.14383
0.941068	0.837352
0.747643	1.44928
-0.308032	0.530541
-0.722312	-0.358603
2.46919	1.25572
-0.576092	-0.836324
0.854533	2.86337
-0.731695	-0.869769
-0.448278	-0.293689
-0.136791	0.783192
-0.535658	1.68283
-0.0529385	0.939151
1.89438	3.30732
-0.00802934	0.958188
1.33498	0.932175
2.01882	4.02361
1.60459	0.623078
0.232098	0.96392
-0.188043	0.617031
0.183333	0.92101
1.99135	1.37386
-0.757332	-0.821219
-0.633035	0.320623
0.70878	0.464001
0.805565	0.529598
-0.806189	-0.282097
0.241622	2.33199
-0.529587	-0.736432
0.724624	3.13569
2.91221	2.2346
0.933226	-0.188382
-1.02683	-0.830495
3.9229	3.93493
-0.817604	-0.486335
1.28546	1.56268
-0.517798	-0.502145
-0.313438	-0.238745
1.88516	4.12342
0.381606	0.813659
1.30535	1.33035
-0.492684	-0.718191
-0.0020653	-0.0918627
-0.0150788	1.81125
-0.46467	1.19007
-0.391068	0.988529
0.128117	-0.0760478
-0.291176	0.524225
-0.145261	-0.431289
-0.107957	-0.48165
-0.132119	0.153233
-0.135416	-0.56066
-0.141586	0.883356
1.4407	1.59896
0.514753	1.70313
-0.0879127	-0.367808
0.82646	0.801398
-0.872899	-0.70933
2.0594	1.81287
4.45362	-0.049088
-0.647595	-0.963258
1.47031	1.28058
3.36306	1.58358
0.415043	1.75826
-0.481043	-0.101008
0.184724	0.867846
0.491859	1.27508
0.00139356	0.534518
1.24418	0.279676
1.15353	0.401275
-0.414146	-0.294051
-0.222456	-0.433712
1.74234	3.07613
0.87329	0.439423
0.346569	0.537349
0.322759	1.49404
0.286772	-0.315012
0.330958	1.72578
-0.971444	-1.17294
-0.722154	-0.266186
-0.3369	-0.257791
0.312196	0.77616
-0.763681	-0.649737
0.141857	1.12333
2.43609	1.61318
0.00246644	0.205243
-0.681202	-0.140021
-0.77423	-0.891681
-0.191928	-0.114676
-0.287685	0.44926
5.21735	1.60439
2.40723	0.391415
-0.936255	-0.704263
-0.955887	-1.04001
1.43261	2.60663
-1.06252	-1.10893
1.1018	-0.632247
0.489397	3.78893
0.510664	1.29512
1.88881	0.41613
-0.744832	-0.507807
-0.126607	1.71473
1.74796	1.45069
-0.869119	-0.553585
-0.16178	-0.237604
-0.542946	-0.518124
-0.205771	1.97009
0.557487	1.33773
0.0984335	-0.104458
-1.45429	-1.42301
-0.0340891	0.16422
-0.765779	-0.428746
1.65599	2.1497
-0.410164	-0.426438
0.255733	0.0689328
5.857	3.68769
2.86561	3.06279
1.93436	0.503058
-0.650988	-0.836143
-0.0278717	1.25803
1.44034	0.164354
-0.849965	-1.38106
-0.589839	-0.00754714
0.621771	0.557219
-0.900414	-0.755782
0.2174	-0.0912577
1.02276	0.594276
3.84143	1.62039
1.40436	2.96289
1.97222	1.37239
-0.958176	-1.02931
0.22862	-1.04016
-1.47652	-1.34533
2.48824	1.2741
1.04723	3.75919
0.635567	-0.112984
-0.650181	-0.736142
-0.436136	0.0978279
-0.378025	-0.473732
-0.00398576	0.35715
0.396328	0.377597
-0.588681	-0.832834
-0.715327	0.125624
0.306709	1.21301
0.0627172	-0.022276
2.9572	4.08606
0.118277	-0.614766
1.56395	1.35881
0.96315	0.0200951
0.278776	-0.434705
0.853229	0.146052
-0.498326	-0.406753
-0.808004	-0.542161
1.21894	-0.0966793
-0.797504	-0.905012
4.18507	2.45065
1.94118	1.78197
-0.151599	-0.131393
2.95138	1.17355
1.66071	0.273818
1.30831	0.154836
-1.05839	-1.01821
0.553	0.604285
1.97645	1.36272
-0.843223	-0.64478
-0.861478	-0.512749
1.20177	0.716594
0.050056	-0.362752
-0.160508	0.318565
-0.572912	-0.311689
0.128855	1.29724
-0.125118	0.814629
-0.949921	-0.802618
0.574042	1.83321
-0.215199	0.703663
0.927217	1.22562
1.1933	0.0561643
0.852038	-0.292622
-0.0925922	-0.0509942
0.286134	-0.276408
-0.822326	-1.26519
0.915841	0.0667
1.0542	0.588211
-1.16433	-1.02645
0.153801	0.505972
0.326836	0.255628
1.08872	2.63112
-0.606124	-0.550712
2.30399	1.27167
-1.12464	-1.06931
4.81863	2.06257
1.38758	-0.202247
0.423423	0.296658
-0.586395	-0.58484
4.19669	0.214194
-0.438834	-0.512128
-0.583457	-0.629928
0.495275	-0.310792
0.905455	0.547307
0.439502	0.827314
1.17145	1.77749
-0.606095	-0.545689
0.685376	0.404545
1.01346	1.23926
-0.251893	-0.337299
-1.11357	-0.685681
0.788149	0.963056
3.12391	-0.895799
1.92706	1.9879
-1.39756	-1.24531
0.494479	0.500991
4.01263	2.92952
-0.153402	2.74947
0.168139	0.445397
-1.01414	-1.05938
-0.294586	1.38309
6.3741	-0.426893
-0.22806	-0.170127
1.40528	-0.130534
0.264744	1.13246
-0.289727	0.0450122
-0.530749	-0.260348
1.46282	3.80918
-0.289795	0.162336
-0.400214	-0.707688
-0.780323	-0.267678
-0.949396	-0.921927
-0.382141	-0.257183
0.00461102	-0.46959
0.0009799	-0.487097
-0.487936	-0.660389
-0.0560939	-0.0711673
1.94695	0.952432
0.251138	-0.387276
-0.761377	-0.500889
-0.201113	-0.372686
-0.860306	-0.614308
2.03779	2.03521
1.7713	1.93107
2.60636	0.731018
-0.234879	2.42664
1.35622	0.697041
-0.795274	-0.606353
-1.08308	-1.08828
1.00693	1.25321
0.774592	1.1965
1.12722	0.251167
0.281588	-0.362951
0.0761449	-0.251892
0.440651	1.79672
-0.121627	-0.0348318
-0.437351	-0.860705
0.437517	0.260444
-0.409465	1.30471
-0.732592	-0.911646
0.745718	0.200043
0.19569	-0.276402
0.611186	-0.666645
0.359693	-0.170265
1.30095	0.802015
0.2202	0.167894
-0.0424957	1.08727
-0.0031364	1.13137
3.5508	1.24839
1.0397	1.19585
0.569283	0.917342
-0.445089	0.288895
4.15959	1.43133
-0.878956	-0.980791
1.88692	0.0923681
-0.318505	-0.334181
2.07614	3.75719
-0.452076	-0.351553
-0.199111	-0.507601
1.5635	3.48402
5.15065	4.68219
0.186946	0.310237
2.43557	4.0379
-0.150788	1.11564
0.431839	-0.289779
0.36651	0.828171
-0.24843	0.559635
-0.214077	-0.277796
4.87791	2.14034
-0.31315	-0.596294
-0.727763	-0.926046
1.30401	-0.36024
0.317023	0.137676
0.373505	-0.0639266
-0.235984	0.770819
-0.0429213	0.274943
0.293307	0.241861
0.836496	-0.285444
0.65279	0.0565577
1.66962	0.714751
-0.701661	-0.48353
0.681682	0.189617
3.61508	1.96562
0.483105	1.49619
0.458124	2.25057
1.69311	2.76305
-0.862792	-0.710732
0.24598	1.76705
0.194772	-0.192412
-1.29412	-1.23724
0.204786	-0.721479
0.983868	5.10956
-0.117822	1.97103
-0.375111	-0.0703865
-0.122656	-0.618548
0.434003	0.832725
2.14616	1.84803
2.57593	0.693099
0.893739	0.588167
-0.775126	-0.40753
1.2732	0.984781
1.1297	0.406343
-0.250149	0.159366
0.51667	2.7853
0.440671	0.998086
0.838687	-0.071125
-0.599686	-0.58498
-0.371197	-0.368006
0.971025	1.29696
-0.424439	-0.138615
2.98129	2.84688
-0.292777	0.0765514
-0.740035	-0.516284
0.944891	0.476091
0.417024	1.42806
0.268697	0.0449312
3.25461	4.1452
0.687964	1.8386
5.72027	2.92797
3.82891	1.75648
0.344821	-0.181233
1.5359	0.538038
2.78403	-0.0555152
-0.225512	3.8264
-0.223268	-0.990033
2.61142	2.61044
0.085268	-0.584582
2.24745	0.512333
-0.518182	-0.876365
-1.12492	-1.08857
1.15106	0.79024
1.10355	1.10062
0.618936	-0.15547
0.142823	0.508236
0.367881	-0.61643
1.07291	0.491939
1.65662	5.6338
0.426598	0.166715
-0.167621	0.00810385
0.332381	0.266136
-0.856213	-0.659052
2.17883	0.83981
-0.243083	-0.740544
-0.749751	-1.01834
0.676326	4.26003
0.566393	3.59538
0.228045	0.920163
4.21449	1.31169
1.9026	0.28771
-1.01908	-1.23166
2.41151	1.64411
1.39	0.194573
0.367801	0.812994
-0.419626	0.794532
-0.604224	0.00232339
0.608599	3.73859
4.15916	5.0155
0.290092	0.509322
0.332142	2.69969
1.90021	0.361702
2.40218	3.12922
-0.146714	1.07676
0.871084	0.63612
-0.217916	-0.551344
1.66819	0.944929
0.0554025	0.254313
1.03175	2.72474
-0.507237	-0.229705
1.29308	0.814848
1.01443	1.09118
2.70627	0.737048
0.887871	4.44867
0.705192	1.22174
-1.2714	-1.14406
0.0818813	-0.0995809
-0.738999	-0.166957
-0.0610584	-0.628603
1.24137	-0.37198
2.28551	0.187778
0.624869	2.66502
0.552582	-0.0625962
-1.23982	-0.89709
-0.676199	-0.563866
-0.863237	-0.81311
-0.740305	-0.20897
-0.597783	-0.795702
-1.23003	-1.16167
0.619874	0.0578332
1.12631	0.430251
4.55393	1.84263
0.919917	1.00279
-0.472442	0.558155
-0.699316	-0.895581
2.34201	1.09639
0.349267	-0.075227
1.00775	0.371575
1.24311	0.823375
0.186682	-0.813421
0.73876	0.225438
0.06585	0.397946
3.06953	1.02422
-0.24036	-0.447267
0.57114	0.455487
3.20821	0.234281
3.78439	2.26405
-0.884407	-0.959275
1.69211	1.31069
-0.16461	2.25623
1.34779	0.0477386
-1.11678	-0.744266
3.56966	2.57552
-0.65545	-0.878032
0.561957	2.36434
0.103127	0.171155
-0.20357	-0.295321
2.0862	1.75062
1.2984	5.34835
1.09393	0.893829
2.79847	0.205812
0.172098	0.287684
-0.713893	-0.0830674
-0.391202	-0.328965
0.37452	0.595276
-0.491832	-0.471939
1.95436	3.1038
3.51728	0.916151
0.154761	0.386496
-0.605235	-0.808694
0.200775	0.766826
-0.373582	-0.33155
-0.0586468	0.0472307
-0.690126	-0.544043
-0.0135821	0.660261
0.58393	1.00391
3.29521	1.96014
-1.26469	-1.15724
0.170705	0.112765
-0.419254	-0.336095
3.55355	3.0756
-0.108741	0.531201
0.648553	0.731988
0.265617	0.0833511
-0.313771	0.165179
-0.494359	-0.525069
-1.20099	-1.50351
-0.114613	0.264755
-1.12227	-0.728874
3.26655	0.484329
-0.882784	-0.756391
-0.50698	-0.318556
3.18172	0.452315
0.520481	0.647987
-0.277768	-0.0147015
-1.23575	-1.23214
-0.429348	-0.515479
2.45204	3.40426
0.560199	1.23202
1.88286	2.44799
-0.333045	-0.668861
0.221511	0.482296
-0.773944	-0.582685
-0.919001	-1.1293
0.827771	1.02895
1.54084	-0.118667
0.781441	-0.255331
2.26646	1.97618
-0.0444913	0.138412
-0.810072	-0.998802
-0.503201	-0.528437
1.37862	0.779282
-0.235204	-0.189413
-0.825169	-0.548124
0.492669	-0.0846934
0.721213	-0.0227094
2.52031	1.25995
0.513737	1.40077
2.42377	2.395
2.6333	1.12372
0.177132	0.184109
2.20108	1.14492
-0.692973	-0.25485
2.51633	2.46841
0.274196	-0.655901
-0.184956	-0.0156325
1.25784	2.83855
0.0913572	0.305847
-0.911809	-0.271063
-0.98623	-0.532437
-0.303068	0.312413
1.26232	0.0898254
0.718797	2.07074
-1.35284	-1.32077
-0.853746	-0.643815
0.259801	0.302136
0.821439	3.17548
-1.34423	-1.42033
2.74855	0.604714
-0.601731	-0.567802
0.24947	0.428851
-1.025	-0.988355
3.08857	3.01145
4.21037	2.85213
1.51086	0.263965
0.0854921	1.05056
0.256621	0.224223
3.91694	3.53894
1.81968	0.186939
-0.344057	0.17066
2.36146	1.88925
0.845678	1.05393
-0.101308	1.5685
0.820334	0.563376
2.90325	0.701373
-0.793269	-0.530554
0.449973	1.45978
-0.136037	2.31171
-0.196167	0.123261
0.600898	3.42514
4.69226	0.884504
3.50171	3.01903
1.73991	2.29431
0.298976	-0.114394
0.366622	1.33523
-0.42663	1.09118
0.0938761	2.52962
0.0380385	0.262877
0.674206	-0.351343
0.690049	-0.100124
-0.53278	4.88733
0.844071	1.71943
1.6845	1.10954
-0.750048	-0.784764
2.8791	1.22519
-0.633773	-0.66752
0.708565	2.32593
0.440059	1.1074
0.350415	0.896101
0.115969	-0.546054
0.1928	-0.292264
3.47985	0.368603
0.664049	2.22796
1.00843	-0.0302327
0.266236	1.13856
1.36966	0.993857
0.851883	0.240333
-0.55795	-0.440813
0.289025	-0.343631
0.771474	2.77826
2.25487	1.37399
-0.574748	-0.61491
1.62693	0.0758541
0.577885	1.38809
1.93734	2.04644
3.09651	0.34905
0.919398	0.31263
-0.256735	-0.667787
0.784897	2.55272
1.75614	-0.134619
0.28859	0.261089
2.30161	0.887454
1.01068	0.69343
-0.765811	-0.279081
5.44354	1.35759
-1.21726	-1.06722
-0.295219	-0.432041
-0.276095	-0.504109
3.73274	1.88669
0.186355	0.432448
-1.22391	-1.24601
3.6849	3.29239
3.1031	0.305253
0.744677	1.04839
-1.34443	-1.4449
0.267124	-0.0513983
0.931375	0.710621
-1.08601	-1.1717
0.988419	1.01679
-0.0889599	0.340204
0.716226	0.625063
2.07355	0.229927
1.40159	0.245193
1.97086	1.50581
0.507295	-0.148226
-1.09074	-0.757191
2.04592	0.464412
1.07067	1.45569
-0.512593	-0.777094
1.70488	2.78773
-0.116159	-0.266732
0.0393224	-0.627353
0.378383	1.9463
-0.358664	-0.704234
-0.67645	-0.507104
0.765371	-0.0109589
1.46804	5.57918
1.43787	0.702873
-0.664002	-0.178882
5.12717	3.11261
-0.0397837	-0.0693095
-0.792987	0.162431
0.595859	-0.426463
1.9697	5.94605
-0.727747	0.00669241
1.55727	2.63798
4.54561	0.47603
1.21745	0.393913
2.79535	3.21028
-1.21794	-1.11514
-0.496453	-0.357291
0.145603	0.594822
-0.351781	-0.216857
0.840642	-0.481706
-0.279451	-0.24071
1.35409	0.78257
0.366535	2.26572
0.590588	0.403225
0.985105	0.937166
1.27401	0.38987
2.53306	3.80836
-0.136508	0.489351
0.63813	-0.0202721
-0.0346816	0.310148
1.50285	2.2047
2.49224	1.84944
-0.701256	-0.76442
-0.459639	0.895914
0.198923	0.16232
0.164258	0.582911
-1.09672	-0.987691
-0.0619757	-0.303367
-0.238872	-0.200006
1.20425	0.869254
0.112917	-0.0283426
0.741531	0.969073
-1.67221	-1.10713
1.67498	2.00148
2.63503	0.732175
4.89731	1.93123
2.17276	1.08661
-1.01555	-0.991859
1.33855	1.55182
-0.269399	0.182732
-0.115811	1.02252
-0.510733	-0.461649
1.81525	1.72757
1.38121	0.12908
3.88727	1.09799
3.82055	1.61798
-0.403897	0.114596
1.3796	3.18059
4.07484	2.8498
-0.332235	-0.407286
0.512521	2.03481
1.58228	0.845834
3.21724	-0.0863838
2.19076	0.62443
-0.484926	0.302041
3.37715	2.45867
0.248891	0.404055
1.15525	2.07145
2.47742	1.68064
0.964758	0.984442
1.01142	2.36015
1.50933	1.13257
0.417219	1.29158
1.32912	2.23773
-0.0743937	1.36476
-0.519727	-0.544453
0.20998	0.174047
0.107732	1.82552
3.04502	0.333227
-0.066272	-0.547167
4.25364	2.44173
1.87931	1.37442
-0.971148	-0.672751
2.90721	2.32678
0.137869	-0.23454
0.263379	-0.128224
2.65686	0.515987
0.490829	0.438219
0.85831	0.909307
0.965285	-0.0276178
-0.112981	0.276574
1.21874	0.27397
0.729793	0.943981
0.0870228	-0.858166
3.00737	3.90556
2.30234	2.41673
0.549132	0.456691
1.74031	4.49913
-0.766165	-1.13427
0.406752	1.8671
1.19411	2.09773
0.256346	-0.149725
-0.296138	-0.353574
-0.694357	-0.315155
0.595427	-0.327617
2.75933	1.32501
0.5913	2.53855
0.156581	-0.190285
0.706143	1.14758
3.03499	0.347013
2.54053	1.86915
-0.878071	-0.936621
1.04359	0.180613
0.400565	1.74989
0.331092	3.19003
-0.959886	0.0535548
0.384066	0.489112
2.07329	2.87769
0.445673	1.29705
-1.31224	-1.27263
-0.556934	-0.190254
1.03133	1.72381
-0.209265	-0.181046
-0.17155	-0.801558
-0.451213	-0.377004
0.97569	1.25196
-0.0657862	0.0457859
1.85439	0.61373
0.349972	5.6348
0.379666	-0.0189245
-0.794387	-0.814916
-0.146062	0.184792
0.124016	0.11452
1.45951	0.37274
-0.557764	-0.466447
-1.41453	-1.14528
-0.667357	-0.678128
-0.186725	0.145708
0.468341	0.593225
0.944688	6.56382
0.396378	0.384308
0.986791	0.805091
1.81059	0.47781
0.457342	1.44816
0.158973	0.512155
-0.320938	0.728637
0.359288	0.0459349
2.44239	1.52779
-1.25752	-1.18091
-0.982802	-0.278491
-0.500562	0.675306
1.2978	0.184973
1.06199	0.0210238
3.55797	1.22516
0.150485	0.459334
-0.540101	-0.709022
-0.554637	-0.206337
-0.50405	4.27497
1.50549	2.18274
-0.055213	-0.353697
2.84575	1.24221
0.566819	0.221057
-0.0417817	0.78589
2.75333	1.72708
-1.15488	0.695766
0.620209	1.50728
1.00494	0.597525
2.17453	0.645046
-0.184295	-0.16515
-0.87929	-0.69486
0.83299	1.36441
0.907598	2.45143
0.462661	0.609678
1.37792	1.6157
-0.425971	-0.0371206
-0.105513	-0.0831503
-0.813181	-0.250409
0.0854945	-0.338618
-1.04551	-1.08179
1.71175	1.65347
2.02625	0.883188
0.270693	0.281672
1.93296	0.323631
0.0181925	0.554008
-0.19878	-0.755068
1.41441	0.794895
-0.526008	-0.662388
2.62795	0.797037
2.96354	2.24431
0.21268	2.28559
1.081	1.96759
-1.00975	-1.00141
-0.543635	0.259126
-0.442802	0.497204
-0.918865	-0.709118
-0.486169	-0.523854
3.92927	1.28135
1.28521	0.0607872
2.50256	1.13725
1.21846	0.0438404
0.617124	0.481569
1.27256	1.58411
-0.287166	0.717347
0.207008	0.251492
4.49836	3.92385
5.17282	1.60456
-0.438789	-0.315425
5.01106	0.267582
-0.99355	-0.574713
-0.725991	-0.685562
-0.763742	-0.694734
1.81957	0.164653
-0.154437	-0.757521
0.751349	2.23617
0.365098	-0.567783
0.649178	1.78518
-0.456242	0.0442624
3.01306	0.774112
0.94395	1.54733
1.22514	0.449114
4.04152	2.50249
-0.915161	-0.84998
-0.0201327	-0.303291
0.0564361	-0.0994968
0.959941	4.38707
3.6639	0.979543
0.446321	0.352939
1.10382	3.90833
2.19396	3.1939
-0.0455636	1.19775
-0.277059	-0.351794
0.129446	0.320574
-1.03838	-0.971169
0.554874	-0.0624108
4.98062	2.89466
0.532695	0.0244069
1.33423	5.20363
-0.581318	-0.506251
-0.0319642	0.156031
-0.547635	-0.476784
0.859751	0.66304
-0.125239	1.26118
1.22264	0.712301
-0.084309	2.17788
1.44214	1.94353
-0.127577	0.766793
3.37028	0.545195
1.44882	1.59479
1.92932	5.88462
-0.354244	0.76751
0.557246	0.581596
-0.359204	-0.76673
1.74567	0.903953
-0.918529	-0.919144
-1.03309	-0.880356
1.89704	0.614678
0.297198	2.03078
-0.081616	1.30408
-0.0925916	-0.590152
2.62351	1.89052
1.39436	3.00955
-0.195377	1.22113
-0.131965	-0.804193
-0.0701147	-0.426313
0.562093	0.368625
-1.47345	-1.25936
3.45546	1.23777
-0.0133127	-0.3253
0.350541	-0.367605
2.66421	1.48604
0.0891936	0.466293
-0.416975	-0.882179
1.82392	0.805383
0.646245	1.67184
-0.403234	0.314096
0.979308	0.697138
-0.181252	0.0478244
1.79938	1.67175
1.18444	2.46465
3.65276	0.822022
2.14942	1.10761
0.356268	0.684777
3.90668	5.67645
0.283451	2.98164
-0.199382	-0.546076
0.264528	-0.110909
-0.358652	0.736976
-0.451072	-0.0800174
1.43061	1.88786
-0.549516	-0.741938
-1.2692	-1.26341
-0.160438	-0.314126
-0.307481	0.0427246
0.712429	-0.33637
3.77413	2.66686
-0.887709	-1.25074
0.975848	0.748961
-0.686885	-0.733373
-0.625738	-0.163975
1.63579	2.2889
2.56329	0.885627
-0.359898	-0.799652
0.624036	-0.265648
1.03243	-0.150948
0.286608	0.959587
-0.74025	0.254778
0.251654	-0.0928044
2.32907	1.21017
0.221425	1.28058
0.145962	0.119348
-0.254219	-0.782803
0.852758	0.577668
0.259007	1.11787
0.281122	0.303818
1.55265	1.03087
-0.0805157	-0.805313
1.07589	-0.22974
2.34879	3.14994
-0.292751	-0.217174
0.471014	0.735384
0.0662386	0.18473
-0.512681	2.72149
-0.194424	1.31332
-1.47006	-1.24139
0.154815	0.316937
3.91908	-0.437315
7.58965	2.05063
-0.0160271	-0.201012
1.03417	0.317882
0.912991	1.54114
-0.676142	-0.828583
2.48945	-1.1239
1.47947	0.897171
0.759573	0.830542
-0.0779241	-0.493163
-0.585602	0.101149
0.568755	2.44383
-0.480241	-0.043934
2.72441	1.81835
-0.188558	-0.774911
0.501711	0.667127
1.52343	-0.023573
1.03348	-0.219191
1.52199	1.47909
1.57437	1.12261
3.80014	1.4288
0.946784	0.830929
-0.472689	-0.637606
1.75555	1.08374
0.109544	0.0157845
2.60671	2.58768
-0.485887	-0.220677
5.26559	0.975515
0.0670362	0.659769
-0.788693	-0.816706
-1.12005	-1.05968
-0.397912	-0.0594795
-1.36833	-1.23711
3.19528	0.978962
3.81856	3.48224
0.0984263	-0.274842
1.97008	1.69917
-0.976598	-0.762095
0.695126	2.44928
-0.969672	-0.433599
0.573716	0.726514
3.08797	2.39858
0.325605	1.13341
-0.580693	-0.644614
0.146947	1.18349
1.24433	1.64412
1.77346	0.155886
1.12486	1.55993
2.87512	3.69686
0.373766	0.766238
3.89671	2.72317
0.411448	0.941373
1.38258	2.19956
0.49354	0.235275
0.283185	0.229068
-0.402924	-0.60715
-0.394867	-0.167754
5.7973	2.94936
-0.735915	-1.50624
-0.923481	-0.898569
1.12531	0.461234
-0.881243	-0.638174
-0.63324	-0.896132
0.71355	0.101786
-0.230133	-0.705808
2.86171	0.719727
-0.677761	-0.942183
1.03006	-0.482565
-0.237787	0.431299
1.13138	3.23166
1.32228	1.15444
1.01507	0.525386
1.48908	2.53177
2.38034	3.28441
0.0215721	0.594236
-1.15217	-1.28879
0.94219	1.65746
-0.0505149	-0.503615
-1.30757	-1.29201
0.846221	0.206816
-0.973579	-0.542773
0.693207	0.0854266
1.4065	0.427144
1.49784	0.987287
-0.503312	-0.724686
2.47256	0.976999
2.39645	-0.21551
0.402938	1.60719
-0.261105	1.07711
2.49008	1.20412
1.91686	0.658251
2.29485	-0.228709
0.47205	0.800004
2.8034	-0.0118184
4.93851	0.290574
1.27703	1.76514
3.37332	1.81483
0.0352609	0.611962
3.31473	3.43318
-0.969673	-0.816424
-0.280409	-0.849198
-1.05011	-1.06689
-0.790768	-0.902749
-0.336903	-0.322115
-0.273343	-0.511383
-0.471449	0.5238
2.37473	1.46129
1.15115	0.53124
-0.594276	-1.04792
0.0737202	0.498469
0.182252	1.18621
0.375715	0.752765
1.44652	2.45165
-0.772798	-0.385941
2.21417	1.91117
-0.352648	1.55461
0.637574	-0.184995
-0.750179	-0.548467
1.82538	-0.275142
0.19403	0.837253
0.782951	3.53247
-0.0950158	-0.0244313
-0.18584	-0.0861222
1.25124	1.27208
-0.976521	-0.779774
4.4666	2.27269
1.40493	-0.446515
3.73195	4.45766
0.223469	0.694623
2.86202	2.0751
-0.219739	0.353047
0.20625	0.519904
-0.0393057	-0.135459
3.66125	3.21124
0.591648	-0.0266469
3.51245	6.76966
0.800576	1.02207
0.7547	4.55694
-0.600906	-0.662849
0.592623	0.865815
1.31755	0.749155
-0.164022	0.62088
0.996764	0.59337
-0.575821	-0.631385
-0.566639	-0.636882
0.51257	0.378429
-0.55496	-0.530267
-0.697037	-0.554363
-0.195079	1.10199
0.400225	-0.124322
1.16327	0.779465
-0.364965	0.489329
-0.197529	1.72115
-0.0621355	1.45937
3.22761	0.904232
1.47406	0.97454
0.758113	1.98467
1.81804	2.49533
0.589904	0.405011
0.05615	0.893779
0.60051	2.42734
0.432336	0.149149
3.36944	1.29807
-0.096603	0.528338
2.36201	0.338742
0.523094	0.0178957
-0.355463	-0.0885189
-0.391021	0.144193
-0.295176	-0.298715
4.02048	1.35588
-0.0965112	0.172901
3.67503	2.51242
1.22632	2.12158
-0.161848	0.0538611
2.92635	1.38755
-0.367185	1.18651
-0.209849	-0.335466
0.421449	1.29469
1.40672	0.376128
0.346652	0.41304
-0.456448	-0.568923
-0.176666	0.547187
2.91156	2.02193
-0.5741	-0.466092
0.676736	0.118185
-0.25161	0.391198
2.50125	0.552616
0.601248	0.0617874
1.25551	1.43045
0.154659	0.188133
0.484346	0.0752032
2.00995	3.70416
0.206172	-0.667229
1.07138	0.939747
1.42351	1.06972
-0.273626	-0.548724
3.15336	1.6069
-0.621871	-0.248655
-0.912557	-0.839147
0.439998	0.0556707
-0.723014	0.0383329
1.49744	0.490361
0.873685	0.691108
0.444378	0.111698
0.75873	0.677173
0.96197	0.332385
-0.335943	-0.413049
0.883589	0.352551
-0.831481	-0.968641
-0.385686	2.98443
1.43134	0.438946
-1.3473	-0.959756
1.83234	1.48387
-0.347743	-0.345089
-0.604028	-0.533276
0.156674	2.50118
0.885088	1.0789
1.73793	0.517102
1.44085	0.930724
3.91605	0.70505
-0.622883	-0.818537
-0.373346	2.11439
-0.720847	-0.259406
-0.52708	-0.504876
0.655924	1.36387
-0.245662	0.740542
0.102295	0.772046
1.58067	1.30292
1.97336	0.432965
0.393481	0.045861
-0.139306	0.873435
3.80951	2.50932
1.51747	2.05289
0.799614	0.869558
-0.611981	-0.829033
0.742377	-0.137844
-0.545011	-0.861008
-0.642837	-0.60319
0.249485	-0.0136995
3.70099	0.88378
4.75216	0.855727
-0.219699	1.98218
0.746607	2.45339
-0.878425	-0.92883
0.0951338	0.0838876
5.67783	2.32283
-0.0285417	-0.298095
1.63978	0.209576
-0.275819	0.711666
0.668057	-0.493067
-0.00418901	0.7635
2.25317	2.26158
-1.07084	-0.726386
-0.551956	-0.499917
0.248858	2.63043
-1.36674	-1.13354
2.49211	0.993154
-0.503368	0.115956
-0.983129	-1.15405
1.29989	0.376801
0.165113	0.0323212
-0.497381	-0.467472
1.04583	0.666629
-0.489012	-1.10789
-0.440635	-0.894775
-0.826225	-0.701823
0.832777	2.04721
0.0173116	-0.441739
1.05771	0.518709
1.14186	1.3621
0.83858	-0.472519
-0.511656	0.197159
-0.96352	-0.777015
0.198931	-0.398748
2.65768	0.880418
-0.0334865	0.399934
0.971587	3.92742
0.82266	0.599518
0.762306	0.938065
1.16409	0.0965142
3.68095	5.87425
0.913585	0.238643
-0.608087	-0.624866
1.06262	1.98228
0.530523	-0.244383
2.60575	4.60411
0.745107	-0.179237
1.74191	1.2981
0.990874	-0.263625
-0.840812	-0.918711
3.47938	2.02396
0.237122	0.143962
2.50345	4.65821
-0.651313	-0.921673
1.18344	0.434939
2.2592	0.135653
1.66453	-0.19838
1.10309	0.356201
0.182029	-0.0536716
0.277591	0.259178
0.547031	1.03102
0.300596	1.57791
0.118737	0.872995
-1.1943	-0.897464
0.0222003	-0.730271
0.445658	0.415854
0.530279	1.32302
2.30778	1.42604
0.642537	0.0514746
0.235586	0.806458
0.00706553	0.0846243
-0.492586	-0.591039
0.834831	1.042
4.1905	4.54335
-0.647671	-0.473629
-0.134663	0.220261
1.08129	1.73467
-0.616883	-0.64526
-0.456296	3.29965
-0.448769	-0.677283
0.342982	1.76233
0.255902	-0.465423
0.603404	2.85445
-0.16906	-0.44363
0.183432	0.341963
1.21214	1.98205
0.494735	0.562704
1.62039	0.401592
-0.257604	0.993762
-0.506361	-0.522822
1.3399	3.56794
-0.243116	-0.0757802
0.468822	-0.00997245
-1.15716	-0.93353
0.146854	-0.248889
2.92607	2.62701
-0.14836	0.295166
2.48092	3.83265
0.640372	0.118206
2.4406	2.08262
5.52116	0.723361
-0.472848	0.562301
-0.227609	-0.03048
0.875148	2.33178
3.45843	3.34392
0.687438	1.65866
0.878826	2.31307
0.350157	-0.184488
0.194287	0.21601
0.590369	1.57958
3.31817	1.22766
1.42437	2.25933
-0.857282	-0.722571
0.370016	0.557528
0.273036	0.739583
2.59096	0.369507
0.452546	0.754125
6.59018	2.78582
0.939894	0.237339
-0.100721	1.77114
1.34745	0.446298
1.78904	0.309576
0.264257	1.01697
1.61247	3.77772
0.817994	-0.338011
0.707883	0.999401
-0.799833	-0.446826
0.0584865	0.260011
0.651394	0.754784
-0.29955	-0.929617
1.04325	0.9653
1.45049	0.737073
1.6905	1.07845
1.72639	1.21135
0.981905	0.88775
-0.841973	-0.289805
1.02957	0.521514
6.47557	2.25827
-0.850314	0.445307
-1.31219	-1.35164
1.69877	0.775657
-0.89871	-0.487445
0.865283	3.16371
0.528574	1.1736
3.31531	2.08751
0.217028	-0.360718
1.15991	0.649211
-0.0473541	-0.158374
4.81819	1.7342
0.0738931	-0.55102
0.0116527	0.219898
0.299997	0.920281
-0.496627	-0.159862
-0.380277	-0.293171
1.60618	1.15692
0.498885	-0.212713
0.563961	0.875969
-0.322703	-0.766557
3.16661	4.55088
0.993944	1.16036
1.31	0.37334
4.71937	0.785426
-0.907605	-0.820977
0.0741827	-0.151306
-0.881591	-0.988016
0.324992	0.23236
0.0127709	0.798416
-0.331951	-0.176825
-0.0322658	1.87844
-0.279419	-0.261267
2.94969	1.09951
1.52708	1.06513
0.996536	0.409043
2.52645	2.40776
-1.26554	-0.739951
1.79097	0.922602
0.125865	0.153737
-0.863933	-1.17406
0.0318408	0.681748
1.96182	0.890201
-0.425508	-0.402178
6.47372	0.985875
0.180221	-0.400386
-0.0813645	0.0764763
1.14531	-0.513662
-0.29846	-0.738659
2.3933	1.00083
0.01405	-0.269125
4.72181	-0.207715
-0.264993	-0.960053
0.417204	-0.234331
-0.225351	-0.663982
-0.465665	-0.321772
1.91279	0.724943
1.43282	3.90668
2.18294	1.86226
-1.31557	-1.12874
-0.0459713	0.160109
2.1926	2.01564
1.97003	2.86627
1.03167	2.81746
2.62258	0.801715
1.85891	1.01006
1.41915	1.58718
0.0484097	-0.50566
2.38897	2.59397
0.560949	3.55649
0.00692964	0.143834
0.349244	6.33439
0.776652	1.10785
-0.130916	-0.0623631
1.20361	1.75651
-0.168111	-0.896341
0.684955	1.15483
2.00627	1.29366
-0.266578	0.147561
-0.434654	2.35584
3.77777	5.4716
0.904231	-0.364768
-1.4444	-1.53947
0.623361	0.0126123
-0.859819	-0.576582
-0.1907	-0.61343
0.248333	-0.460492
0.732393	0.342975
0.0902295	-0.512981
1.74954	4.34913
1.70426	2.08676
-1.05171	-0.501363
0.993228	0.587825
-0.344254	0.705642
-0.713419	-0.984634
0.648693	0.625811
0.757964	-0.099144
0.50801	0.621834
-0.7667	-0.136008
0.727483	0.846884
1.05293	0.376277
0.039717	0.247073
-0.638891	-0.208578
2.81463	1.51672
-0.516098	2.82208
3.93459	2.02417
-0.795376	-0.688899
-0.492401	-0.615392
1.17217	0.518763
1.73863	-0.285211
1.48962	0.152804
1.06645	1.15036
0.0732899	3.34474
4.27978	6.04915
-0.859529	-0.88442
0.73771	0.641699
0.77543	1.31832
2.59182	3.78082
-0.0384384	0.544329
3.17937	1.80863
0.0929213	0.286632
-0.57898	1.48885
1.00303	0.903847
0.94213	1.21834
-0.597901	-0.164941
0.222727	1.53172
1.05129	1.27081
1.1118	0.680633
-0.902889	-0.783522
0.920322	0.32329
1.44494	2.99829
-1.16047	-1.34041
1.90036	3.73349
0.0224817	1.41219
-0.6241	-0.450264
-0.139678	-0.692595
-1.12144	-1.42852
2.17945	2.48759
0.245748	-0.248074
0.58375	0.428762
-0.507439	-0.355741
0.271103	1.089
3.57944	3.002
0.0377846	-0.265121
2.03283	0.415875
1.12682	-0.563493
-0.0956035	-0.225703
3.71534	1.85103
-0.601037	-0.857128
-0.498777	-0.498865
0.264075	2.66257
0.121295	2.12686
0.897266	0.666425
0.0752366	-0.374106
1.20428	-0.015803
0.477139	0.309118
0.468705	0.676208
1.04068	1.01011
1.01359	0.550765
-0.619309	-0.58296
1.14533	-0.00483632
-0.414773	0.865864
1.21947	-0.0226575
4.69277	3.14368
-1.46541	-1.37314
0.550203	-0.129417
1.11425	-0.414838
2.82245	4.89815
2.3073	0.751776
0.658288	-0.542722
1.41426	0.605631
0.40897	0.381725
0.377463	0.384588
1.37715	2.4859
0.583349	0.0548577
1.69522	0.839883
3.47517	3.84461
0.562392	1.6567
-0.13658	0.267121
0.0382054	-0.349178
0.939178	0.788021
1.20553	0.879041
1.03106	1.05791
-0.992854	-1.07118
0.13261	0.2226
0.30571	-0.294454
0.812117	0.834141
3.10427	1.47158
3.83188	5.52992
-0.169996	0.291276
1.31678	1.21652
-1.30821	-1.12497
2.3157	1.4874
2.64442	0.803646
1.50922	2.53449
-0.713337	-0.396755
0.582916	0.186902
1.28766	0.851281
-0.142785	0.740055
-0.671384	-0.366221
0.19722	0.10941
0.215647	0.149102
0.240622	0.0975859
-0.0375319	-0.305368
0.222577	0.521834
-1.06755	-0.88836
-0.444835	-0.639296
0.318793	-0.02271
0.898006	0.831136
3.39707	-0.174518
0.91542	2.69289
-0.450258	3.01165
-0.748896	-0.825217
-0.781791	-0.496945
1.44657	0.418755
0.223116	0.0999725
0.341181	0.258397
0.290155	0.202761
-0.937985	-0.81337
0.381323	1.05912
2.96526	2.9226
1.15148	0.757173
1.51773	3.56718
0.0866604	-0.537941
-0.492659	-0.43092
0.85462	1.965
2.11607	0.810766
-0.365575	0.450197
-0.0223774	1.85466
0.399747	0.911021
3.89489	-0.0173289
-0.202823	-0.301633
-0.0341702	0.796361
-1.07731	-0.921928
0.371073	0.0105381
0.218385	-0.218164
-0.173604	-0.209447
-0.817028	-0.493901
0.211726	-0.0844622
-0.637913	-0.447509
-0.308867	1.01503
0.585852	0.51628
4.34312	2.47632
-0.57505	-0.689598
0.436254	-0.396162
1.63873	1.89185
0.150659	0.927815
1.00008	3.69229
2.85918	3.20579
-0.701455	-0.694454
1.27643	-0.753278
0.840905	-0.514842
0.309802	0.559767
-0.127473	-0.665595
-0.118531	0.281194
-0.869366	-1.21964
0.106152	0.377653
0.901188	1.16852
0.531257	1.75485
0.606768	2.40433
-0.443985	-0.531136
1.89359	1.73034
-0.249075	1.53047
1.26289	2.15756
0.239319	-0.191339
-1.12381	-1.19676
1.15741	1.83712
3.36467	1.24933
-0.602713	-0.610558
-0.720069	-0.619239
0.366278	0.253139
2.92538	0.127987
-0.573072	0.551071
-0.443911	-0.423946
2.58214	2.10723
-1.29587	-1.3495
-0.55254	-0.678141
1.22294	1.58954
1.59791	2.13436
-0.197052	-0.306666
-0.513915	-0.375466
-0.382469	-0.151476
0.800251	0.697033
-0.450102	-0.838466
-0.940027	-0.843587
-0.0300556	0.0431383
1.62165	3.3799
0.403247	1.12442
1.06888	0.0535452
1.47601	2.7485
0.855883	3.97839
0.251811	-0.0974292
-0.81606	-0.562239
4.08633	2.10957
0.553329	0.308262
3.9397	0.966064
1.15472	0.630167
0.666794	0.478005
-0.0971979	0.16502
0.307608	0.351918
0.651863	4.50209
-0.888021	-0.65421
-0.141656	-0.217526
0.0141597	1.03732
3.91661	1.95933
-0.310602	-0.498639
2.26403	1.29699
-0.217568	-0.19803
-0.254418	-0.591914
1.41646	2.24878
2.10036	1.28756
5.63031	2.26591
0.311573	2.28419
-0.541562	1.25388
2.57433	0.567344
1.29893	1.43945
2.69641	0.0344133
-1.06011	-0.813437
-0.562573	-0.270973
2.19696	0.8724
-0.409898	0.280365
0.797261	0.526031
1.39143	-0.00766754
0.597471	0.34833
1.46323	0.311649
-0.272918	-0.0249064
0.754782	1.17492
-0.929584	-0.981613
-0.198732	0.239997
-0.125622	-0.678269
-0.722309	-0.93408
0.575887	1.31627
0.298005	-0.0152248
-0.170116	-0.377554
-0.334595	0.20421
-0.641105	-0.482732
2.111	1.44298
-0.096646	-0.167209
0.488278	0.876881
6.29147	1.04227
-0.49342	-0.575311
2.867	0.273118
1.64364	6.81094
0.347865	-0.190797
-0.138133	0.621645
2.29739	2.57573
0.747681	0.405202
-0.114636	0.23191
1.47731	0.0168085
0.130538	-0.3224
-0.863041	-0.785061
2.63112	0.325508
-0.673826	-0.629717
3.6052	1.20937
-0.935571	-1.19924
1.40672	1.65084
-0.413414	-0.458696
0.379006	-0.296909
-0.0457752	-0.463758
1.50155	8.09656
-0.0272852	-0.178382
5.3661	1.16991
3.31355	2.52801
-0.502114	-0.0217092
-0.818299	-0.73868
2.25482	0.777141
-0.676606	-0.582982
0.601679	0.679035
-0.896698	-0.367311
0.75762	-0.122229
-0.845156	-0.227424
0.999005	2.01552
1.3935	3.94916
-0.342737	-0.479364
0.177941	0.302259
-0.413012	0.591704
2.09494	0.068047
-0.225924	3.9336
-0.229442	0.140077
2.19507	1.61314
-0.504339	-0.582182
-0.355858	0.00603914
-0.101015	-0.563245
0.342891	1.13535
0.00668764	-0.141072
2.39874	0.845981
-0.0103307	0.229149
0.836679	-0.480111
2.46963	1.03351
1.07304	1.29894
-0.846552	-0.458848
6.26608	3.56929
-1.23917	-1.25951
1.10036	0.106272
1.60946	1.37181
1.30911	0.766027
-0.0884515	1.05859
-0.626416	-0.179654
0.392299	0.937308
5.28278	1.22672
-0.748149	-0.719219
-1.15117	-1.22566
-0.731468	-0.786331
2.33197	1.87183
-0.0679237	-0.15499
1.19262	-0.129845
1.76668	0.512596
0.269461	2.02201
-0.101341	-0.162634
1.33799	0.729408
-0.448466	0.557734
-0.577306	0.170316
1.77475	0.611607
1.06256	0.176052
0.367407	2.04732
-0.17193	-0.411772
0.673201	1.43452
0.264044	-0.714201
-0.503259	-0.457786
2.1193	1.91507
1.54766	1.62498
-0.012818	0.480449
0.887916	3.23627
-0.208238	-0.108667
-0.812303	-0.845851
-0.172125	2.38801
-0.550052	-0.166124
-0.410287	-0.222631
0.103308	1.23314
-0.877477	-0.76957
-1.49961	-1.17332
1.02006	0.413929
-0.0980693	0.00792146
1.95675	2.23197
0.831234	0.380183
2.53468	1.21642
1.18068	0.621948
0.809696	0.906419
-1.00692	-0.905222
1.44692	2.0609
-0.545011	0.209081
-0.274891	-0.328942
0.738868	2.27185
-0.347169	-0.232925
0.617645	-0.0918287
0.26638	0.0917149
-0.0969523	-0.192676
1.61944	0.238928
-0.0297248	0.509571
3.78659	0.415395
0.640836	0.628163
-0.170835	-0.280234
0.802633	1.83252
0.287309	3.51689
-1.34439	-1.24302
1.14902	1.27813
0.811681	0.867983
0.239356	-0.253233
0.210075	0.489626
0.300305	0.452074
0.0534892	-0.435616
1.42918	1.35828
0.94478	-0.632464
-0.420635	-0.45325
-1.13118	-1.0008
-0.0766504	-0.785062
0.352322	-0.00986278
-1.02531	-1.08996
0.229338	-0.31106
2.15416	2.22568
2.39574	0.330368
0.58189	1.0373
0.32777	0.259057
-1.01336	-1.14445
1.04479	1.15353
-0.0612748	0.716183
3.05104	3.3326
-0.101845	0.0923336
0.0867438	0.177474
0.0694478	0.204633
0.779262	1.31021
1.96792	4.27522
3.42566	3.74107
0.412102	0.139942
-0.678387	-0.724285
1.63017	1.01767
-0.462385	-0.539055
1.16935	1.16402
-0.761275	-0.924412
-0.0957614	-0.0547594
2.59789	1.09345
2.54791	-0.220445
0.472676	1.48785
-0.997317	-0.928268
2.28729	-0.253175
-0.250577	-0.353088
-0.364562	-0.357789
1.48239	-0.259185
-0.3586	-0.760907
-0.13905	-0.676035
-0.0905758	0.867256
-0.282059	-0.396053
-0.16183	-0.147796
0.297863	-0.575334
-0.233879	0.0804126
2.09854	1.13425
1.55473	0.307461
0.959315	3.23906
0.449857	0.514362
1.39873	0.0373769
0.277169	0.083921
0.0681913	0.0220311
0.0622749	0.341457
-0.757679	-1.02462
3.29121	0.812705
0.789363	0.615034
-0.145898	-0.825441
1.33055	4.795
0.29821	-0.634218
1.25218	1.13563
-0.457433	-0.225906
-1.51653	-1.58021
3.52122	0.0551641
0.0366282	1.3952
-0.767228	-0.67408
-0.253192	-0.785087
0.663799	-0.239845
0.651004	0.260586
0.478652	1.91523
0.121938	0.204879
2.18323	0.424374
2.63713	0.159807
0.82956	0.105121
0.550709	2.0217
2.54809	2.16206
0.578121	5.26303
3.33991	0.377283
5.88634	0.665249
0.703354	1.20982
4.36322	4.54041
1.60095	0.838144
0.810043	-0.0789183
1.06308	3.25908
3.33376	2.36111
0.324559	0.0539041
1.01999	1.57738
0.934952	-0.53655
-0.444054	-0.494651
0.50504	0.213201
0.404638	1.71561
3.36483	2.83276
0.430833	1.68104
0.104514	1.80558
-1.00482	-1.12092
0.344313	0.315868
4.88248	3.98396
4.69516	0.794507
0.779895	0.685074
1.13853	1.77547
1.06332	0.214912
-1.23847	-1.21594
-0.15138	1.81539
1.8311	1.15021
2.29354	0.599085
2.82585	2.40112
1.28761	2.75145
1.58933	1.19265
-0.585914	-0.110493
0.429835	0.544448
-0.899889	-0.702965
0.0750089	0.298733
0.484811	-0.369544
1.48632	1.91156
-0.212575	1.12782
-0.395705	1.05444
2.11213	0.547477
1.11275	3.0389
1.19187	0.266846
2.03763	-0.169376
-0.112516	1.00726
-0.766054	-0.629835
2.79155	0.481271
-1.01768	-0.32358
2.80058	1.65993
1.5094	-0.0771934
-0.782632	-0.622711
-0.435233	-0.868125
-0.184862	1.62623
0.62675	-0.00799417
-0.771751	-0.377302
0.341029	4.69145
3.00671	0.154791
-0.952483	-1.11314
-0.0746429	1.15705
0.409507	1.61374
0.299014	0.850465
-1.58787	-1.40393
0.300906	0.856457
-0.480312	0.332848
1.67508	2.79301
0.632257	6.02234
3.53541	3.91165
2.754	1.78625
-0.625172	-0.168021
0.209628	1.24869
2.32334	0.293123
-0.964797	-0.779407
0.480559	0.0144958
0.77444	0.507962
-0.62319	-0.556781
0.109719	0.617543
0.621015	1.11536
-0.185139	-0.900156
1.96121	0.259843
0.231414	-0.0881815
0.0172246	0.0143814
3.31901	4.6714
0.629121	0.0549245
0.261806	-0.315371
-0.158638	0.149152
2.46973	0.710329
1.51852	3.44838
-0.261611	-0.43462
1.66303	0.954739
1.25173	2.67141
2.06265	0.623071
-0.388377	0.562791
1.19826	1.75818
0.183277	0.285712
-0.230406	5.0052
1.75238	0.487878
1.39792	1.05726
-0.112323	-0.849512
0.978415	0.143558
0.0789464	0.846465
0.63827	-0.186888
1.53642	3.43994
0.331548	3.30119
0.978787	1.45426
-0.373232	-0.169481
1.10332	3.96872
-0.362417	-0.23163
6.1907	1.85581
-1.02358	-0.992022
1.15655	0.289576
-0.0684339	-1.10353
-0.0729918	1.1091
3.77322	0.272597
-0.317892	-0.28601
-0.699822	-0.855013
-0.340335	-0.542703
0.560014	0.960852
0.0689733	0.677692
-1.1532	-1.1115
-0.0734764	-0.663621
0.60491	0.594476
-0.0239271	-0.676948
-0.15501	0.304847
-0.951321	-0.705914
1.90206	-0.436249
0.102566	-0.191986
-0.18295	-0.469902
0.371161	-0.0116444
1.41738	0.726945
0.83405	0.73221
0.86484	-0.288394
1.13293	0.675691
3.04519	0.921557
1.50162	6.08664
0.37028	0.768584
2.17115	1.84847
1.62431	0.477985
-0.529643	-0.0767285
1.85061	0.15143
1.29877	1.77842
0.217224	-0.0084883
0.872252	1.63429
2.70446	0.608448
0.587927	0.192579
0.743575	0.159853
-0.0213546	-0.503399
-0.370878	0.313033
-0.219992	-0.33881
-0.353313	-0.42134
-0.411015	-0.669185
-0.249181	0.492067
3.66633	0.0652575
-0.23492	1.38599
3.76546	2.16767
3.02782	1.65245
0.0140095	0.072521
-1.19606	-0.847181
1.65573	3.68842
-1.3024	-1.2278
-0.234431	0.261006
1.29315	1.66028
-0.0245208	0.861654
0.283704	-0.158252
0.0945413	0.559138
-1.44143	-1.06624
-1.07	-0.866857
0.547304	0.519712
0.0831175	-0.208084
-0.686409	0.0159085
0.316505	0.288013
-0.710088	-0.871065
1.11645	-0.221662
-1.14823	-0.867324
-0.192894	-0.591697
2.72636	0.814708
0.0260711	-0.205525
1.96935	1.93619
1.82218	0.531309
1.44227	0.798544
-0.652952	-0.315423
-0.118636	1.60094
0.869666	0.12309
-1.27515	-0.977081
0.354952	0.376273
5.15356	0.555198
-0.502246	-0.586675
4.00209	0.804677
0.528647	-0.253581
2.16413	2.82377
2.30775	2.99219
2.46595	0.715458
-0.90229	-0.647852
1.26443	2.11113
0.97417	0.743169
2.81615	1.77783
-0.798444	-0.276342
0.857739	-0.133357
1.03756	0.744963
0.739	0.356714
0.516514	1.56837
2.06779	1.46559
0.110607	-0.47852
0.672009	0.190512
0.105836	6.09795
2.74211	2.67492
-0.267466	0.0440276
0.127029	0.363448
0.375192	-0.280397
1.78723	1.04768
0.18381	-0.240455
0.790424	3.11839
-0.0059098	0.07689
1.39689	0.154679
-0.356146	0.107944
1.81345	3.13595
1.69939	1.82543
-0.534805	-0.662197
-0.596123	-0.548958
-0.950605	-0.853738
1.45355	1.18144
0.574578	1.47959
-0.557266	0.167794
-0.645249	-0.557298
0.0703442	-0.0873339
1.09715	1.15013
-0.552902	0.0845969
-0.20381	0.220391
0.484544	4.31892
-0.726343	-0.715662
1.87645	0.775529
0.166711	1.78867
-0.0271231	3.07201
-0.884991	-0.499444
1.29767	1.45446
-0.317975	-0.107245
0.268164	0.278147
0.610611	1.08184
-0.113271	0.423088
-0.906891	-0.841625
-0.0285482	0.150963
1.00887	0.320473
-0.694492	-0.674868
0.600381	-0.345924
-0.0645679	-0.537416
1.32553	0.306116
1.508	1.8948
0.973102	0.984855
-1.25406	-1.25954
0.974635	0.0569928
-0.205579	0.396012
1.42	3.54135
0.0519133	7.49736
0.124148	-0.0355017
0.706408	0.380006
0.10181	0.0507879
1.15929	1.95404
-0.686539	-0.541116
-0.99133	-0.683902
-0.636794	-0.553184
0.218902	1.06497
2.69278	0.575237
0.0402653	1.83065
2.52325	3.02467
-0.809622	0.389018
-0.760471	-0.382724
3.75139	0.829962
2.72393	1.09148
-0.625137	-0.837043
4.33641	3.04175
2.5517	0.0234365
0.807818	1.2619
1.20177	0.411314
-0.280652	0.26971
0.707974	-0.128344
0.34357	0.0636876
0.7014	-0.0639373
1.64465	2.90905
0.0438082	-0.0765121
1.55383	2.93322
1.34736	1.21546
4.19666	2.30916
-0.0479865	0.522685
0.265195	0.448593
-0.563657	-0.906806
1.30664	0.278318
-0.851343	-0.838616
1.53181	8.03475
0.821922	0.186402
-0.0719196	-0.307356
1.23181	1.77382
3.70467	0.780441
0.556967	2.08963
-0.4156	1.34071
1.58346	0.970045
0.488983	0.557562
-0.778289	-0.605267
-0.366718	-0.701733
0.755168	3.0006
-0.801828	-0.865491
-0.498373	-0.378813
1.51069	0.117909
3.46255	2.34149
-0.730373	-0.988985
1.1331	0.443406
0.985368	1.17336
-0.566576	-0.195996
0.353576	0.405548
-0.0112081	-0.106831
1.77173	2.15204
3.57498	3.85554
0.853381	-0.0169033
-0.521064	-0.710474
0.369705	-0.263363
0.642828	0.201389
-0.378049	-0.73985
-0.0982183	2.42373
0.577493	0.667816
0.767556	0.92096
-0.300153	0.126498
0.337578	0.306188
-0.266738	-0.49572
1.53016	4.74659
-0.919623	-0.296905
-0.884323	-0.789469
0.47714	0.587487
3.54743	0.657673
0.329986	2.45946
1.74967	1.41509
-0.344681	-0.647489
0.950307	-0.401654
1.40825	-0.214363
2.41328	1.47709
0.626181	0.787859
-0.289406	1.59335
3.47845	3.33668
2.02241	1.61019
2.61018	4.89025
7.22611	2.01041
0.0172138	-0.165387
0.50292	4.1865
0.429932	1.13263
0.258014	-0.638783
0.177374	-0.198473
-1.04979	-1.09701
-1.25991	-1.38989
1.78856	2.20286
0.942221	0.72803
1.75407	1.39318
0.594981	0.570722
0.098052	1.8082
0.269011	-0.331677
0.944428	0.258347
-0.893672	-1.24741
-0.698584	-0.746475
-0.695489	-0.824354
0.140162	-0.371906
-0.25382	-0.938287
0.589435	0.863792
1.47704	0.288718
0.157328	0.135655
-0.359778	-0.404352
-0.203142	-0.169898
0.297114	-0.330002
-0.448442	-0.760033
3.33205	0.949156
-0.271176	-1.01894
0.218582	-0.403186
1.30566	0.657207
3.58995	3.29146
-0.298945	0.353137
4.21331	2.26467
0.377367	0.549078
3.47756	1.30443
-1.15336	-1.39154
1.28958	2.38069
0.541588	0.86723
1.21951	1.08151
0.803068	3.33383
-0.0997233	0.0477874
-0.556115	-0.00851452
-0.867633	-0.362449
0.525942	0.672034
-0.410494	-0.635415
0.285772	0.456225
0.20231	-0.458485
0.385412	1.51911
2.29686	1.08868
-1.1413	-1.11172
-0.0067395	0.0417399
-0.819312	-0.923703
1.40076	1.71959
2.31511	3.47007
0.659789	2.01773
-0.0155568	0.876282
-0.212243	0.181328
-0.361782	-0.205067
0.180434	0.248888
0.904614	0.536171
0.366122	0.309148
0.713346	0.313591
-0.46092	-0.819761
0.786003	-0.0430632
-0.0871402	2.79817
1.91077	0.653359
-1.04974	-0.402881
-0.90808	-0.899786
-0.367488	-0.43272
0.0447905	-0.599078
-0.93939	-0.72286
0.235895	-0.51425
-0.885732	-0.478617
1.29202	1.1627
-1.29249	-1.41029
0.861522	2.37008
-0.750992	-0.9433
1.4378	2.96843
-0.730355	-0.374882
0.522842	0.694003
0.712377	2.12268
0.351537	0.195057
0.74909	2.24373
1.00979	0.203437
-0.107036	0.547431
1.12736	0.00235915
-0.59172	0.635434
1.1979	1.26213
-1.02533	-0.593773
0.680825	4.72166
0.38942	0.238866
1.69623	2.59437
-2.08901	-1.4923
0.102109	0.594128
0.693272	0.299789
0.187498	0.518879
0.167804	1.08196
1.28798	1.17097
-0.715444	-0.722685
0.519928	-0.0213605
1.32681	0.273108
1.40523	0.091176
2.69936	2.02451
0.0309718	0.698731
-1.36279	-1.28666
1.13303	-0.0771606
0.587575	0.291827
0.383912	1.1233
0.902348	1.11122
0.21755	0.19273
-0.339241	0.229717
1.62868	0.557501
1.18602	2.46338
0.281655	1.02531
1.33374	1.18114
1.30783	1.23659
3.07089	0.313228
0.829508	0.686457
2.02756	3.00989
-0.60645	-0.615618
0.0414026	-0.419556
1.36896	0.143232
-0.629944	-0.733764
-0.533149	-0.683933
-0.594332	-0.419655
1.45497	4.97893
0.0359714	-0.258345
-0.513945	-0.563964
-0.729294	-0.602977
-0.450551	0.0149632
2.46865	2.14939
1.39122	1.45572
4.84312	0.898435
-0.852547	-0.95149
-0.723703	-0.662212
4.96667	-0.507212
1.94185	1.8515
-0.89856	-0.0362378
0.86037	2.09962
-0.112651	1.17566
1.57447	0.0699675
2.68037	1.91714
2.17084	2.38525
-0.311825	-0.46945
0.0429666	2.58137
0.747249	0.754199
0.67655	1.46698
-0.675229	-0.55002
2.69966	0.597706
-0.192365	-0.650884
2.39228	1.87949
1.37545	1.69974
-0.378674	-0.385473
5.89897	1.17633
3.29804	0.955033
1.57408	5.50736
4.07748	1.63059
6.23959	-0.170186
0.122262	-0.158933
1.64584	0.20436
3.90847	3.00038
0.00242352	-0.528293
1.01141	0.798463
-1.20661	-1.11214
0.486598	0.430416
-1.6878	-1.4058
-0.0225669	0.127279
0.599747	1.966
4.01625	0.0608599
5.22207	2.2906
0.894859	1.74262
0.993544	0.483637
2.43454	4.04698
-0.885428	-0.529885
-0.24202	0.360073
0.929955	1.8117
-0.124971	-0.169587
1.93811	0.49822
1.73381	0.908741
-0.580707	-0.962
-0.98473	-0.764689
1.66556	2.49652
1.49153	1.61177
0.55096	0.192626
-0.381814	-0.50592
-0.810964	-0.636117
0.126721	-0.517473
2.60783	1.12433
-1.01264	-1.18419
0.566609	-0.142277
-0.806209	-0.930712
-0.174087	-0.0943542
0.481322	-0.649323
1.82153	0.929081
0.15051	2.98172
-0.710111	-0.762175
1.06108	0.699748
-0.241682	0.864187
5.65665	1.93716
-0.466471	-0.642555
-0.441391	0.560374
-0.117577	-0.666076
4.14464	1.09479
-0.486729	-0.477895
0.445056	-0.121977
-0.563968	-1.13406
3.52493	3.41586
-0.161638	-0.242362
-0.911433	-1.43702
0.243932	1.55006
1.34419	4.33128
0.644131	0.852739
2.01169	0.238675
-1.29908	-0.914987
0.462593	0.229169
-0.663643	0.360078
0.207902	0.542934
-1.76067	-1.32886
-1.01391	-1.01265
0.539956	0.844311
-0.29637	-0.155417
-0.64185	-0.0017494
2.89994	0.592238
-1.05329	-0.903916
-0.201645	0.238814
-1.24288	-1.34007
-0.568308	-0.976058
0.17855	-0.0290626
3.35383	2.10782
-0.134995	-0.206072
2.296	1.28633
0.303632	0.251062
-0.0511068	-0.869914
-0.68805	0.074755
2.61912	2.7107
0.450966	3.46181
1.49973	-0.19806
2.77375	3.44223
-0.301396	-0.557041
0.175954	1.02246
-0.561062	1.10344
-0.679091	0.136088
-1.03027	-0.92361
2.59541	2.79924
1.27579	1.02391
1.02457	0.46998
2.68407	2.09503
-0.276886	0.0389755
0.92612	0.454538
-0.188341	0.0541615
-1.08138	-1.18954
-0.71447	1.28004
0.106654	-0.38784
-0.585311	-0.584133
0.274928	0.71956
1.35944	2.28122
0.636296	1.31791
-0.328286	-0.528092
0.541201	1.9634
1.321	0.717342
-0.521794	-1.03817
-0.26114	-0.183609
-0.00325322	-1.02815
-0.116967	2.75061
1.40942	1.05492
0.56856	-0.427975
3.86206	1.62853
0.490633	0.399798
-0.865951	-0.715567
2.02674	0.579778
-0.0599563	0.350487
1.72936	3.11729
-1.20207	-1.15769
0.789768	0.719765
0.0135672	-0.0780118
-0.189044	3.87494
3.03308	1.75199
1.38471	1.69001
-0.440387	-0.0898904
4.66157	0.906228
2.78765	0.505111
3.50698	2.25612
0.0531137	0.986341
0.34743	0.607544
1.49963	2.06368
-1.08497	-1.16517
-0.488506	-0.345578
2.02299	1.93365
-0.539457	0.696205
0.00299215	0.26932
-0.326145	-0.45998
-0.432752	-0.84056
2.32807	0.263975
-0.763305	-0.596206
0.676219	1.22058
0.101647	-0.24918
0.308214	-0.315115
5.10291	0.724987
-1.20653	-0.879145
1.52463	0.284121
0.695654	0.947244
0.270302	0.828435
-0.626014	-0.00121117
0.49282	1.21859
-0.738051	-0.704262
-0.730479	-0.224059
-0.520591	0.386152
-0.280603	0.352132
2.97838	0.413386
0.40645	-0.0503951
-1.01341	-0.280066
2.61725	4.41962
0.392061	-0.0785458
-1.31982	-1.46561
0.81588	-0.0444371
-1.33627	-1.04285
0.763141	0.0325334
0.516896	1.26068
-0.521018	-0.507389
1.79749	0.848598
-0.146724	-0.0658947
0.15491	0.11142
-0.506427	-0.360258
-0.0333953	-0.599191
1.69281	0.439327
0.322345	0.916549
0.220286	-0.358456
0.960768	3.13382
-0.961843	-1.21045
0.424801	0.310916
4.91894	1.22255
-0.265378	1.42361
-0.0856751	2.42717
2.19105	2.77387
2.08858	2.47528
1.63083	0.914783
5.07114	1.4448
5.22282	3.15704
0.835086	1.77732
0.693482	0.296705
0.422142	3.51391
3.18114	0.886006
-0.463225	-0.440603
-0.15456	-0.293166
0.708623	0.0622022
1.22687	2.54227
-0.272568	-0.329874
0.525486	1.14233
0.501885	0.0549459
1.57944	1.15985
-0.782728	-0.558737
0.748881	3.02464
0.331366	-0.0580007
-0.878345	-0.956572
-0.385289	-0.880103
0.961382	1.65213
-0.550163	-0.369553
0.0546467	1.27682
2.25167	0.773488
-0.719624	-0.637451
0.162807	0.690295
4.1486	1.22905
0.463606	-0.330632
-0.150201	1.22377
0.837708	3.97632
2.03454	0.751349
1.67691	0.173062
-0.629069	0.392426
-0.907459	-0.895493
-0.945141	-0.793948
-0.783214	-0.729145
-0.908673	-1.05751
0.314157	0.240037
2.37751	0.937656
0.126026	-0.528322
4.75118	0.610635
-1.41727	-1.37305
3.10153	1.68367
-0.517944	-0.507443
0.188898	0.41962
1.538	0.074203
-0.187168	0.146514
-0.116904	-0.0492394
0.263464	0.322868
-0.347802	-0.104874
2.54439	0.314693
-0.166231	-0.16702
-0.717278	-1.02681
6.12446	2.51492
0.0294125	1.32158
0.667202	1.18381
-1.23254	-1.31979
-1.09878	-0.721405
-0.0901258	-0.743529
1.86494	1.00338
-0.467585	-0.774893
-0.0995934	-0.358036
0.469348	2.83197
0.99743	0.644063
0.020473	3.6184
-1.25467	-1.36814
-0.687088	-0.1946
-0.74634	-0.0235188
-0.053584	0.0411594
-0.164936	1.25278
1.46868	1.57254
3.10514	5.59682
4.80782	3.47443
-0.77331	-1.08128
1.12157	0.578324
-1.3824	-1.28846
0.653278	2.05562
2.31506	0.411723
-0.437326	0.648874
-0.824031	-0.505066
0.242995	0.9667
-0.401794	0.198697
0.392911	0.198734
-0.262761	0.963035
0.232092	0.350313
1.406	0.821058
0.556983	0.708163
-0.255528	1.08047
3.00152	1.04285
-0.289998	1.68875
1.88813	2.43114
0.350432	0.465107
-1.19382	-1.07868
0.0505424	0.0728154
0.524766	1.88529
0.207262	0.199744
1.92192	4.1984
-0.171181	-0.475197
3.38663	1.4162
0.362335	1.231
-0.302127	-0.395659
0.074141	0.080421
-0.439906	0.0600338
2.40713	0.295496
-0.647411	-0.552793
-0.408451	-0.979863
1.44665	2.92582
1.57562	0.699044
1.42365	0.863061
4.11601	1.05996
1.85628	2.92869
0.96115	1.63618
-0.603461	-0.264462
1.36007	1.82112
-0.210999	-0.0672406
-0.179371	-0.615847
1.58213	1.61218
4.66207	0.451636
4.26851	-0.731464
-0.47439	0.649308
-0.348086	-0.706878
2.6784	0.714787
0.285077	0.973773
1.90741	0.931121
0.306659	0.369292
3.10552	1.5796
1.75002	0.885122
-1.28117	-1.32053
0.495104	5.04195
-0.212909	0.0483692
-1.14217	-1.13499
0.0703061	-0.649421
-0.0665593	-0.218943
-1.33941	-1.34775
0.820755	0.623666
0.188062	0.0675952
0.278388	4.01372
0.838139	-0.404312
-0.884761	-0.273535
-0.106956	-0.22281
-0.0776774	1.157
1.36885	1.05325
2.50774	2.15934
1.13375	0.805053
0.617915	0.449821
-0.390729	-0.62518
1.22043	1.87559
1.819	0.122699
0.279958	0.255109
-0.430235	-0.264066
1.09212	1.02323
1.64909	5.18891
1.17685	0.40676
0.472536	-0.0309253
0.019002	1.84347
2.42118	3.10698
0.155005	-0.262668
0.142773	1.48201
-0.190485	-0.711228
1.98131	0.417333
0.443811	0.577494
0.109271	0.344023
3.55493	0.764529
1.09793	0.829345
4.0866	0.0608301
-0.68467	-0.642591
-0.12497	0.166444
-0.571689	0.173563
0.995848	0.033741
1.63234	0.18387
-1.16133	-0.931422
1.25446	1.62938
0.243192	1.35532
1.73272	0.451624
-0.899026	-1.17115
-1.23914	-1.30679
3.3036	0.664246
2.87336	1.1883
-0.266066	-0.821753
-0.519215	-0.315596
1.48877	0.338906
-1.23203	-1.29604
1.48445	0.377406
0.458784	0.821826
0.219939	0.0483501
-1.24789	-1.41646
1.49568	0.89347
2.84214	0.767069
0.0670397	2.93365
-0.735512	-1.28263
-0.805842	-0.74674
-0.447123	-0.664292
0.919698	1.0978
1.80851	0.602119
-0.787637	-1.04093
0.397048	2.10223
0.0890863	-0.291784
0.416431	-0.565134
0.168209	1.68179
0.383261	0.274135
1.41505	3.55898
-0.139151	-0.871877
1.04319	0.846088
1.34342	0.765842
-0.676218	-0.735013
3.48516	2.72262
0.119314	0.407666
5.79594	3.20449
0.873268	-0.534237
0.796828	-0.145887
0.544609	0.587512
2.02501	2.43232
0.842659	0.226464
2.71468	3.39348
0.00327349	0.00926495
-1.14364	-1.33109
-1.37419	-1.35527
-0.255141	1.91778
-0.296425	-0.617905
0.369761	1.0261
1.47288	3.7609
0.877119	1.11501
1.69829	0.92875
-1.09639	-1.00868
1.84477	1.866
5.26241	2.03785
1.66582	0.175885
4.2728	0.212287
-0.233471	0.21554
1.03568	2.50576
0.727408	0.676131
1.16777	5.38316
-0.459372	0.416477
-0.12678	0.218177
1.36394	1.79613
0.169704	0.508615
0.698913	3.6124
1.78574	0.101281
-0.251128	0.142469
-0.661265	-0.423415
-0.27348	-0.965999
1.3621	1.52948
1.86532	0.274873
1.89103	0.4382
-0.917621	-1.02171
1.24884	0.595117
0.396643	0.80792
0.179684	2.00401
-0.183152	0.467869
1.37216	0.638299
2.03298	0.828573
2.76676	3.3328
-1.22009	-1.28672
0.581845	3.32456
-0.914789	-1.07548
-0.274602	-0.397089
-1.01786	-0.909976
0.283777	-0.351843
-0.190613	-0.662096
-0.266573	-0.0467944
-0.256253	-0.119359
0.732639	0.408058
0.546741	0.0830698
0.777777	1.46119
1.02519	3.22433
0.636251	0.775003
-0.467468	-1.00817
3.94307	1.4218
0.15012	1.15839
-0.254617	3.70127
0.115569	2.01489
2.97989	1.65824
-0.223256	0.105369
4.57042	3.47693
1.25471	0.492896
1.82043	0.133333
0.723712	1.74516
-0.567869	-0.0764799
-0.0181794	-0.677707
4.75402	0.246655
1.87597	1.3504
1.68189	0.507869
1.18708	1.06501
1.6474	0.885632
-0.714924	-0.718643
-0.280979	2.10685
0.0526881	0.870574
-0.840136	-0.819651
2.22138	2.25383
-0.908347	-0.820647
2.9535	1.24936
1.81583	1.53518
1.07402	-0.159389
-0.8053	-0.534555
-0.720374	0.0105762
0.557367	-0.0183898
-0.87979	-0.349376
-1.13713	-0.67143
0.711727	1.23907
-0.405934	2.34044
-1.25493	-1.06149
-0.41204	-0.152798
0.521836	-0.349695
-0.534559	-0.828717
0.153261	-0.422714
3.13286	0.476937
3.41344	1.13679
5.22099	1.8192
-1.64556	-1.31642
0.331867	3.17101
2.99987	0.704292
2.42465	4.82109
1.47373	1.01768
-0.30503	-0.390712
0.855302	0.281088
0.135188	-0.247783
3.98235	1.71842
1.53759	2.14681
-0.0858372	-0.426154
0.833606	0.943749
-0.208848	0.300626
0.882733	2.37399
-0.0783849	2.85496
-0.460455	-0.787533
2.54646	0.327638
1.8751	6.5976
-0.0991297	-0.225651
0.30092	-0.592051
-0.14829	0.197704
-1.15303	-1.10593
0.635097	0.734918
3.76346	0.248845
0.0352466	1.04672
3.34688	4.61226
0.605668	1.51535
1.44608	0.418217
1.67651	0.804659
1.07273	1.0397
-0.641173	-0.7946
1.23791	1.02455
-0.152897	-0.124618
0.897632	6.32414
-0.641832	-0.0659794
-1.15523	-1.28186
2.72169	1.0037
0.345609	-0.286797
-0.448311	0.42818
0.988357	-0.306582
-0.930948	-1.15144
2.14712	1.80905
0.180626	1.04014
1.84258	1.28494
-0.322731	0.343302
2.76187	3.77066
-0.0760347	-0.463229
-0.535199	-0.809748
0.763468	0.584344
2.68489	2.57174
-0.650011	-0.881884
-1.17995	-0.54882
0.141059	0.456748
-1.69181	-1.28454
-0.101154	0.642016
0.13625	0.201325
-1.47327	-1.53102
0.573151	0.374098
-0.535883	-0.853129
0.397235	0.738102
-0.299823	-0.183515
-0.668848	-0.655601
1.00794	0.88164
1.21205	1.73213
-0.733173	-0.705087
1.29787	0.248771
-0.246038	-0.68413
0.34084	0.604483
0.274606	2.08394
-0.921351	-1.32066
-0.70806	-0.786434
1.77057	0.430744
1.06105	1.51978
3.7055	-0.188888
-0.693658	1.00131
-0.371984	-0.866264
0.786355	0.735307
-0.247956	-0.517555
0.543108	1.03389
0.0235188	0.0876546
-0.197001	-0.378058
0.576255	5.81077
1.37843	0.108536
-0.384803	-0.18191
0.0309384	1.02887
-0.861532	-0.82115
1.84951	1.51058
0.813172	1.18868
-0.420632	1.39951
-0.433963	-0.562256
-0.462912	0.06549
0.222774	1.12105
1.21418	0.32104
1.25529	2.16009
-0.310971	1.64377
1.50173	0.124964
0.560615	0.600678
0.896884	0.332303
0.430776	3.3185
2.05302	0.869995
-0.481462	-0.558392
3.30261	0.590369
0.910901	1.99959
-0.241294	1.32272
0.498737	3.08971
2.3228	1.20639
0.144346	-0.258049
0.790209	-0.112463
-0.595092	-0.537767
-1.16113	-0.851094
3.06035	1.15624
2.97295	2.19799
1.43252	0.212723
-0.305728	1.30394
0.832078	-0.0100207
0.752925	-0.285485
0.440615	0.630414
-0.338523	-0.314013
-0.719283	-0.713814
-1.03037	-1.30828
-1.33502	-1.29498
-0.212939	-0.0752926
2.73475	1.73559
-0.609981	0.084821
0.123816	0.401129
0.197237	-0.00263035
0.666772	1.22677
2.75532	0.743963
0.252764	0.156454
2.01296	4.41697
-0.747223	-0.848457
1.2364	-0.0710553
1.01485	2.02074
-1.24291	-0.84716
0.378401	-0.122253
0.792452	0.690585
-0.623475	-0.191649
0.525917	1.78617
1.44535	1.63901
-1.00749	-1.17175
-0.304416	-0.139176
0.406339	1.2262
0.38807	0.186853
-0.44156	-0.0463885
1.73805	1.36175
1.68776	0.591029
1.50822	1.57568
0.365978	1.08102
0.238994	0.927669
-0.0134146	-0.0695014
-0.426483	-0.369368
0.0231159	-0.417317
1.50875	2.26024
0.867901	1.00605
3.33214	0.147688
0.197587	0.862707
3.10286	0.614209
-0.362691	0.225576
1.82079	6.18848
-0.0439692	0.415196
0.092473	0.0128973
-0.457449	-0.305959
-0.299344	-0.5316
-0.0449443	0.428728
1.2848	1.43155
4.06221	2.92866
0.885304	0.426627
-0.228876	1.0443
2.16737	2.29354
5.51129	2.15578
0.352451	2.93532
-0.683189	-0.836906
-0.0659114	-0.268853
0.287626	0.437591
0.10177	-0.338052
-0.313886	-0.918273
2.97867	1.39726
-0.658349	-0.298578
0.226682	1.68167
-0.722856	-0.840276
-0.659186	-0.374801
2.23669	-0.324767
0.0258327	0.818306
0.437453	0.682585
1.43653	1.57063
-0.152028	0.202016
-0.313243	3.24697
0.83154	3.50104
0.528264	-0.30091
-1.06885	-0.912911
0.904363	0.626863
0.256608	3.66855
0.521609	0.445031
-0.0598335	-0.667629
-0.0640571	-0.394703
-0.722309	-1.07239
-0.022943	-0.0497514
2.50839	2.66266
0.288078	1.33299
-0.201033	-0.446314
3.76621	1.44497
1.09565	1.21207
0.431114	1.13345
0.47775	1.05104
1.54713	1.36526
0.493463	-0.197444
-0.34166	0.360674
-0.603631	-0.355881
3.45989	3.58058
-0.316373	-0.65359
-0.16949	-0.568693
0.713644	0.640651
0.914644	1.05727
-0.677754	-0.440409
0.148002	0.714241
1.7305	3.40971
0.496572	-0.535097
3.65777	2.43907
-0.448576	-0.540357
1.97271	0.910689
1.60277	1.58481
-1.24035	-1.30576
-0.547675	-0.556142
0.6845	1.43046
0.431148	0.716525
-0.209998	-0.0401253
1.78384	2.14616
0.733738	0.99697
-1.01385	-1.15279
2.2671	1.91635
-0.191382	-0.0476903
-0.973927	-0.893232
1.8571	0.0581002
-0.729697	-0.754598
-0.104959	-0.120227
0.731692	2.48443
1.28746	1.84521
0.860815	0.349612
2.52555	1.28271
0.419812	1.30485
0.0841606	0.000395775
-0.353181	-0.589512
2.02284	-0.737575
4.13329	2.68918
1.12126	0.962143
-0.303102	-0.5077
2.06861	0.628554
0.901824	0.632651
0.191946	0.230274
0.324988	1.00122
0.277747	1.6521
-0.489923	0.676839
-0.0467294	1.65529
1.42405	0.894593
-0.180961	-0.0571334
0.666566	0.591959
4.03435	4.12239
1.25701	0.484039
0.0756133	-0.228524
-0.590073	-0.699164
0.136738	0.957714
1.23172	1.10135
-0.914464	-0.865148
-0.300112	0.160064
-0.321897	0.164657
1.73325	0.571361
-0.960739	-0.682822
-0.156543	1.71905
1.01597	0.694408
4.61999	3.8978
-1.0512	-1.04638
0.0996864	0.328736
-0.00111938	0.338836
0.791389	0.0870931
-0.221853	0.0617325
0.395246	1.20355
4.13348	1.07409
2.93646	1.77638
-0.897983	-0.783489
-0.116495	1.37384
1.58545	0.292143
0.97594	0.48069
0.40254	1.25454
0.91666	0.850359
3.68292	2.1978
-0.204417	1.7203
4.43136	0.954884
-0.0704175	0.148152
1.48906	0.349758
1.35617	-0.122739
-0.713904	-0.652427
0.824016	1.46017
1.04765	0.260479
-0.34994	-0.756854
-0.858859	-0.712004
-0.390394	-0.411575
-0.000370145	-0.0127763
1.28281	3.60462
-0.357789	-0.433069
-0.626876	0.097512
-0.801681	-0.784571
-0.183828	-0.47891
0.588903	2.03263
-0.784805	-0.349274
0.0428391	2.16284
1.96055	4.61851
1.10729	1.33041
-0.824328	-0.927141
4.48833	0.779152
-1.00925	-0.901029
8.16599	4.9158
3.29056	0.455483
0.0796497	0.338417
0.481908	1.61933
2.6992	1.04933
-1.30477	-1.00783
-0.230427	-0.268984
-0.518693	-0.4737
0.808103	-0.0362235
-0.516936	0.141268
0.245394	1.1313
0.975653	-0.0527138
1.68551	1.01227
-0.427961	0.804704
2.98005	0.257965
-0.413297	-0.651996
0.682962	1.06035
-0.186687	0.195512
-0.732505	-0.392671
4.50118	0.389394
-0.607454	-0.179763
0.7212	0.421894
0.902309	0.877923
-0.24031	-0.75039
0.0866091	1.46573
0.378217	2.30014
-0.558196	-0.399069
2.54272	1.50724
-1.43972	-1.69591
0.0909626	0.424265
0.0763416	0.0910056
1.08182	-0.203373
-0.332768	-0.487006
-1.45858	-1.41018
2.02952	4.9541
-0.977382	-1.14384
0.0332963	-0.575195
1.40301	0.850254
-0.0555372	-0.232831
1.63103	2.91312
-0.572023	-0.556509
-1.18983	-1.1925
-0.374367	-0.44322
2.62599	-0.100955
0.465784	0.730947
-0.782228	-0.91341
-1.24453	-1.33104
-0.214818	0.126709
2.28347	1.3857
-0.786885	-1.27971
-0.683528	-0.634217
4.68801	1.17673
0.437548	0.729965
2.64911	1.95113
0.236671	-0.0277418
3.19162	4.24817
1.40495	1.5529
-0.4291	0.038271
1.35106	-0.102428
-0.820915	-0.978768
0.599082	2.93164
-0.482206	-0.870438
-0.359536	0.222765
-0.445576	-0.509216
0.381486	-0.695987
1.13956	0.407265
-0.579824	-0.447288
-0.507301	-0.021854
0.693603	0.282099
1.35732	1.84866
1.42507	1.48124
-1.40728	-1.49797
-0.467645	-0.835785
-0.685651	0.402164
-0.111196	0.577831
-0.294876	-0.0393736
1.55231	1.49517
-0.288823	1.10518
0.647063	0.887972
1.95544	5.5073
-0.384609	-0.601174
0.0565743	-0.241687
-0.22032	0.281951
2.10279	4.61125
3.51727	0.83263
3.45194	3.55217
0.787181	0.97283
-0.179108	0.557582
0.526932	0.150375
-1.13144	-0.850073
2.96689	0.254415
-0.0529748	0.756423
0.228704	0.298914
0.869585	2.55847
-0.595394	-0.361354
-0.733764	1.34291
0.894594	1.09604
-0.213346	-0.137342
-0.15869	-0.121052
-0.996985	-0.837923
2.069	3.65636
-0.293283	-0.941736
-0.802085	-0.620152
-1.34797	-1.32488
0.544279	1.15837
0.76607	1.31927
0.245023	0.135634
0.5063	2.94532
-0.763862	-0.339068
1.05138	2.55833
-1.27983	-1.25899
1.32448	1.44365
-0.767419	-0.794299
-0.267279	0.107783
2.39345	-0.0289482
0.0510943	0.704854
1.39494	0.912874
0.4256	1.63647
0.301718	1.50145
0.679456	1.58032
0.610497	1.35908
0.889375	0.176457
-0.357599	-0.115815
-0.65178	1.27573
0.426705	1.1584
1.33483	1.78603
-0.897704	-0.621811
-0.333991	-0.673362
0.973229	-0.0117356
-0.963737	-1.19546
0.960608	5.00545
0.226222	-0.634396
-0.216312	-0.0139165
0.233861	0.353785
1.90661	1.13724
0.009619	0.278764
0.054208	0.314653
0.791954	1.59842
-1.06691	-1.19293
-0.434395	-0.0383103
1.8721	1.20089
0.986954	2.21102
0.21681	2.0378
1.36822	0.63404
0.61355	-0.0206929
-0.936927	-1.10086
0.5598	1.50388
-0.0118417	0.299234
-0.0378114	-0.513372
0.725553	4.19799
0.0738657	0.226712
3.24928	0.502107
0.550655	0.429953
0.556858	0.0262487
-0.933955	-0.528385
0.0807536	0.707208
3.25054	1.3222
1.5955	2.10405
2.01939	2.12285
0.549209	-0.494728
1.55815	0.00914812
-0.282317	0.585196
0.534065	0.775019
0.69218	2.29645
2.38578	2.62139
1.30556	0.244627
0.206444	0.518283
3.43427	2.80084
0.66676	0.199575
5.80502	0.391052
-0.538356	-0.00342309
2.87069	0.840057
0.299621	-0.0930363
3.12934	2.77348
3.4768	1.15802
0.356996	0.743002
0.335546	0.914732
-0.435444	-0.0717443
-0.0174671	1.28416
0.0820875	0.632474
0.0223517	-0.0999516
1.53345	1.89747
-0.060631	0.155042
0.170182	-0.157473
-0.715298	-0.54949
0.240617	0.367305
0.250086	1.47214
-1.0048	-0.992315
-0.312182	-0.877082
0.293087	0.388408
0.30214	0.168301
0.42706	0.919695
-1.02359	-0.596852
2.50044	1.01628
0.400352	0.718921
2.1512	0.590775
0.212921	-0.708089
2.39815	0.933748
2.66834	0.383546
3.49331	1.60432
5.22494	4.04526
1.24396	2.50282
-0.539562	0.0782704
1.04717	1.08729
3.72983	0.756058
0.174763	-0.0797737
1.86751	0.159736
0.705231	1.01442
3.6049	1.72699
0.473145	0.479258
0.250562	0.653865
2.06318	2.46528
1.6241	0.701509
-0.564448	-0.281477
-0.325701	-0.650953
-0.286385	2.46058
-0.666132	0.779561
0.443907	0.244322
-0.216873	-0.121536
0.0488138	0.712895
-0.375133	-0.41829
0.282696	1.02081
0.436826	1.06957
-0.38451	-0.338777
1.3726	1.26681
2.39144	1.52827
0.712618	1.15757
0.705285	1.57182
-0.0815421	0.14673
-0.236076	0.791816
1.22775	6.08145
0.153561	-0.495695
-0.343874	-0.683329
-0.00421822	0.107651
-0.151454	-0.147647
-0.750135	-0.863247
2.42984	4.80914
0.804545	0.385911
-0.498855	-0.674075
0.915914	0.0535989
-0.167291	0.893703
0.738093	2.12702
1.29151	0.564483
0.182309	-0.198926
-1.29206	-1.01254
0.447661	1.09434
-1.37578	-1.15484
0.683296	0.110517
-0.821086	-0.514497
1.26554	2.55888
2.01108	-0.0648117
0.850773	-0.315452
0.468251	0.674232
-0.206473	-0.412928
-1.21444	-0.203016
3.41562	1.06624
-1.23305	-1.02175
0.853353	-0.649989
1.32386	0.884231
1.43339	2.86623
0.367612	-0.465734
1.51609	0.618544
-0.169798	-0.449761
0.0973713	-0.11484
-0.0665563	0.088464
0.150468	-0.841201
1.1993	1.28644
4.36512	0.575916
0.695961	1.5185
-0.41757	-0.754719
-0.952891	-0.774053
0.186778	0.26955
5.08153	0.988687
-0.202111	-0.0739312
-0.313556	-0.317701
3.20442	4.24566
5.15702	0.560358
0.0864816	-0.384305
2.50967	1.43257
3.10085	1.97696
-0.523152	4.20916
1.62339	1.81069
0.0550938	0.970863
-1.34584	-1.12825
-0.544896	-1.07551
0.0750947	1.85871
0.153279	-0.420383
0.263443	2.63103
-1.32569	-0.784354
0.268412	1.91537
-0.00136077	-0.361277
-0.934693	-0.884792
2.3822	0.341016
0.124857	0.00597239
-1.05618	-0.148864
0.339137	-0.278267
0.302767	0.191603
2.06726	0.242889
1.82275	2.61826
0.435395	-0.640826
1.80184	1.13121
0.299106	-0.304525
0.322791	-0.0974268
2.05394	0.376818
1.91757	5.50824
1.26719	2.68831
2.66806	2.68956
-0.730229	-0.723321
-0.906826	-1.11874
3.03072	2.15781
0.522833	0.22663
0.176318	0.495638
-0.249559	-0.840876
-0.728242	0.542024
0.245558	-0.217623
-0.742814	-0.785322
0.321199	0.90345
2.1738	2.23697
0.218563	-0.0460082
0.274191	2.19483
3.11003	1.37147
-0.659852	-0.737358
-0.247529	-0.94961
-0.0633252	0.362427
-0.530624	-0.543457
-0.0148219	0.133471
1.51277	0.407822
1.51945	0.2819
0.831271	1.57916
-0.756267	-0.52851
0.96507	1.22624
-0.553002	-1.01473
0.141226	1.32079
2.49214	0.592922
1.4832	0.501834
4.6683	2.11552
-0.237186	-0.269116
1.07785	0.05669
0.563027	-0.268283
0.857393	0.29024
-0.48224	-0.709499
-0.119613	0.818923
-1.3749	-1.28215
-0.491229	-0.211102
-0.68265	-0.778591
0.728518	0.365419
-0.422074	-0.78746
1.77376	0.0443673
-1.01438	-1.21217
2.67126	4.27584
0.320501	0.999309
-1.04546	-0.989116
-0.00632048	-0.231296
-0.247411	-0.451405
-0.623637	0.0434113
0.864856	0.256907
-0.353743	0.0835431
4.69416	0.707719
1.82555	1.62825
-0.618202	0.172963
1.41525	0.475521
-0.540829	-0.664498
4.17038	2.73957
0.893863	2.25336
-0.963064	-1.34547
0.127431	0.585619
1.4531	-0.0268513
1.55439	0.828933
2.43119	3.30967
2.33388	4.54801
3.72087	0.33795
0.0601506	-0.0196964
3.3582	3.74649
0.559847	2.61167
0.989205	0.164459
1.03156	0.187517
1.7349	2.15914
0.352145	-0.77209
0.747135	1.03788
-1.12105	-0.845425
1.23713	0.0987577
2.14235	0.991026
-0.0112575	0.64573
-0.581686	0.150422
1.0652	-0.214645
0.413455	-0.528248
0.622303	0.732095
5.55629	1.09088
0.009408	0.264599
0.838687	1.26328
0.393027	0.889266
2.49704	0.744368
0.0443983	-0.202042
0.380397	0.108726
2.00828	4.41395
1.99219	4.16624
2.92426	0.497354
-0.505547	-0.691175
0.540296	-0.112041
2.06053	1.13645
0.654302	-0.0117689
0.747824	0.443561
-0.277179	2.81605
-0.57051	-0.73796
-0.00377357	0.262885
4.72381	2.32241
1.70952	2.81929
2.33698	1.24177
-0.168058	-0.487945
1.37794	1.31077
-0.547447	-0.604076
2.08835	2.15129
-0.906268	-0.766444
0.209508	1.52915
-1.5092	-1.35512
1.16222	1.01889
2.7732	3.16411
0.160205	0.748514
1.20543	1.47779
0.251583	0.310079
0.871152	-0.74451
-0.126187	-0.585487
-0.880933	-1.00369
1.41306	2.79627
-0.197846	0.00653386
-0.70758	-0.876666
3.05772	2.78322
0.837053	0.549687
1.11995	3.18495
1.33491	0.865611
1.2197	1.47907
-0.351492	-0.591975
0.240704	1.31375
2.19254	3.91294
2.22252	0.661596
0.890559	0.991666
-1.00408	-1.02052
1.08418	0.813061
-1.0014	-1.06785
-0.70729	-0.900488
-0.435942	-0.445808
0.779384	1.8173
0.543041	3.48613
-0.162712	-0.92564
0.326071	0.61391
1.40715	0.142053
0.756826	0.267932
-0.114546	-0.803488
-0.49983	-0.675136
-0.515298	-0.583002
0.738466	1.07002
3.04851	1.24011
0.0724256	-0.0427645
-1.09466	-0.986739
0.91545	0.205213
-0.253045	-0.530779
-0.0499177	0.141207
4.99812	1.02761
0.727502	0.723417
-0.51603	-0.402685
-0.613213	-0.0802261
-0.623683	-0.813221
0.886247	1.27995
1.99273	1.2814
-0.0814819	0.220139
0.894194	1.19561
0.473194	0.124542
2.59857	1.80394
-0.212562	-0.211707
-0.871657	-1.21473
0.435209	1.25723
0.826058	0.744463
0.548576	3.55831
-0.728763	-0.597524
0.923686	-0.298842
-0.171981	0.104972
1.06879	-0.0328946
-0.31802	0.533035
-0.102578	0.0122046
0.30326	-0.026359
1.25479	3.25266
1.95594	1.90155
-0.21338	-0.247983
0.585337	0.639179
-0.56537	-0.541249
-0.253482	-0.752712
-0.0296944	1.36532
-0.495097	-0.924961
-0.529209	-0.718828
0.966425	0.703151
0.91452	0.7323
0.226896	-0.0491184
1.50403	1.4315
1.33138	0.241538
-0.813139	-1.12718
0.210481	-0.334688
-0.8806	-0.915023
-1.0855	-1.1561
2.01396	4.14169
-0.897862	-1.03776
0.165862	1.59055
-1.12649	-1.02597
3.2301	2.16787
-0.0324273	0.741515
1.88122	1.55544
0.991858	0.768245
1.10635	3.14523
4.28613	0.285194
3.63864	2.98959
3.72642	3.14081
-0.895266	-0.980715
0.530479	0.702534
0.90359	2.13768
0.719593	-0.0341672
1.25023	1.78355
-0.367268	0.937971
4.97058	2.19838
-0.286078	0.295091
0.38211	0.197647
2.45484	1.26559
-0.495486	-0.387632
0.343689	0.41617
0.0953543	-0.222389
-0.172374	-0.143899
1.59156	0.0554669
1.18121	-0.237586
3.14953	0.945019
3.03608	6.44661
0.751606	2.78485
0.65176	-0.478595
1.32112	0.70475
0.179693	1.37631
2.03049	1.19055
-1.49194	-1.20165
0.224693	2.63879
1.26637	1.22892
5.13621	0.338832
-1.07662	-0.783048
-0.562332	-0.999016
0.130016	1.86128
0.23136	1.14596
-0.228179	-0.653632
0.163362	-0.369267
3.13489	0.46563
1.10206	2.55768
-0.845971	-0.495215
0.169264	-0.309305
-0.420942	-1.0755
0.488949	0.460063
-0.413869	-0.217075
1.46159	0.818273
0.0842869	-0.156208
0.96195	3.63669
1.13046	0.820278
0.447359	0.768692
0.505383	-0.0324625
-0.169539	1.00826
0.620545	1.3928
-0.541386	-0.373169
0.905833	0.487463
0.548729	2.07209
2.85481	0.870062
2.06619	3.90152
-0.57317	-0.763498
1.49808	1.12926
1.54392	0.146878
-1.30082	-1.3098
2.75691	1.57331
-0.107511	-0.264256
2.3441	2.5271
0.236444	-0.191986
2.21552	4.00735
0.0710917	-0.227735
0.0576174	-0.283474
-1.04558	-0.474716
0.893712	0.442727
1.1667	1.13054
-0.0913566	1.32283
2.79134	1.27599
3.66446	1.03114
1.78758	1.10695
0.156907	0.182171
-0.364828	-0.809814
-0.571581	-0.192441
0.0511968	0.472754
3.58008	0.619158
0.281262	0.958869
-0.13661	0.114803
0.908296	0.0470221
-0.979074	-0.873915
-0.459537	-0.323424
0.221065	0.923012
0.513991	0.0234854
-0.216485	0.0745785
2.36754	0.693963
-0.0744402	2.04451
2.43561	1.11196
1.82438	0.766225
-0.0798309	2.00296
-0.616319	-0.876089
-0.151083	1.17511
-0.390667	-0.261297
-0.566196	-0.255135
-0.00234783	-0.0564647
-0.963156	-1.36949
-0.477584	-0.762032
-0.390897	-0.549456
0.937608	0.325497
-0.644161	-1.39495
0.603573	0.348498
-0.0718725	0.00917196
2.04017	3.51344
1.13722	-0.0771606
1.09491	-0.255036
1.89428	0.483258
-1.49415	-1.45232
0.575228	0.455499
-0.0395679	0.140423
-0.138454	0.302634
-0.401527	0.302187
0.829787	1.99909
0.993211	0.471309
0.462909	-0.28699
-0.281903	-1.10313
-0.339126	-0.298691
0.705795	2.77248
1.51097	1.33845
0.290375	0.258957
2.85689	1.66299
2.23862	6.59379
1.25503	1.03821
0.245608	0.82034
1.00998	1.23911
-0.783572	-0.990428
0.578789	1.78618
-0.203007	-0.646983
0.610688	1.69954
0.0922155	-0.542395
-0.0373018	0.566359
0.53993	0.0211406
1.76145	2.85858
-0.700577	-0.510768
1.40663	0.164636
1.88881	2.32165
3.12497	2.32883
0.332307	0.322769
-0.456116	0.17899
-0.88845	-0.741228
-0.604694	-0.203779
-0.814438	-0.511128
0.289522	0.408952
-0.0589913	0.703741
-0.592864	0.778897
3.41307	0.725988
-1.21715	-0.976836
0.331559	5.463
0.114205	-0.401698
2.71964	3.27193
2.16878	0.153924
1.32735	0.612773
-0.644177	-1.05076
-0.0470972	0.100869
-0.53093	0.459441
2.34963	2.20281
-0.0988507	-0.102549
1.70204	1.13842
1.70802	0.103619
0.23477	0.399792
0.93486	0.610648
-0.414693	-0.680366
1.37229	1.73874
0.807852	1.10746
1.52718	2.09195
-1.37524	-1.11168
0.667242	1.31671
0.976979	2.08337
-0.602645	0.552386
-0.54071	-0.361296
0.291491	-0.440888
-0.975758	-0.923137
0.815294	0.490595
1.40491	0.973054
-0.136375	0.229243
0.192052	-0.013262
1.01251	3.22632
-0.387629	-0.537577
2.39143	2.78522
0.914925	0.924889
2.19107	1.44658
1.22531	1.50417
3.34267	4.05202
0.799974	0.309622
1.06213	0.405787
-0.163612	-0.735981
1.39209	1.03904
0.102131	0.0795972
0.493774	1.63462
0.170858	2.29711
1.17079	0.0617647
0.378354	4.43283
0.196007	0.104927
-0.366514	-0.733101
1.89152	2.79334
0.276678	-0.0814909
-0.148486	0.765527
1.71517	2.40582
0.627749	0.0584424
0.163138	0.421578
2.24867	1.62467
3.18411	1.82594
2.29751	0.779287
1.05831	0.460902
-0.580801	-0.678345
1.72552	2.7423
2.08029	0.313444
-1.16537	-1.12703
6.12659	1.23469
-0.0817943	0.670334
0.158303	-0.417946
1.54753	3.65966
2.00513	3.10236
-0.268665	-0.131104
0.818871	0.103194
0.655687	0.549064
1.40678	2.14013
-0.816306	-0.810294
0.358989	0.724304
2.76352	0.305202
-1.27367	-1.22012
4.40842	0.0397277
-0.256677	0.355356
-1.22217	-1.15703
1.33981	0.660552
-1.12531	-0.895743
1.72588	4.23011
-0.395272	-0.545053
0.0249755	3.10018
0.150959	0.0297928
2.5338	2.00625
0.549093	1.56648
0.0541472	-0.0700474
-0.0149125	0.294025
-0.47708	-0.29232
3.04536	1.14264
0.449089	1.12863
-0.607318	-0.695523
0.45352	1.91324
-0.398824	-0.787038
-0.0385946	-0.582582
1.48293	0.667133
-0.83407	-0.629972
-1.08797	-1.15533
0.0562024	-0.327154
1.67968	2.42733
-1.05891	-0.79304
-0.0736195	-0.325024
-0.214001	0.768275
1.25031	0.352784
0.403701	1.08501
-0.849034	-0.856881
-0.545399	-0.686082
2.08802	1.19478
1.17726	1.77394
-0.714093	-0.809243
-0.406074	-0.0715017
0.615302	0.756776
-1.14369	-1.12266
-0.799655	-0.571408
2.31068	0.407928
0.559344	0.954334
1.17713	3.29346
2.01196	1.41515
0.341434	1.28829
0.508626	1.89669
1.85565	-0.09601
0.992869	0.386194
-1.22326	-0.441982
-0.428783	-0.47594
0.987	-0.373293
3.05727	4.15821
0.562211	0.0592327
2.5869	2.42356
0.424516	-0.231367
1.20393	0.695535
1.53655	1.9998
0.356617	-0.0233573
4.32448	1.031
-0.777208	-0.694637
-0.0382769	0.0349736
2.80878	0.386958
-0.1982	-0.0552565
1.56522	1.80582
-1.41566	-1.07199
-0.134585	0.964714
1.55789	2.50153
-0.368069	-0.249825
-1.16457	-1.32033
-1.01928	-0.988522
-0.660305	0.35399
2.06354	5.52327
2.67773	2.58735
-1.09463	-1.25903
-0.23459	-0.124455
-0.470009	7.80352
0.407395	2.2976
-0.765342	-0.492497
5.38748	1.63982
1.01493	1.16762
1.73792	2.39481
0.170019	3.73563
0.686918	-0.0286227
1.75239	0.0208437
-0.102789	-0.0364023
-0.0603515	-0.237043
1.60632	-0.21091
0.82683	-0.170882
2.51	2.69168
0.177799	0.877753
-0.207472	-0.00411391
0.449018	4.32001
-0.0959164	0.543722
0.603253	2.53739
-0.78271	-0.90265
2.06461	1.97371
-0.25359	-0.801708
0.533516	0.496678
1.62937	2.89488
-0.608944	-0.386832
1.28312	0.0112474
0.70712	1.54935
0.0154507	1.46013
-0.12475	0.550382
-1.07604	-1.10285
1.60994	1.26193
-0.708898	-0.149426
2.93781	3.6914
-0.00254631	-0.456305
1.08641	0.925
0.214641	0.742322
-0.331094	0.794643
-1.33385	-0.807391
-0.192323	-0.524189
0.867581	2.65021
-0.0923496	0.555379
-0.830239	-0.0441968
0.275849	-0.00187337
-0.587866	-0.677255
-0.146924	0.236639
2.27291	0.899736
2.55965	0.151114
3.70803	1.42869
0.178896	-0.107189
-0.279638	-0.40207
0.722266	0.887119
2.64126	0.684777
2.31311	0.483472
-0.270142	-0.454898
0.976884	0.139819
1.91025	1.76042
-0.583236	-0.376987
1.13139	0.0834358
-0.126798	0.502297
-0.897134	-1.10119
0.606991	0.324299
0.220159	1.3763
1.35365	0.850422
0.15542	-0.186957
0.67066	0.498693
-0.226797	-0.365248
0.588497	-0.0195646
2.55943	1.02514
0.758328	1.68694
0.849327	1.6378
-0.428753	0.467385
-0.0803339	0.0192583
0.00466228	0.647867
-1.0896	-1.58987
-1.1659	-1.23457
2.21155	1.3135
1.68424	-0.390751
-0.0567305	-0.00953853
0.123663	0.764204
1.25024	0.0601065
-0.0186467	1.25531
-0.449769	-0.327563
-0.0749803	-0.0681287
-0.718129	-0.578858
-1.37679	-1.16961
-0.00546277	0.0540674
-0.775416	-0.570467
1.1518	0.959762
1.16988	0.661063
-0.639102	-0.628243
2.9306	1.50274
1.81755	1.76432
1.75655	-0.173269
1.80996	4.14207
-1.28831	-1.14234
-0.0740641	-0.020082
1.61938	1.48784
2.86519	3.91458
-0.224444	1.29197
-1.05906	-0.989301
-0.419924	0.0815094
0.44808	0.930262
-1.30976	-0.773317
-1.15328	-1.13093
0.411251	0.41423
-1.02201	-0.963644
-0.126674	-0.606996
0.247043	0.241607
0.324572	0.903077
-0.414519	1.27196
-0.544915	-0.902206
-0.489153	-0.32524
1.9404	1.99982
3.78719	5.55733
-0.81884	-0.72747
-1.09218	-1.05005
1.53489	-0.0872493
-0.280581	0.867566
-0.913731	-0.992131
0.0397766	0.259247
-0.241193	0.431558
3.19705	1.69579
1.40956	2.21709
1.06455	0.489229
0.667217	2.66222
0.742105	0.99836
-0.866578	-0.444496
-0.506288	0.060544
0.342727	1.05577
-0.279065	0.18944
1.30094	0.972764
0.603113	0.624152
-0.329009	0.439233
-0.354655	0.136408
-0.672709	-0.270537
-0.421089	0.349355
-1.42265	-1.35208
1.40757	0.888704
0.849298	2.20897
0.214094	1.69006
0.102128	-0.149745
-0.382233	0.234147
0.959365	0.859178
0.717357	0.708405
2.0151	1.96626
0.979122	-0.285324
-0.0773454	-0.322409
2.70889	0.929304
0.352545	-0.145914
-0.00549495	0.815556
1.80279	0.76292
-0.730476	-0.0617546
-0.336487	-0.144494
0.472766	5.78616
0.309379	0.532706
0.948168	2.75677
-0.35032	0.72776
2.08474	1.30733
0.452895	-0.293719
1.50308	-0.23254
0.532224	4.35122
1.06947	0.700182
0.0947869	0.876156
2.54149	2.73489
0.834322	1.69024
0.693705	2.72857
0.333397	-0.553204
0.938547	0.246218
2.12408	1.20683
1.81419	2.90612
0.0190055	-0.276186
0.621792	-0.37772
0.997194	0.0163853
3.78528	0.398247
-0.477892	-0.412154
-0.523564	-0.425532
1.92725	2.82905
-0.251324	-0.617821
0.837741	0.460089
2.35983	0.672071
-0.557019	-0.518093
-1.32196	-1.27998
-1.05567	-0.922295
0.935251	1.72558
0.639151	0.106593
-0.879886	-0.816994
0.571951	1.42025
-0.316153	-0.480197
1.56144	3.12556
0.648367	0.472221
0.121189	0.386423
3.69768	0.41853
0.314363	1.81356
0.439073	0.401331
2.89903	1.53536
-0.857688	-0.591248
2.16544	1.54876
2.04058	1.73105
-0.633034	-0.281353
-0.451097	-0.791878
-0.158544	0.0688672
0.118496	0.965246
0.203702	2.16494
-0.821054	-0.693593
0.345689	-0.183271
-0.495988	-0.473025
1.58312	1.13325
-0.14997	-0.504546
-0.0407845	-0.171109
0.932204	0.716184
1.18594	0.212537
0.170628	-0.262873
1.56427	1.47124
-0.871057	-0.926789
2.90841	0.340823
2.24868	0.964638
0.376099	1.69308
0.0445926	2.66591
-0.128171	-0.771838
0.978478	1.16711
2.22702	1.69066
-0.135361	1.0492
0.457875	1.45074
0.452477	-0.393547
0.259494	0.121266
0.504901	-0.455542
1.22089	-0.363532
2.29507	1.5266
-0.991582	-0.725682
-0.546594	0.414149
1.7268	1.07496
