0.532149	0.350777
1.85244	-0.278857
-1.1216	-1.06565
-0.462834	-0.180595
-0.973982	-0.174125
0.465155	-0.304775
0.849323	-0.164791
-1.84977	-1.4753
0.630607	0.847702
-0.111831	0.691484
0.903402	0.064593
-1.42621	-1.86686
-1.98781	-2.11297
1.58964	0.230555
1.42636	0.589601
-0.612975	-1.31246
-0.908178	-0.668006
0.76917	-0.0290097
-1.97493	-2.09275
0.7667	0.00342501
0.0704008	0.345454
-0.132438	-0.290762
-2.00373	-2.3267
0.773106	0.395607
1.4139	0.306261
-0.272958	1.45017
-1.19083	-2.06771
-1.28961	-1.20636
-0.820466	-1.09436
0.413658	0.532063
0.94321	0.183418
-1.26369	-1.64775
0.0197855	1.08986
-0.252141	-0.641393
0.0358085	-0.965669
-0.178989	0.876163
0.00831446	-0.0847073
0.726646	1.6798
-0.477499	-1.38571
0.49651	0.362579
0.684403	0.305373
-1.11027	-1.19014
1.65422	1.36538
-0.223909	0.0285771
2.3157	1.55335
0.381591	-0.926845
0.327656	-0.484496
0.138805	0.172177
1.05243	1.24169
0.360168	-0.126635
1.3621	1.62191
-0.334282	-0.328449
-1.81922	-2.15913
-2.24268	-2.20573
-0.601004	0.999143
-0.646556	-1.03336
-0.00297587	0.485246
0.760085	1.74792
0.384271	0.543139
0.88503	0.41985
-1.73912	-1.59589
0.961962	0.972852
2.18418	1.05871
0.867536	-0.172018
1.90945	-0.139262
-0.577435	-0.136358
0.491568	1.2738
0.277391	0.23945
0.576697	2.21485
-0.835157	0.0358458
-0.464701	-0.134007
0.6966	0.936768
-0.177629	0.110389
0.256394	1.69809
0.931341	-0.240709
-0.596622	-0.202522
-1.09033	-0.79228
-0.621132	-1.52865
0.695509	0.792245
0.972502	-0.0840654
0.985607	0.053659
-1.45429	-1.61674
0.627156	0.178037
0.0194494	0.335572
-0.168577	1.04211
-0.523593	0.0777484
0.701469	0.211
1.05633	0.350231
1.38345	1.60019
-1.95345	-2.07532
0.1678	1.59722
-1.44999	-1.70434
-0.622369	-0.761352
-1.61056	-1.44271
-0.0763249	-0.709086
-0.5315	-1.09144
-0.613532	-0.383618
-0.60222	-0.457058
0.281222	0.028902
0.140477	-0.257802
0.313986	0.753372
0.484647	1.56067
0.209448	0.311985
-0.844914	-1.59508
1.80716	0.730584
-0.195501	0.570769
-0.600431	1.72808
-0.227388	1.04747
1.46823	0.863429
-0.566406	-0.236889
1.99682	1.65134
0.630755	0.0978564
0.949397	-0.210936
0.27468	0.909993
-0.969134	-0.41338
-0.355291	-1.11226
2.04858	-0.108778
0.977942	0.688562
0.876215	0.109795
0.588833	0.510795
0.857536	0.390181
-1.16258	-1.16766
-0.629412	1.09207
-0.286617	0.379715
-1.3391	-1.30943
1.14614	1.16118
-1.44025	-1.31087
1.45795	0.627475
0.947011	0.795455
0.51666	-0.498587
-1.28883	-0.927241
-1.17003	-0.327174
0.148784	-0.355498
-1.39745	-0.706268
-1.80806	-1.10387
0.265863	0.621145
-0.771701	1.20069
-2.01658	-1.6813
-0.778869	-0.491699
0.120871	-0.706632
-0.927246	-1.32252
-0.192625	-0.791451
1.52665	0.0850569
1.62899	0.557062
2.17353	0.948758
-2.8216	-2.13118
-0.0349937	1.54092
1.47597	0.260375
1.2383	2.0671
0.760572	0.479675
-0.656161	-0.753919
0.369044	-0.0786594
-0.209225	-0.592975
1.81967	0.895793
0.796809	1.11112
-0.422841	-0.79552
0.353787	0.430068
-0.550936	-0.0617536
0.38817	1.21577
-0.415303	1.41903
-0.836461	-1.26355
1.29135	-0.0385965
0.9775	2.49583
-0.436349	-0.568987
-0.0614999	-0.999976
-0.486998	-0.152326
-1.8354	-1.75513
0.208573	0.282888
1.74877	-0.10685
-0.303327	0.498823
1.60525	2.00876
0.18614	0.784267
0.74466	0.0372785
0.873315	0.333248
0.51582	0.494212
-1.06378	-1.27358
0.62043	0.484221
-0.491802	-0.462472
0.398482	2.43648
-1.06465	-0.402808
-1.8392	-2.06627
1.36499	0.470391
-0.0233273	-0.635855
-0.82189	0.0454607
0.460148	-0.657897
-1.47458	-1.83266
1.11127	0.943493
-0.167724	0.494501
0.960834	0.649209
-0.676037	-0.0252809
1.38146	1.75115
-0.412931	-0.839801
-0.928045	-1.2952
0.303654	0.169732
1.34978	1.30216
-1.07543	-1.40058
-1.88224	-0.945096
-0.203819	0.068751
-2.93047	-2.07126
-0.438413	0.213812
-0.208246	-0.149074
-2.44305	-2.56551
0.161067	0.000657454
-0.928897	-1.35809
0.0199411	0.285215
-0.650344	-0.523978
-1.10042	-1.08282
0.473212	0.387412
0.60442	0.903088
-1.1876	-1.14919
0.657047	-0.106916
-0.591076	-1.12088
-0.0273688	0.185231
-0.084298	1.08106
-1.45995	-2.13923
-1.15323	-1.26199
0.92339	0.0475611
0.50821	0.786774
1.7295	-0.52967
-1.13371	0.468799
-0.732215	-1.37741
0.320152	0.283173
-0.593164	-0.906124
0.137628	0.490389
-0.314632	-0.253487
-0.538291	-0.739233
0.163473	2.31921
0.705167	-0.233934
-0.74705	-0.52228
-0.307473	0.487077
-1.37043	-1.31159
0.964397	0.78157
0.33931	0.589837
-0.788992	0.71756
-0.80478	-0.962027
-0.839419	-0.27443
-0.129915	0.547009
0.605744	-0.0442296
0.631112	1.11741
-0.662813	0.85556
0.776547	-0.218672
0.151319	0.182311
0.397967	-0.0346222
0.0475877	1.59503
1.06609	0.379312
-0.861867	-0.957147
1.58928	0.174381
0.407622	1.03994
-0.585917	0.672019
0.102522	1.51036
1.19272	0.600896
-0.200798	-0.604184
0.322916	-0.449977
-1.00388	-0.931251
-1.84941	-1.35511
1.4992	0.56941
1.46553	1.13523
0.73681	-0.138873
-0.656942	0.660714
0.352708	-0.347278
0.29601	-0.634401
0.0556305	0.20502
-0.69391	-0.666228
-1.16853	-1.16106
-1.63068	-2.11577
-2.16666	-2.09076
-0.555319	-0.412182
1.37036	0.904923
-1.02309	-0.256153
-0.219736	0.023169
-0.152746	-0.340044
0.232449	0.613551
1.37878	0.28949
-0.103404	-0.189706
1.04651	1.95232
-1.20703	-1.35125
0.619497	-0.407912
0.477802	1.05033
-1.99466	-1.34935
0.00425725	-0.460036
0.324524	0.250217
-1.04061	-0.5326
0.124097	0.931567
0.744238	0.852962
-1.594	-1.8679
-0.655474	-0.477525
0.0274807	0.613196
0.0123218	-0.162097
-0.813827	-0.383214
0.906227	0.695301
0.879374	0.17489
0.780231	0.818097
-0.00614939	0.521206
-0.115537	0.419111
-0.350608	-0.406348
-0.79591	-0.729199
-0.315021	-0.785081
0.780527	1.16413
0.377852	0.471955
1.59995	-0.19773
-0.152431	0.374225
1.51534	0.192676
-0.721516	-0.127424
0.949581	2.40629
-0.380806	0.0347906
-0.24896	-0.32492
-0.832846	-0.657199
-0.64981	-0.923558
-0.381776	0.0459099
0.649126	0.736247
1.84482	1.44822
0.389954	0.0441877
-0.572468	0.49724
1.12085	1.1794
2.2468	1.11537
-0.0175429	1.45082
-1.11961	-1.3344
-0.40274	-0.616038
-0.072988	0.0531617
-0.240252	-0.693374
-0.666085	-1.45527
1.46775	0.716242
-1.08646	-0.648956
-0.126441	0.876093
-1.17343	-1.33931
-1.08757	-0.735467
1.15325	-0.678335
-0.312397	0.342958
0.053049	0.244265
0.739136	0.815288
-0.490895	-0.148454
-0.665362	1.569
0.352328	1.65975
0.125949	-0.651558
-1.69341	-1.44715
0.403124	0.202322
-0.10003	1.7171
0.120691	0.0592301
-0.396643	-1.0988
-0.400878	-0.758568
-1.17268	-1.69923
-0.359983	-0.386565
1.27494	1.34052
-0.072596	0.678174
-0.542587	-0.819502
1.74968	0.74402
0.530676	0.604433
0.0478653	0.554928
0.0857106	0.501662
0.802163	0.697383
0.0983105	-0.538762
-0.697475	-0.0106093
-1.01488	-0.713706
1.64537	1.68722
-0.668879	-1.08016
-0.509184	-0.970179
0.267275	0.21278
0.410192	0.50574
-1.11232	-0.812451
-0.197443	0.267716
0.902224	1.62767
0.100794	-0.927916
1.71347	1.24467
-0.822204	-0.934487
1.02663	0.407476
0.833094	0.823164
-1.99002	-2.11103
-0.943658	-0.954309
0.24569	0.735618
0.0478928	0.269398
-0.552167	-0.376984
0.930347	1.11081
0.282025	0.465904
-1.60415	-1.83499
1.16729	0.998421
-0.532317	-0.384511
-1.54102	-1.41752
0.968292	-0.281455
-1.18282	-1.21728
-0.442297	-0.457951
0.280529	1.26453
0.650737	0.962186
0.372903	-0.0199402
1.28235	0.647853
0.0385901	0.661263
-0.256775	-0.337089
-0.710616	-0.996721
1.05136	-1.19367
1.86691	1.35156
0.547145	0.442527
-0.654005	-0.893963
1.07366	0.203606
0.401375	0.206718
-0.157506	-0.123255
-0.0408576	0.468739
-0.0815637	0.86009
-0.872173	0.239979
-0.383554	0.861827
0.731888	0.396384
-0.521277	-0.39394
0.232294	0.175606
1.83609	1.86354
0.632171	0.0907621
-0.264841	-0.572088
-0.99744	-1.14116
-0.207798	0.439534
0.616608	0.534353
-1.4495	-1.37576
-0.650667	-0.186409
-0.675097	-0.182222
0.90368	0.159677
-1.52047	-1.11912
-0.495611	0.896126
0.478544	0.253055
2.01095	1.79263
-1.66447	-1.65661
-0.2422	-0.0376605
-0.338568	-0.0290693
0.323762	-0.254016
-0.564895	-0.278
0.0182895	0.59913
1.86697	0.516707
1.45128	0.926437
-1.42464	-1.25782
-0.454114	0.702461
0.823517	-0.0690777
0.451821	0.0880734
0.0243379	0.630653
0.411576	0.365579
1.72193	1.13514
-0.546198	0.896794
1.95655	0.43762
-0.407271	-0.197305
0.769336	-0.0198182
0.691989	-0.460536
-1.16119	-1.07862
0.347006	0.752786
0.499437	-0.0966358
-0.706913	-1.22042
-1.3665	-1.1586
-0.753548	-0.778323
-0.337836	-0.349981
0.647912	1.69544
-0.715892	-0.803719
-1.04505	-0.244236
-1.28366	-1.25935
-0.524309	-0.858767
0.173251	1.05615
-1.25968	-0.706152
-0.296038	1.11871
1.02058	2.01053
0.538178	0.676629
-1.31618	-1.46877
1.97315	0.314975
-1.59681	-1.42922
2.8004	2.09291
1.5849	0.0677253
-0.261028	-0.0294249
0.0890522	0.842198
1.35571	0.50054
-2.10915	-1.59455
-0.574144	-0.616183
-0.907533	-0.852449
0.335703	-0.373113
-0.905359	-0.203627
-0.10989	0.55356
0.451628	-0.389522
0.878163	0.476088
-0.79766	0.333281
1.46829	-0.0988392
-0.780348	-1.07805
0.244545	0.507754
-0.527337	-0.154296
-1.18668	-0.756199
1.97688	0.0134231
-1.01982	-0.520011
0.272834	0.0403015
0.401709	0.38483
-0.584849	-1.21142
-0.25447	0.75598
0.00410263	1.18241
-0.9569	-0.763665
1.28974	0.779671
-2.37384	-2.94027
-0.250378	0.0422486
-0.264152	-0.250338
0.521726	-0.545084
-0.687381	-0.868615
-2.41258	-2.31408
1.05463	2.10324
-1.54643	-1.81957
-0.305203	-0.978439
0.719611	0.365505
-0.392343	-0.576743
0.848605	1.4421
-0.974406	-0.954771
-1.89962	-1.90433
-0.734965	-0.815803
1.32515	-0.43821
0.0760642	0.279983
-1.25604	-1.4479
-1.9976	-2.15904
-0.557333	-0.217057
1.1748	0.709452
-1.26263	-2.06227
-1.12007	-1.05465
2.03015	0.582339
0.0531272	0.279264
1.33486	1.01588
-0.11759	-0.364718
1.54858	1.90202
0.720748	0.805394
-0.799011	-0.30042
0.688954	-0.439712
-1.31125	-1.54861
0.181085	1.44939
-0.862772	-1.38358
-0.717894	-0.129922
-0.818618	-0.895831
0.00683328	-1.13686
0.558823	0.0282471
-0.984336	-0.820666
-0.893473	-0.358909
0.252457	-0.0777811
0.692675	0.963959
0.732487	0.764866
-2.30828	-2.49491
-0.845128	-1.33277
-1.12292	0.0240272
-0.448679	0.164694
-0.644832	-0.376238
0.805062	0.772813
-0.638104	0.536819
0.217625	0.391802
1.01803	2.24582
-0.746824	-1.01171
-0.28291	-0.586344
-0.563246	-0.0779096
1.09013	2.00847
1.66539	0.353098
1.64258	1.67746
0.320745	0.44973
-0.51932	0.148953
0.124898	-0.195267
-1.79834	-1.35361
1.46317	-0.101954
-0.389783	0.29855
-0.124646	-0.0632294
0.379026	1.2965
-1.00427	-0.719981
-1.18842	0.684098
0.396385	0.530931
-0.555755	-0.475624
-0.497857	-0.458799
-1.57732	-1.33588
1.07384	1.71299
-0.64306	-1.49111
-1.28424	-1.03629
-2.19159	-2.14727
0.138546	0.570756
0.305539	0.669945
-0.110216	-0.208815
0.108547	1.45475
-1.23022	-0.694528
0.501882	1.29643
-2.0625	-2.02402
0.673073	0.743255
-1.2352	-1.27315
-0.614307	-0.234637
1.22446	-0.36591
-0.288139	0.260789
0.714884	0.408977
0.0433453	0.851577
-0.0608129	0.776384
0.241932	0.820674
0.189838	0.693721
0.392774	-0.171499
-0.715674	-0.453416
-1.07776	0.643607
0.0442511	0.57078
0.679274	0.931493
-1.42422	-1.03844
-0.688767	-1.10645
0.449998	-0.34896
-1.52513	-1.90956
0.44149	2.11699
-0.12685	-1.05488
-0.558938	-0.351101
-0.120077	-0.0164172
0.993505	0.557347
-0.328105	-0.0806794
-0.285165	-0.0496974
0.324167	0.830693
-1.6902	-1.90509
-0.805294	-0.375182
0.975968	0.597469
0.45921	1.14132
-0.135226	1.05868
0.699133	0.207772
0.192173	-0.357765
-1.48373	-1.74662
0.150683	0.777765
-0.349064	-0.0629531
-0.374688	-0.900955
0.276031	1.88677
-0.266492	-0.126415
1.56984	0.10521
0.143541	0.046914
0.148388	-0.311995
-1.47918	-0.919557
-0.259987	0.262529
1.5703	0.671704
0.829077	1.09073
1.04967	1.09973
0.142409	-0.878044
0.808329	-0.328562
-0.630893	0.170389
0.130521	0.311998
0.251402	1.18073
1.22104	1.32321
0.661689	-0.110565
-0.144487	0.118059
1.63636	1.39728
0.23244	-0.150644
2.31785	0.0148046
-0.931986	-0.340819
1.42529	0.358336
-0.0626201	-0.430147
1.52532	1.38619
1.6513	0.570537
-0.0137062	0.28879
-0.0318641	0.410253
-0.806541	-0.408606
-0.35459	0.648732
-0.258728	0.206584
-0.31576	-0.437187
0.794483	0.988874
-0.397442	-0.190995
-0.177195	-0.496583
-1.16309	-0.945937
-0.114103	-0.00503585
-0.105758	0.759657
-1.58971	-1.56993
-0.664173	-1.39343
-0.0682614	0.0126029
-0.06045	-0.178905
0.0445429	0.413656
-1.61975	-1.00614
1.27149	0.478748
0.022526	0.27116
1.1132	0.174694
-0.138696	-1.15327
1.22656	0.423261
1.34289	0.00855214
1.65706	0.833944
2.17454	1.83952
0.624154	1.27252
-0.933493	-0.262329
0.49912	0.525274
1.73761	0.298285
-0.173036	-0.416706
0.973621	-0.186708
0.261069	0.477511
1.69553	0.900356
0.0820034	0.0869237
-0.105339	0.222753
1.07102	1.25618
0.844815	0.258315
-0.964801	-0.629963
-0.679389	-1.07667
-0.635399	1.25412
-1.0968	0.31527
0.0583141	-0.110834
-0.55954	-0.459297
-0.290318	0.266724
-0.73585	-0.786228
-0.0772626	0.481748
0.0525363	0.513764
-0.74671	-0.694197
0.701724	0.638165
1.22357	0.791562
0.26652	0.570255
0.261107	0.815953
-0.418494	-0.19861
-0.580256	0.324068
0.614157	2.38208
-0.192351	-0.879227
-0.699994	-1.1198
-0.341597	-0.23476
-0.490296	-0.486329
-1.21107	-1.37296
1.2406	2.06381
0.333167	0.0105236
-0.883098	-1.1074
0.411063	-0.285745
-0.506874	0.395768
0.285209	1.10171
0.653196	0.154331
-0.166202	-0.540341
-2.0853	-1.60205
0.0613706	0.529829
-2.24579	-1.83852
0.244793	-0.232089
-1.3115	-0.902345
0.637391	1.29667
1.04559	-0.401636
0.365869	-0.667844
0.0780566	0.238031
-0.548395	-0.779914
-1.94333	-0.544703
1.62977	0.511596
-1.97679	-1.6168
0.367679	-1.0754
0.672705	0.38921
0.737316	1.42352
-0.00477906	-0.842821
0.784684	0.195985
-0.509508	-0.823625
-0.244368	-0.452415
-0.403388	-0.252726
-0.195182	-1.34065
0.596475	0.650121
1.93703	0.16321
0.254206	0.786051
-0.78538	-1.21745
-1.50831	-1.24452
-0.162165	-0.0887047
2.13716	0.460369
-0.543737	-0.41081
-0.665714	-0.670372
1.55332	1.90126
2.15694	0.151118
-0.25459	-0.746472
1.27549	0.736843
1.51458	1.02874
-0.913058	1.89018
0.844425	0.944348
-0.284321	0.448406
-2.18749	-1.79289
-0.940171	-1.7044
-0.26533	0.969117
-0.192608	-0.788698
-0.0940415	1.32727
-2.14881	-1.25905
-0.0896991	0.997928
-0.338803	-0.719893
-1.48031	-1.40491
1.21945	-0.0272198
-0.21877	-0.331652
-1.6726	-0.487597
-0.0288139	-0.626414
-0.0599099	-0.157815
1.073	-0.112098
0.9506	1.3219
0.0513678	-1.06332
0.93974	0.553502
-0.0630643	-0.655596
-0.0427337	-0.434614
1.06654	0.00293337
0.999038	2.24605
0.638398	1.3512
1.34278	1.35172
-1.18355	-1.17406
-1.43795	-1.77676
1.48785	1.11633
0.12166	-0.126488
-0.171626	0.100048
-0.594911	-1.34018
-1.18082	0.136777
-0.109744	-0.560346
-1.20092	-1.26041
-0.0440947	0.402495
1.12388	1.15338
-0.133663	-0.382835
-0.0846586	1.13375
1.51805	0.701056
-1.08846	-1.19337
-0.592698	-1.50324
-0.400144	-0.00913393
-0.922343	-0.938368
-0.35199	-0.210809
0.782809	0.0287063
0.786588	-0.0779538
0.352138	0.82003
-1.21961	-0.919712
0.444502	0.61322
-0.950354	-1.60556
-0.203666	0.670861
1.26789	0.176348
0.765987	0.104992
2.02461	1.09622
-0.58146	-0.616328
0.519152	-0.282799
0.153198	-0.615411
0.370509	-0.0707238
-0.862813	-1.15518
-0.457319	0.343395
-2.24408	-2.06681
-0.873767	-0.553349
-1.11889	-1.25091
0.278205	-0.00661958
-0.790695	-1.26344
0.925063	-0.294574
-1.605	-1.93926
1.34411	1.91036
-0.0446902	0.467465
-1.65512	-1.56488
-0.343653	-0.575083
-0.59257	-0.825594
-1.04082	-0.29549
0.375727	-0.0997677
-0.711258	-0.257356
2.03188	0.262906
0.952047	0.847086
-1.03375	-0.174668
0.726767	0.083917
-0.935079	-1.09463
1.87832	1.37234
0.395879	1.16096
-1.52409	-2.18677
-0.216389	0.170717
0.748716	-0.363838
0.806226	0.350485
1.2412	1.59184
1.19773	1.9904
1.73463	-0.0298212
-0.279503	-0.356784
1.60931	1.74315
0.15072	1.31911
0.460716	-0.182402
0.488853	-0.161498
0.904555	1.11696
-0.0178009	-1.24175
0.291801	0.493014
-1.78067	-1.34682
0.61995	-0.24307
1.10901	0.461934
-0.348491	0.21662
-0.986712	-0.195225
0.510916	-0.557148
0.0333558	-0.919386
0.198851	0.280824
2.25788	0.527597
-0.328309	-0.0930296
0.357371	0.636004
0.0164467	0.392699
1.27002	0.289785
-0.294544	-0.543663
0.00592381	-0.233758
1.04421	1.95144
1.03628	1.87705
1.44648	0.101419
-0.891314	-1.13036
0.135421	-0.449545
1.06974	0.556843
0.223082	-0.348992
0.292302	0.058032
-0.625214	1.40342
-0.972484	-1.1942
-0.341162	-0.0945297
2.04017	1.19254
0.89104	1.40472
1.19913	0.622809
-0.507679	-0.86976
0.704879	0.664834
-0.943372	-1.01545
1.08318	1.11325
-1.43711	-1.23383
-0.141745	0.792062
-2.51873	-2.20544
0.573193	0.480481
1.38607	1.53835
-0.18628	0.292804
0.600299	0.762897
-0.104442	-0.0536211
0.380118	-1.20327
-0.46409	-0.991569
-1.39915	-1.58796
0.725487	1.39543
-0.53919	-0.331106
-1.15257	-1.39281
1.49819	1.39015
0.356219	0.142784
0.546304	1.54611
0.679323	0.376254
0.609171	0.763629
-0.708685	-0.999879
-0.114026	0.666629
1.13268	1.7975
1.14667	0.228566
0.393594	0.462362
-1.58857	-1.61484
0.523255	0.339232
-1.58432	-1.69176
-1.15218	-1.42841
-0.807134	-0.818894
0.315143	0.947774
0.137575	1.65456
-0.502068	-1.46648
-0.0399334	0.192447
0.722033	-0.202905
0.298842	-0.0901172
-0.452114	-1.28625
-0.884293	-1.10882
-0.903334	-0.988392
0.285481	0.514056
1.49467	0.621785
-0.267855	-0.379608
-1.73623	-1.56113
0.410745	-0.145589
-0.598714	-0.922536
-0.386731	-0.203683
2.11504	0.486246
0.27746	0.274463
-0.904239	-0.767895
-1.02727	-0.417164
-1.04088	-1.30018
0.390608	0.646172
1.03655	0.64706
-0.418432	-0.132259
0.396107	0.594171
0.0820431	-0.219063
1.31357	0.940834
-0.554914	-0.553998
-1.38538	-1.94382
0.0512156	0.632304
0.348452	0.289855
0.141913	1.67957
-1.18153	-1.00701
0.416388	-0.64925
-0.511805	-0.237259
0.513259	-0.369814
-0.670731	0.12971
-0.439866	-0.325592
-0.0594847	-0.363352
0.630808	1.57108
1.01828	0.990941
-0.555792	-0.593193
0.170498	0.211666
-0.965968	-0.935603
-0.599191	-1.21466
-0.366648	0.697421
-0.878496	-1.46544
-0.920581	-1.16791
0.445416	0.259531
0.410107	0.280974
-0.126253	-0.385934
0.77785	0.736222
0.677209	-0.11329
-1.30007	-1.79108
-0.140875	-0.689558
-1.39866	-1.45035
-1.72096	-1.84071
1.04701	1.8695
-1.42446	-1.64262
-0.181124	0.826341
-1.7899	-1.62359
1.5628	1.12108
-0.369351	0.287706
0.980619	0.806812
0.46249	0.307111
0.537572	1.53129
1.91346	-0.0750951
1.707	1.47199
1.73648	1.52963
-1.42057	-1.55166
0.127695	0.259074
0.402591	1.10679
0.271653	-0.371075
0.628013	0.930194
-0.72678	0.426137
2.10767	1.13542
-0.635058	-0.06653
0.00735405	-0.152377
1.2516	0.63742
-0.878972	-0.750335
-0.0249532	0.0355931
-0.246258	-0.565472
-0.512219	-0.482429
0.826902	-0.283965
0.585153	-0.581893
1.5329	0.43093
1.48991	2.46334
0.295052	1.39081
0.221168	-0.858384
0.671058	0.260712
-0.168569	0.703919
1.05511	0.591008
-2.48218	-1.92052
-0.128209	1.33053
0.637899	0.614878
2.15151	-0.0290723
-1.70623	-1.2572
-0.962124	-1.58053
-0.213999	0.970437
-0.122292	0.56289
-0.571716	-1.08021
-0.183401	-0.729083
1.52741	0.0759405
0.534814	1.29616
-1.34761	-0.87864
-0.178028	-0.660946
-0.789359	-1.70439
0.0946978	0.071437
-0.781021	-0.559757
0.753604	0.342934
-0.256657	-0.49526
0.442397	1.70634
0.553023	0.344357
0.0611247	0.307434
0.107818	-0.369387
-0.509237	0.473426
0.197512	0.713629
-0.935775	-0.733583
0.404136	0.0935084
0.142033	1.07534
1.41897	0.379358
1.07248	1.79383
-0.975863	-1.22971
0.774473	0.552256
0.800365	-0.198474
-2.10171	-2.11865
1.37943	0.81678
-0.444907	-0.610987
1.20235	1.28303
-0.11779	-0.532958
1.14342	1.82758
-0.269119	-0.571236
-0.281915	-0.632173
-1.65531	-0.85368
0.395775	0.057352
0.576021	0.553077
-0.42844	0.672088
1.39344	0.643763
1.71572	0.488574
0.932302	0.537958
-0.189292	-0.166326
-0.723973	-1.2953
-0.973844	-0.533441
-0.288039	0.0816884
1.68705	0.196453
-0.0785076	0.440315
-0.474865	-0.228101
0.405831	-0.292032
-1.54909	-1.38873
-0.835356	-0.676819
-0.131435	0.415928
0.114657	-0.314664
-0.559123	-0.265819
1.21289	0.252724
-0.411323	1.06195
1.24314	0.541181
0.95144	0.305648
-0.416764	1.0416
-1.0313	-1.39195
-0.489909	0.581321
-0.753866	-0.607742
-0.967014	-0.600997
-0.339768	-0.393271
-1.52423	-2.23346
-0.857157	-1.22765
-0.754134	-0.945894
0.425891	-0.0404222
-1.06771	-2.28368
0.184534	-0.020883
-0.408735	-0.328539
1.05983	1.66406
0.557333	-0.414067
0.530199	-0.600889
0.987256	0.0901353
-2.48684	-2.39966
0.162676	0.0677383
-0.376431	-0.204404
-0.476776	-0.0600235
-0.766539	-0.0604084
0.35109	1.03969
0.463395	0.0805238
0.07374	-0.63607
-0.630435	-1.75042
-0.694594	-0.649082
0.261485	1.38578
0.781788	0.68144
-0.0706077	-0.0979696
1.41979	0.866004
1.15415	2.49501
0.630954	0.493232
-0.1097	0.3444
0.474564	0.621167
-1.25794	-1.56695
0.165435	0.931571
-0.544694	-1.07143
0.189984	0.885701
-0.249203	-0.937038
-0.374182	0.15579
0.135133	-0.316931
0.918591	1.42047
-1.14307	-0.897743
0.72173	-0.18224
0.984478	1.1922
1.52368	1.19545
-0.0346195	-0.0427526
-0.831245	-0.169204
-1.41037	-1.19872
-1.01625	-0.545517
-1.30193	-0.898186
-0.0713451	0.0296406
-0.3958	0.259967
-1.00102	0.314791
1.62886	0.276349
-1.94818	-1.54558
-0.0352559	2.23483
-0.228656	-0.766739
1.36415	1.57812
1.12151	-0.192018
0.674798	0.191579
-1.06773	-1.66375
-0.383919	-0.241094
-0.922723	0.0709335
1.20484	1.13749
-0.436065	-0.439836
0.88704	0.558097
0.89024	-0.238523
-0.119273	0.0220614
0.424018	0.189954
-0.781991	-1.11582
0.701542	0.906594
0.335523	0.538285
0.790947	1.08492
-2.24473	-1.76482
0.2328	0.66841
0.452519	1.08079
-1.0136	0.144895
-0.934929	-0.719914
-0.0696421	-0.813023
-1.54389	-1.46267
0.340818	0.0960163
0.720727	0.449881
-0.474621	-0.124169
-0.15741	-0.350458
0.476247	1.56141
-0.750332	-0.931013
1.22356	1.39096
0.410385	0.417211
1.13199	0.744951
0.612647	0.777929
1.60374	1.84164
0.329905	-0.0540139
0.508912	0.0270247
-0.503012	-1.19147
0.713212	0.493781
-0.239914	-0.261078
0.0985588	0.850568
-0.17658	1.18103
0.578598	-0.277969
0.00421706	1.95698
-0.153851	-0.237302
-0.725912	-1.1875
0.985855	1.39425
-0.0824944	-0.418442
-0.487202	0.305147
0.894058	1.22996
0.202995	-0.281131
-0.183605	0.0400421
1.15879	0.845124
1.5458	0.952247
1.18122	0.315072
0.506419	0.0721164
-0.985583	-1.11312
0.899572	1.37346
1.0793	-0.0507334
-1.85678	-1.79082
2.39233	0.618442
-0.418748	0.235116
-0.188016	-0.785823
0.802387	1.7141
1.04267	1.51515
-0.615831	-0.469166
0.343359	-0.238921
0.224124	0.142296
0.721816	1.10795
-1.30462	-1.29598
-0.0120269	0.275113
1.38213	-0.0578132
-2.05108	-1.9535
1.94981	-0.299022
-0.602684	-0.015091
-1.95719	-1.84231
0.682247	0.227782
-1.7879	-1.42128
0.899766	1.89655
-0.759231	-0.940368
-0.313224	1.51433
-0.194732	-0.308578
1.28591	1.04322
0.142318	0.812975
-0.285223	-0.406898
-0.352079	-0.0674508
-0.856546	-0.641988
1.49347	0.560785
0.0625316	0.551857
-1.01964	-1.13623
0.0661323	0.996854
-0.763378	-1.26284
-0.375465	-0.987856
0.765836	0.232719
-1.33028	-1.04909
-1.72508	-1.83937
-0.283264	-0.68103
0.875021	1.23949
-1.67707	-1.27136
-0.410495	-0.678624
-0.556457	0.307132
0.628057	-0.0172607
0.0252985	0.523797
-1.35209	-1.36359
-0.940803	-1.1235
1.08303	0.593654
0.58267	0.925159
-1.16145	-1.29448
-0.771864	-0.408362
0.193512	0.298808
-1.81931	-1.7834
-1.28077	-0.973625
1.18722	0.0287939
0.150328	0.437247
0.582589	1.58596
1.04602	0.726708
-0.0268647	0.651241
0.110397	0.988482
0.967551	-0.433172
0.463166	0.0107595
-1.95914	-0.81433
-0.798634	-0.855162
0.45924	-0.733726
1.49802	1.87459
0.152562	-0.28038
1.30862	1.23782
0.0424552	-0.575159
0.599364	0.25389
0.796224	1.04004
-0.0140255	-0.360391
1.92494	0.488483
-1.24896	-1.13503
-0.37515	-0.303589
1.40049	0.0113954
-0.539567	-0.392063
0.812277	0.941815
-2.32509	-1.69858
-0.472767	0.444263
0.808186	1.27197
-0.727702	-0.595201
-1.85539	-2.1386
-1.61285	-1.56394
-1.08906	-0.0162438
1.0712	2.24976
1.3468	1.30881
-1.73618	-2.02411
-0.578647	-0.462304
-0.847984	2.73481
0.0283539	1.18126
-1.23229	-0.875316
2.21594	0.853408
0.477854	0.576599
0.906157	1.22507
-0.177343	1.73954
0.24749	-0.365588
0.913817	-0.317218
-0.440081	-0.37329
-0.397162	-0.581305
0.835046	-0.553144
0.348998	-0.510648
1.27564	1.3526
-0.170284	0.384712
-0.549464	-0.341494
0.0624752	1.92361
-0.433077	0.138109
0.184288	1.28745
-1.25672	-1.43166
1.07172	1.02713
-0.599309	-1.2837
0.130089	0.100879
0.847698	1.43489
-1.02174	-0.749407
0.648105	-0.326522
0.262463	0.803408
-0.322442	0.752761
-0.462608	0.143327
-1.70527	-1.74994
0.837039	0.635182
-1.15437	-0.488182
1.45181	1.72478
-0.339962	-0.831472
0.524704	0.417287
-0.13716	0.288294
-0.685485	0.326093
-2.16442	-1.29183
-0.533315	-0.914345
0.377628	1.33532
-0.42945	0.147233
-1.32473	-0.381032
-0.0832149	-0.339304
-0.994613	-1.11166
-0.485576	-0.117619
1.16996	0.399934
1.297	-0.19459
1.73034	0.734589
-0.16929	-0.444578
-0.62793	-0.767175
0.273619	0.391211
1.33157	0.245897
1.18832	0.0903074
-0.617456	-0.829784
0.452456	-0.20496
0.995344	0.918051
-0.988691	-0.737995
0.553616	-0.257458
-0.46472	0.10536
-1.42337	-1.74717
0.187154	-0.0414453
-0.132241	0.703909
0.690496	0.365623
-0.19065	-0.527622
0.23536	0.102487
-0.570224	-0.724455
0.172937	-0.356654
1.29691	0.484614
0.299934	0.878931
0.364855	0.852307
-0.798599	0.0773573
-0.417272	-0.318753
-0.332929	0.218232
-1.72778	-2.69484
-1.8577	-1.97953
1.14156	0.666476
0.877482	-0.753964
-0.393537	-0.346805
-0.219877	0.30419
0.628018	-0.279548
-0.355751	0.63113
-0.823636	-0.681493
-0.411867	-0.404968
-1.16696	-0.983104
-2.24778	-1.86417
-0.342814	-0.285302
-1.24643	-0.972429
0.5666	0.440919
0.578024	0.228166
-1.06106	-1.04683
1.44897	0.777118
0.947904	0.920105
0.916012	-0.513161
0.943965	1.86962
-2.07828	-1.817
-0.410944	-0.357163
0.842225	0.768635
1.4231	1.79803
-0.567685	0.653476
-1.67732	-1.56517
-0.788156	-0.259274
0.0617121	0.420882
-2.11858	-1.24348
-1.83583	-1.79748
0.0315372	0.0339946
-1.61721	-1.52499
-0.464591	-1.01922
-0.108436	-0.113229
-0.0412118	0.402238
-0.781787	0.641308
-0.940195	-1.43099
-0.871234	-0.678868
1.01051	1.04005
1.7566	2.25814
-1.30826	-1.17976
-1.73209	-1.66259
0.79529	-0.424272
-0.628973	0.377618
-1.44839	-1.56964
-0.298974	-0.0977152
-0.585808	0.0482284
1.5506	0.883686
0.723445	1.14415
0.510492	0.0949226
0.232782	1.34034
0.288136	0.466832
-1.37787	-0.81733
-0.892226	-0.27913
-0.0257686	0.504759
-0.627297	-0.159764
0.658904	0.449686
0.184181	0.200259
-0.683126	0.0545023
-0.712302	-0.208101
-1.10558	-0.617892
-0.789532	-0.0201585
-2.33917	-2.19955
0.722283	0.392309
0.364834	1.14036
-0.137648	0.880612
-0.239917	-0.488515
-0.744069	-0.119823
0.440651	0.371758
0.27001	0.263412
1.04756	1.02343
0.453959	-0.634222
-0.414253	-0.675674
1.35971	0.420229
-0.0174628	-0.484525
-0.342846	0.341005
0.940237	0.303258
-1.18389	-0.398568
-0.691598	-0.483047
0.0816984	2.31338
-0.0542223	0.12945
0.433068	1.37938
-0.707345	0.277647
1.08145	0.662758
0.0656255	-0.643544
0.77731	-0.576428
0.129071	1.93291
0.5137	0.257334
-0.246789	0.383601
1.28922	1.37042
0.354292	0.880708
0.252533	1.36782
-0.0336917	-0.950608
0.426529	-0.109163
1.10031	0.601169
0.946162	1.43934
-0.318998	-0.624117
0.198462	-0.738842
0.466054	-0.321536
1.75597	0.020781
-0.857531	-0.779003
-0.913568	-0.794784
1.00391	1.40865
-0.596836	-1.03325
0.356704	0.0714582
1.20942	0.236415
-0.955414	-0.90679
-2.1417	-2.06278
-1.67176	-1.46139
0.424285	0.899607
0.211645	-0.235746
-1.3976	-1.30561
0.160135	0.729682
-0.668632	-0.860329
0.810168	1.5239
0.21861	0.0812597
-0.22217	0.0109503
1.72688	0.037535
-0.0499461	0.945835
0.0543714	0.0233363
1.43653	0.795556
-1.36478	-0.998946
1.11994	0.803078
1.06004	0.902511
-1.0531	-0.629826
-0.825226	-1.26971
-0.497703	-0.271226
-0.224668	0.444621
-0.146943	1.1197
-1.31145	-1.13362
-0.0232592	-0.523719
-0.879586	-0.851633
0.822226	0.554806
-0.488749	-0.890083
-0.377639	-0.510888
0.422207	0.269146
0.588117	-0.139038
-0.176789	-0.609469
0.811743	0.759141
-1.3845	-1.46823
1.44024	-0.0273832
1.1588	0.444211
0.00233224	0.882232
-0.294358	1.34188
-0.466137	-1.2414
0.453526	0.576282
1.14877	0.880936
-0.473571	0.500456
0.0696643	0.747353
0.0652854	-0.757221
-0.097499	-0.222098
0.107435	-0.830556
0.609906	-0.722483
1.1801	0.79062
-1.56877	-1.1773
-0.942301	0.0339274
0.900252	0.517268
0.0127369	0.688436
-0.955486	-0.580846
-0.518173	1.51114
0.505816	-0.0430408
-0.190544	-0.02134
-0.478603	0.211156
-1.33978	-0.509662
-0.0194154	1.20627
0.58069	1.20342
-0.453045	-0.210805
0.233068	0.0467652
-1.27832	-0.739069
0.485216	0.753128
0.0826257	-0.789556
-0.461132	0.235118
-1.37322	-2.02133
0.178627	0.0992554
-1.86528	-1.41446
-2.16378	-2.14192
1.57823	0.801278
-1.14873	-0.297471
-0.193572	1.84624
-0.621457	-0.38407
-1.08806	-0.870904
0.739885	2.32921
0.831761	1.5384
-0.40203	-0.478124
-0.533222	-0.110906
-0.537078	-0.361443
-0.532467	0.435885
-0.637442	-1.05299
2.36517	0.113704
0.633025	0.729606
-0.00340365	0.551091
-0.786059	1.46731
0.926646	-0.382493
-0.399092	0.606927
-1.19447	-1.5652
0.175374	2.20933
0.778146	-0.0346345
-0.223576	-0.209899
0.554721	-0.066699
0.322584	-0.331077
1.13175	2.31771
0.0723187	0.834332
-0.432533	-0.658919
-0.980658	-0.965867
0.868253	0.35078
-1.76602	-2.17314
-1.52417	-0.889945
-2.13496	-1.83529
-0.764314	-1.18178
1.33148	0.208242
0.384162	0.128625
-0.485974	-0.318707
-2.6535	-2.51316
-0.464836	-0.828422
-1.28374	-0.450134
2.01734	0.0902635
0.719811	0.922077
-0.686804	-1.01272
1.28612	0.391504
-0.318764	0.252956
-1.25442	0.0200403
-0.0230547	-0.207159
-0.655109	-0.457637
-0.355183	-0.663395
-0.0107121	-0.927657
-0.19362	-0.233593
1.3392	1.11248
-0.847516	-0.577504
-1.50708	-1.32703
1.18711	0.234012
-1.11716	-1.21907
-0.739204	-0.946605
0.133014	-0.736096
-0.551783	-0.698408
-0.573574	0.374965
0.719136	1.92277
0.447732	0.822447
-1.49475	-1.371
1.0014	0.560183
0.0343212	-0.229508
-1.01845	-0.657166
-1.03988	-0.761223
-0.349433	1.2274
-0.412123	0.379199
1.25336	1.79113
-0.155849	-0.497472
2.00828	1.45188
0.911196	1.00554
-0.430513	-0.0130823
0.0785429	0.693782
0.652428	0.630072
-0.0224994	0.613561
0.899057	-0.387477
0.841096	0.30168
-0.675649	-0.629422
-2.02945	-2.08744
0.302007	-0.170268
-0.572513	-0.80889
-1.55928	-1.51656
0.814999	1.2671
2.33708	1.77736
-0.769823	-0.791065
0.580802	0.81869
0.75254	-0.15588
-0.292122	0.419477
-0.481865	-0.146501
-0.474113	0.213454
0.545741	-0.303091
0.742932	0.641264
-0.549594	-0.652764
0.0559678	0.957682
-0.0706485	0.0497222
0.250136	1.36318
1.07592	0.133886
-0.302664	0.812831
1.3214	0.039345
-0.325763	-0.423926
0.429539	-0.252508
-0.662862	-0.50273
-3.30818	-2.45248
0.0954423	0.938453
0.24569	0.922851
-0.662802	-0.922889
-0.871111	-0.572782
0.0725804	0.251178
0.374882	0.790422
1.22811	0.247381
1.67537	0.233889
1.38598	-0.36964
0.946993	-0.396364
1.33682	0.237965
0.356234	0.408264
-0.89418	-0.734409
-0.47884	0.345814
-1.01318	-1.01639
-0.252334	1.24695
1.57693	1.95714
-0.957218	0.308597
-0.361831	-0.500744
0.421487	0.332081
0.135815	0.931752
0.295244	1.21494
-0.774228	-0.651461
-1.22228	-1.25201
1.00118	-0.0212717
-0.675876	-0.449254
2.45539	1.97111
0.878857	0.583727
1.01243	0.951404
-0.105441	1.634
0.854657	-0.294113
-1.08944	-0.506757
-1.19197	-1.27452
-0.90308	-0.932151
0.76028	0.974873
-0.530467	0.606405
1.04818	-0.833938
-0.0104193	-0.899096
0.17644	2.13606
-1.72438	-1.48023
0.925252	0.781129
-0.971412	0.366547
0.635237	1.20502
-0.150013	0.767703
0.585919	1.12196
2.14844	-0.36866
-0.784146	-0.327225
-0.816693	-0.6812
-1.33244	-1.88889
0.263192	0.0280012
0.433247	0.643752
0.685246	-0.052489
-0.817289	-0.778527
0.437532	-0.407369
-0.143045	0.0394598
-1.10351	-0.966647
-1.07764	-1.01982
-0.392524	-0.502711
-0.0393269	-0.559514
-0.00801823	-0.0253083
1.2588	1.06583
0.271808	0.619383
-0.67771	-1.24288
0.858878	0.456257
0.192136	0.278431
-0.451376	-0.922383
-0.147905	0.268644
1.27351	0.666446
0.765791	1.74944
-0.00202487	0.0743108
1.96115	-0.414171
-0.0436283	-0.762706
-0.0555204	-1.05287
-0.256807	0.676068
0.948006	0.653384
-2.35726	-1.96481
-1.01278	-1.11257
0.747595	-0.148402
-0.714491	-1.63014
-0.398403	1.12443
0.486765	0.13857
1.19208	1.57533
-0.0584871	1.46076
0.507813	0.0911363
0.185704	0.426778
-1.66229	-1.68192
-1.57635	-1.48943
0.526786	-0.373212
0.180465	1.5789
0.84006	-0.0931452
1.38266	0.505631
-0.234077	-0.0173542
-0.434765	-0.880439
1.21227	0.499029
-0.620631	-0.384625
-0.415824	0.0427664
1.22239	1.3095
-0.0260853	-0.764208
1.20652	1.7136
-0.0984397	1.75132
0.301977	1.65049
0.986513	1.5982
0.771369	0.721491
-0.00927622	-0.169422
0.120685	-0.344681
-1.07469	-1.1431
-0.133872	0.0516373
-1.33763	-1.23727
-0.733306	-1.28489
-1.54236	-1.40276
0.596037	-0.559109
0.329298	0.467997
1.22214	2.15025
-0.350673	0.867911
-0.427526	0.416838
-0.648535	-0.339421
-0.971885	-1.3072
-0.212622	0.433151
-0.0664598	0.271505
-0.259912	1.66096
-0.0821578	0.816699
0.0894151	-0.365769
-0.573692	-0.664435
0.859554	0.536414
-0.923004	0.0336991
-1.52042	-1.41375
0.26131	-0.696488
-1.37131	-1.51044
-0.539768	-0.831191
-0.50962	-0.413143
0.382967	0.285905
-1.40412	-0.756877
-1.34916	-1.6751
0.675762	1.08225
0.92321	0.812163
0.221011	-0.539203
0.565536	1.67594
-0.640024	-0.661532
0.248618	0.284576
-0.626439	0.0537804
1.56796	0.938121
-0.225493	-0.322281
0.500624	-0.970918
-0.913566	-1.11038
-0.225926	-0.127647
-0.14735	-0.451785
0.903841	-0.222976
0.576165	0.432913
-0.369916	-0.905874
-2.26987	-1.49103
0.633592	-0.254804
0.372893	-0.141025
-0.0283243	-0.0168225
-0.185352	0.417562
1.25927	1.54947
0.625116	-0.0972906
-0.137409	0.203094
2.13564	0.15952
-1.09655	-1.15067
1.64526	0.94056
-0.651808	0.703305
-1.14054	-0.880442
0.844411	0.228722
-0.185478	-0.649616
-0.364724	-0.516784
0.407452	1.14875
0.158336	-0.0774402
-0.700217	-0.931447
-0.518113	-0.0574777
-0.908064	-0.679233
-1.79338	-2.31476
0.118215	-0.143628
0.814132	0.620071
0.454917	0.725918
1.31606	0.439544
1.47888	0.0694117
-0.616184	-1.36237
0.400824	0.642803
-0.391789	-0.774604
0.809497	0.00991201
0.313224	-0.254399
0.419075	-0.325845
0.819854	0.0694431
1.62076	1.29584
-0.303579	-0.817334
-0.566654	-0.829865
-0.328697	-0.966995
0.664806	-0.192286
0.25799	0.502397
-0.167579	-0.609346
0.349613	0.527623
-0.606358	-0.236498
0.435825	-0.0714602
1.26543	0.807709
-0.478876	-1.03586
-1.20957	-0.972583
0.598719	0.88997
-0.0902599	-0.56195
-0.177612	0.115017
-1.4701	-1.27074
-0.709336	0.460963
1.93883	-0.269666
-2.40221	-2.11987
-0.0558513	0.930256
-0.362223	-0.8794
0.060766	1.11256
1.39952	0.385197
0.992994	2.37184
-0.369839	0.28344
-0.28821	0.14121
0.0477077	0.0109222
-1.36189	-0.945163
-0.147948	0.283361
0.392125	-0.202779
0.0464041	0.816831
0.0133938	0.314572
0.0320834	1.57043
0.201225	-0.336221
-0.342401	-0.261262
-0.85883	0.279774
0.123447	0.190199
0.801215	-0.186364
0.789017	1.57091
1.57195	0.334449
0.150145	-0.288193
-1.21392	-0.295919
-2.7539	-2.38394
0.241344	0.932789
0.377259	0.285069
-1.30695	0.141756
0.726557	0.567904
-1.95408	-1.76654
0.904237	-0.595376
-0.293579	-0.503735
-0.356369	-0.370365
1.08053	0.654347
0.778165	-0.490891
-0.601672	1.22241
-0.37299	-0.223746
-0.973229	-0.373891
-0.416454	-0.628356
1.07812	0.675468
-0.00332238	-0.519422
0.261325	0.246141
0.839977	0.779824
0.688087	0.191799
-0.500224	-1.0075
0.552218	0.275371
1.44833	0.0665588
-0.249491	-0.0632954
-0.992216	-0.108544
0.377699	2.03167e-005
-0.402703	0.357862
-0.14267	-0.54548
0.286653	0.479108
0.0427854	-0.0897788
0.387317	0.269953
0.889256	1.44487
-1.19921	-0.670778
-2.68388	-2.36678
-0.845425	-0.412531
1.72867	0.82724
1.28248	2.15588
0.22217	0.130123
-0.244955	-0.778623
-0.943254	-0.681848
-1.24082	0.18302
2.04287	0.377084
0.658503	1.86242
-0.397057	0.276649
-0.65856	-0.332882
-0.348198	-0.153163
-1.06975	-1.77603
0.13267	-0.186111
0.43226	-0.212908
-0.473219	-0.586331
-0.549035	-0.694278
-0.511623	-0.23042
-0.519939	0.0181569
-0.444381	0.227783
0.652628	0.297948
-1.87937	-1.84009
0.627336	0.264181
0.725505	0.391095
-0.417932	1.19908
1.01976	2.77506
1.83133	0.966493
-0.414261	1.08349
-1.05257	-0.856409
-1.40621	-0.584145
0.365372	-0.808189
0.689409	-0.718765
-1.64166	-1.94311
1.05751	0.356474
0.015501	-0.164031
0.536088	0.238529
-0.680996	1.09356
1.61293	0.948261
0.143427	-0.288792
0.601421	-0.165762
-1.93489	-2.02417
-0.00647714	0.687941
0.533252	0.548925
-0.181116	-0.428991
-0.928607	-0.415343
-1.47851	-1.43314
-1.24917	-1.12221
1.24413	1.27062
-0.840419	0.439151
0.284522	-0.301039
-0.6084	0.313978
-0.341315	0.740591
0.697544	-0.0875265
0.15899	0.0269795
-1.76664	-1.49781
0.507559	0.952302
1.5875	1.45888
-0.579085	-0.0525646
1.93206	0.95947
0.308865	-0.654813
-0.483537	-0.684095
-0.769889	-0.543755
-1.59078	-0.773734
-1.32867	-1.56043
-0.309094	-0.743128
1.17129	0.119536
2.1032	-0.611952
0.00117912	0.1085
-0.0788531	0.366641
0.946299	1.07292
-0.0420744	1.51178
-0.829044	-0.739564
-0.156311	-0.49293
0.526137	1.10657
-0.908897	-1.55732
0.0520959	0.614145
-0.547947	1.07581
1.43684	0.0689658
-1.58551	-1.52424
-0.280568	-0.447756
1.0954	0.254939
-0.329126	0.11199
-0.74581	-0.393722
-0.00376494	-0.137775
-0.720789	-0.913356
-0.023772	0.449353
-0.610627	-0.752762
-0.624971	-0.407375
-0.915702	-0.496581
-0.345253	-0.628434
-1.53934	-1.59869
0.519494	0.637996
-0.293866	-0.183115
-1.02024	-0.949867
-1.34879	-1.41339
-0.490174	0.0344769
0.886371	1.40888
-0.623782	-0.398791
1.18328	1.58622
1.23824	-0.172646
1.87247	0.215819
0.673558	0.112596
0.702982	0.84549
-0.661186	-1.53388
0.750752	1.66607
-1.79609	-2.00792
1.31636	0.47615
-0.362694	-0.293716
-0.346327	-0.328824
1.35571	-0.0949374
0.0954463	0.106918
0.957709	0.772959
-0.288641	-0.464683
-0.259338	1.36741
-0.348879	-0.466107
0.199045	0.172285
-0.909375	-0.549153
-1.82028	-2.22773
-1.83786	-1.68282
-0.398783	-0.0542702
2.23362	0.664933
0.473374	0.164079
-0.533837	0.117992
0.149226	0.979841
-1.17646	-1.39084
-1.45283	-1.34209
-0.0330169	-0.389761
1.13352	0.496125
-2.15472	-1.00139
-0.0298463	-0.339911
-0.317705	-0.839714
-0.992672	-0.440306
-0.198947	-0.124341
-0.86951	-0.88212
-0.642326	-0.0362628
-0.650116	-0.318831
1.82673	0.85334
1.10155	1.45424
1.04912	1.0388
0.0633383	0.145011
1.08448	-0.439214
0.820235	1.25303
-0.736992	-0.986006
-0.244187	-1.38505
1.89632	1.13297
-1.24701	-0.787491
0.506317	0.00394144
-1.67056	-1.80134
-0.247058	-1.22101
-0.270989	-0.119275
0.155535	1.288
0.917853	1.06471
0.273042	0.370358
-0.152345	-0.369655
0.101818	1.53307
0.057795	1.20251
0.669933	1.16672
-0.104306	-0.317763
-1.45917	-1.08291
-0.0924652	-0.132328
0.59552	0.154556
0.802906	0.613468
0.334084	1.15875
0.690143	1.6586
1.49394	1.30299
-1.4545	-1.35761
-0.577441	-0.418603
0.10431	2.31084
0.661175	-0.0160318
0.520937	0.269832
1.07852	0.753407
-0.236424	-0.0145472
1.16877	1.41915
-1.07554	-0.577415
1.39984	1.62377
-0.781924	-0.33741
-1.62253	-1.76985
-0.10088	1.00693
0.343954	0.368398
0.631184	-0.354071
0.832086	-1.11468
-1.57398	-1.31622
0.768631	1.14372
-0.419567	0.934173
1.03608	0.783072
0.867976	0.573752
1.3788	0.150978
0.622841	0.732623
-0.0162302	-0.265519
0.897794	0.124305
1.59696	-0.145196
-1.02521	-0.509799
-1.45974	-1.65351
-0.28864	-1.48812
-0.343568	0.758013
0.0265955	-0.460669
-1.64775	-1.52087
-1.6154	-1.22548
-0.0230124	-0.943391
1.82155	0.803534
-0.99018	0.131595
-1.06762	-1.04659
0.616368	0.0387868
-0.0339043	0.16379
0.110724	-1.14001
0.718745	0.15284
1.37925	1.36191
0.331575	-0.366322
0.6877	0.825853
-0.0777481	-0.0464869
-0.296638	-0.24096
0.225597	0.620588
1.51009	1.65143
1.18462	1.38734
0.680328	0.208567
0.499026	0.272607
-1.31358	-1.11652
0.186966	0.684091
-0.261854	-0.124424
0.941696	0.460165
1.41199	1.81765
0.431471	1.75366
-0.19584	-0.550939
-0.458215	0.606916
-0.725656	-0.458843
-0.12728	1.36873
-2.51229	-2.63428
0.735486	-0.154861
0.194008	-0.157839
0.174656	1.02711
-1.15896	-1.34438
0.388878	0.107647
1.1837	0.493325
-0.0241811	0.727003
0.765769	1.52317
1.07879	0.757359
-0.0333082	0.160184
-0.599501	0.799075
0.205832	1.23487
0.650431	0.535265
0.189999	0.495777
0.670225	0.657896
-0.638602	-0.551589
-0.085069	-0.398694
-0.469121	0.0994087
-0.876894	-1.24798
-0.524294	-1.056
-0.332571	-0.0829197
-2.44558	-2.30093
1.10029	0.676595
1.09989	-0.064693
-0.816227	0.587316
-1.11212	-1.54977
1.39632	0.740951
1.30785	0.141189
0.82116	0.153781
1.32873	-0.366942
-2.03877	-1.94992
-0.266738	0.0689107
-0.288088	0.229665
0.892895	-0.498125
0.479862	1.01427
-1.0237	-0.671346
-1.26519	-0.893179
-1.28327	-0.94233
0.394898	0.624622
0.658401	-0.205573
0.345603	1.30265
-1.76203	-1.59877
1.05629	0.096131
-0.741089	-0.968205
0.319115	0.906336
-0.610116	-1.4562
-0.127695	0.715254
1.1705	0.262339
-0.842955	-0.573546
0.738837	1.5284
-0.517856	-0.476051
1.03102	1.05213
1.38668	0.946918
-1.5567	-1.36355
0.871565	0.817159
-0.174586	0.689564
-0.959876	-0.44426
-0.513509	-0.0797117
-0.0535148	-1.04901
0.983146	1.33411
0.223462	0.425185
-0.556353	0.112954
0.0565946	0.948018
0.896186	0.0256368
-0.150717	-0.503153
0.442981	-0.392033
-0.41016	0.176125
0.927895	1.62118
0.549289	1.54547
-0.45005	-0.600363
0.187861	0.823967
1.85162	-0.306449
-1.73163	-1.53641
-0.229482	-0.15785
-0.197471	0.646311
1.84905	0.817415
0.411188	-0.0496399
0.601051	0.626707
-0.403473	-0.451735
-0.761188	-0.713742
-2.00656	-1.99754
-0.402868	-0.875893
-1.27032	-1.46168
1.45171	2.52541
-0.33133	-0.433651
0.245338	-0.121766
0.733225	1.12993
0.398825	1.59209
-0.326657	-0.329142
1.0679	1.00519
0.849252	0.685457
-0.651457	0.246107
0.44559	0.162442
-0.48346	-0.0509171
0.488954	0.766299
-0.28668	-0.937798
-0.0644596	-0.340445
-1.54314	-0.878723
-1.32095	-1.08675
-2.53102	-2.37985
-1.70063	-0.822073
0.314883	-0.519973
0.809673	0.212339
0.0235242	-0.125646
0.158161	1.73351
0.986539	0.374079
-1.79405	-1.85241
0.275333	0.193031
-1.33431	-1.60721
0.45725	0.0148293
0.742187	-0.876599
-1.2919	-1.71308
-0.95413	-0.560398
1.27971	1.31741
-1.59619	-1.41111
0.0757953	0.776487
-0.129476	-0.465658
0.643238	0.233989
0.882031	1.19508
-0.339735	0.566406
0.28862	0.229995
-0.849158	0.444081
0.297145	1.01501
1.20102	0.599613
-0.697088	-0.530465
1.14206	0.482951
-2.32489	-1.89154
-0.52392	0.0129486
1.54528	1.33544
0.890542	1.13138
-0.705021	0.565202
-0.511611	-0.954151
1.25285	1.97391
1.46037	0.868836
0.533311	0.150837
0.183944	-0.486287
-1.95139	-2.21945
-1.49972	-1.69697
0.828845	0.252085
1.59772	-0.366327
0.962486	0.575491
-0.29428	-1.1003
0.248904	0.478578
0.770653	0.277436
1.07358	0.0352105
-0.258802	2.22961
-0.3977	-0.373169
0.950039	2.13194
-0.512628	-0.0196584
-0.473148	0.0770233
-0.613572	-0.320054
0.626624	-0.811716
-0.870049	-0.391594
-0.594	-0.672075
0.354417	0.372437
0.425719	1.62916
0.0816774	0.451449
-0.0303188	2.03808
0.0596583	0.597404
0.377683	-0.0638827
-0.435577	-0.861059
-1.36675	-0.743691
0.291311	0.515218
0.548495	0.708841
1.01606	1.19552
2.20431	1.24943
1.27444	0.963745
-0.638182	-0.424081
0.614433	-0.452837
1.48461	0.0245264
-1.19941	-0.735216
0.884768	0.104751
0.516856	0.22371
-1.76002	-1.18087
-0.0445278	-0.194436
0.197156	1.36262
-0.433037	-0.380133
0.753471	0.816305
-2.09229	-1.07891
0.423252	0.531492
-0.28524	-0.653515
-0.784059	-0.508544
-1.59426	-1.35336
-0.63095	-0.513525
0.669864	-0.49577
0.720589	0.483437
1.43944	1.45092
0.455413	0.962044
0.165369	1.69174
0.0223681	-0.0608525
0.597345	1.75995
0.592534	0.550335
1.85797	0.6728
-0.284042	0.34789
-1.07518	-0.794252
0.640984	-0.226218
-0.431634	-1.57357
-0.766181	-0.548144
0.0438922	-0.593838
0.545869	0.239691
-0.0313189	1.54775
0.179457	-0.190661
0.371918	0.070365
1.86828	1.8283
0.23522	-0.202577
-0.235034	0.165978
-0.601378	-0.779704
-0.0824721	-0.948189
1.24098	2.08848
1.29162	0.77942
0.106228	1.48548
-0.503386	-0.0768247
0.00680923	0.104343
-0.548402	-0.135436
0.228359	1.35682
1.17721	0.0400254
0.682321	-0.812103
1.12924	0.585905
-0.481074	0.703433
1.45915	0.568776
0.597674	0.259288
-0.0103704	-0.455851
0.468153	0.443522
0.10034	0.440551
-0.445601	0.315903
-0.441643	-0.419192
0.461739	-0.031392
-0.239615	-0.639469
0.175665	0.316709
2.07034	0.794543
0.114103	-1.29162
-0.714577	0.484342
-0.577407	-0.778785
0.174676	1.01304
0.238449	-0.327542
-0.298549	0.296678
-0.102151	0.251875
1.10206	0.579051
0.824428	1.15153
1.05818	0.638527
0.535592	0.40677
-0.366753	0.244354
-0.29466	1.14926
0.510703	-0.231486
-0.799192	-0.438423
0.111276	1.25582
-0.205755	-0.0222287
-0.84871	-0.100783
1.1694	-0.244765
-1.05599	-0.66598
0.831622	0.0955042
-1.24059	-0.98488
-0.795297	-0.782431
1.06608	2.21669
-0.466266	-1.17827
-0.407938	-0.607362
1.45918	0.159921
-1.25582	-0.871593
-1.25016	-1.38046
-0.50768	-0.679313
-1.10597	-0.992635
-0.349759	-0.000954362
-1.92073	-1.88107
-1.0194	-0.351921
-0.138759	-0.496074
-1.528	-1.54345
0.255253	-0.150869
-1.22061	2.10479
-0.890931	-1.48357
0.895186	0.909454
0.164117	0.58073
0.0659419	-0.527155
2.27147	2.05237
-0.60248	-0.184179
1.09876	0.526932
-0.992007	-0.0802443
-1.09616	-0.812914
0.886046	0.58749
-0.956732	-0.346182
0.489876	0.247405
-1.12558	-0.337052
-0.482979	-0.0213696
-1.66976	-1.211
-0.326255	-0.345335
-0.019736	-0.69336
-1.02965	-0.315333
0.60056	0.515323
0.00223588	-0.791071
-1.84384	-1.66345
-1.20702	-0.889189
1.13026	1.72596
1.27339	0.768779
-0.565081	-0.0911564
-0.104678	0.55975
-0.827947	-1.31694
0.358283	-0.0317841
-2.36264	-1.94107
1.39811	-1.27591
-0.369517	-0.820339
-1.3837	-1.44074
-0.469158	-0.272728
0.175571	-0.478581
0.477145	2.60192
0.951753	0.534638
-0.166708	-0.312699
0.885122	0.556557
-0.212093	-0.329852
-0.138751	1.05576
1.01465	1.40597
-0.417118	0.52243
-1.91658	-1.71339
0.176692	-0.280217
-0.385691	-0.552179
0.261381	0.476758
-0.161635	-0.499119
0.792857	0.524588
2.10748	1.15636
0.450381	0.49627
-0.558626	0.402901
0.0582186	-0.786717
-0.122132	1.36802
-2.40421	-2.16578
1.67241	1.16228
0.43724	1.20415
0.0515931	1.49938
0.838526	0.859342
0.453454	0.580303
0.374983	-0.671951
1.15302	-0.386629
-1.13156	-0.946334
-0.859397	-0.488804
1.45508	0.983744
0.197479	-0.0188938
-0.964223	-0.6022
-1.0454	-1.14026
2.38691	0.862838
0.399674	-0.0874792
0.772798	1.34872
0.954619	0.523985
-0.532673	-1.07781
-0.155371	0.319373
-0.795509	-0.280337
2.06957	0.827982
-0.150603	1.02006
-0.0296921	1.43115
1.48177	0.174151
-1.50254	-1.15091
0.46172	-0.651468
0.913283	0.89253
-1.39156	-1.50354
0.0366606	-0.359736
-0.0369807	0.104525
0.113187	1.51911
0.386509	0.448771
0.502861	1.01115
-0.244167	-1.20027
0.345684	0.124131
-0.73072	-0.433658
0.779194	1.6638
0.173455	0.104744
-1.30255	-1.34945
0.212902	0.778381
0.542253	1.64352
0.728004	-0.394137
0.493592	0.833395
-0.23827	1.387
1.71434	0.697033
0.998333	-0.560669
1.72461	0.547754
1.89338	-0.17637
0.428366	-0.24608
-0.11663	-0.33418
-1.17397	-1.05286
-0.0261352	-1.05673
0.643125	0.27009
-2.23487	-1.83252
0.717175	0.25823
1.8645	1.46078
0.518535	1.17711
0.0487676	-0.42601
0.597762	1.51343
0.550267	0.376552
0.358113	-0.557607
0.606297	-0.698293
0.743589	2.07424
0.787675	0.642425
0.687307	0.794983
0.0394173	-0.271369
-3.20904	-3.26587
-0.102678	0.377247
-1.15223	-0.781102
-1.28643	-1.74578
0.141545	0.644671
-2.52846	-2.37231
-0.321301	0.429076
-1.03479	-1.09655
1.11622	0.659552
-0.616633	0.2597
-0.325698	0.52093
-0.091376	-0.800052
0.707825	0.630957
0.789036	0.587216
0.15636	0.822576
0.0845313	0.86148
0.327708	0.319363
1.23451	0.892898
0.54782	1.56288
-1.88316	-1.21932
-0.282702	-0.627041
-1.69048	-1.79366
0.0570392	-0.228775
0.849473	2.45614
-0.563667	-0.082538
1.45374	0.652566
0.0133148	-0.146148
-1.07987	-0.828026
0.836196	0.333983
-0.318936	-0.151582
2.19098	1.47954
-0.882218	-0.945173
-0.526078	-1.58692
0.29364	0.378945
-0.181126	-0.725191
0.600812	0.258258
-0.879836	-0.1014
-0.178961	-0.705531
0.0124758	-0.578733
0.622501	-0.206856
0.828088	-1.23382
0.163994	0.0914951
0.0354679	0.107172
1.13922	0.441995
-0.905437	0.597248
1.93824	1.14357
-0.120652	-0.658603
-0.217991	-0.243864
-1.3469	-1.09885
-1.51531	-2.06271
-2.29862	-1.94687
-0.58207	-0.586814
-0.0991075	-0.0598595
0.197454	0.645721
-0.933373	-0.288829
0.536396	0.186212
0.0485595	0.275601
-1.81078	-1.39812
0.79862	0.119619
1.97424	1.2266
-0.976614	-0.0245547
0.137888	-0.31415
-2.18616	-2.28253
-0.142645	-0.930909
1.80658	0.484845
0.351857	-0.0250151
-0.432148	0.0403284
1.01483	0.348447
-0.042881	-0.334064
1.16568	2.32994
0.494102	1.73495
-0.973989	-0.52092
0.0669263	0.750272
-2.4543	-2.19067
-1.04991	-0.166016
-1.22269	-1.27398
0.0957027	0.454061
-0.813799	-1.20811
-0.565833	0.226458
1.69283	1.09185
0.569269	0.965885
0.498499	-0.826822
-0.559688	-0.200757
0.990933	0.613698
-0.257552	0.0554691
0.311445	1.45368
-0.750629	-0.631933
1.36146	-0.569359
-0.211925	-0.837733
0.112301	0.08974
1.75301	1.31165
1.23587	0.0386711
-1.1032	-1.13523
1.57777	-0.00130692
0.319014	-0.0304045
1.94508	1.21297
-0.114534	0.493846
-0.545837	-0.349098
0.32524	1.37397
-0.349323	-0.0560695
0.122926	-0.760065
-0.617003	-0.978359
0.560004	0.811673
-1.30723	-1.42257
-0.32504	-0.0664275
1.06828	2.10418
-1.50296	-1.44799
0.0447739	0.453888
0.718679	2.30562
-2.29758	-2.88268
-2.30277	-2.21019
-0.0989278	1.0236
0.0989979	0.490052
-0.703334	-0.160788
0.562605	1.28526
0.365521	0.505787
-1.24394	-1.32735
0.874334	1.76499
0.331577	0.765134
0.996482	1.63793
-0.284188	0.546871
2.05813	0.741144
0.159461	1.21401
0.41471	0.9558
0.366032	0.596539
-0.92445	-1.48786
0.849676	0.28022
-0.385186	1.67012
1.72617	0.345238
2.00722	1.35724
0.161152	0.339236
0.553066	-0.490719
0.544985	0.862725
-0.600018	0.107935
0.445875	1.68325
-2.32394	-1.15904
0.170289	-0.0888844
0.235907	-0.58181
1.85404	-0.0236927
-1.38032	-1.36658
-0.387328	-0.609585
-0.304422	-0.200559
-0.408897	-0.407612
-1.66294	-1.89304
-1.01524	-0.216122
-0.0856701	-1.53969
0.00787436	-0.350467
1.3443	1.19663
-0.167534	0.946715
0.676331	0.441685
-0.722036	-0.924584
0.621292	0.500465
-0.923684	-0.213611
0.12022	1.38496
-1.28037	-1.69303
-0.21322	-0.527713
-0.871488	-0.607568
-1.41332	-1.16885
0.535091	0.435364
0.726419	0.0157652
-0.113109	-0.376028
-0.0711823	0.0649738
-0.833034	-1.04368
-0.38577	-0.327567
0.168467	-0.276472
-1.56611	-1.63949
-1.38603	-1.10717
2.95578	0.734851
-0.672392	-0.227891
-0.465329	-0.733229
1.31921	0.800628
-0.00841388	1.07655
0.31421	0.114045
0.935226	0.0497201
0.232945	0.0727207
-0.256716	0.12193
-1.90652	-1.48436
0.395934	0.97717
-1.7369	-1.80133
-0.948386	-0.679547
-0.440635	1.12554
1.09205	1.62797
0.0247311	0.37672
-2.04663	-1.77569
-0.335382	-0.618936
-0.70049	-0.17385
1.1775	1.12023
-0.608704	-0.511138
-1.56888	-1.57341
0.110342	0.462877
1.35689	1.90689
0.147339	0.245036
-1.06064	-1.12742
1.42906	1.00169
0.151114	0.519844
1.96622	0.364159
1.07614	-0.0572434
0.745501	-0.0112862
-2.07307	-2.23594
2.06968	-0.24519
1.62017	0.0354837
-0.0926655	-0.453855
-0.282726	0.138746
0.724869	-0.547544
-0.150608	0.471681
0.151495	0.134615
0.124543	1.03627
0.692684	0.185687
0.179165	0.119274
1.23676	0.347616
0.815481	0.316334
-2.10661	-1.94503
-0.0940138	-0.0435009
0.0436945	0.340257
-0.0626849	-0.303448
0.224177	0.121177
1.53969	0.37235
1.05575	1.89271
-0.960479	-0.751108
-1.07423	-0.898821
-0.189176	-0.454211
0.141188	-0.848076
0.250587	0.316952
-0.72672	-0.565623
0.746888	0.826361
0.944561	1.25515
0.724867	1.44936
-0.82115	-0.626574
1.12981	0.570897
0.557262	1.21767
-0.220734	0.731124
-0.773845	-1.09752
-0.486356	-0.125959
0.525965	0.360071
0.399479	2.27632
-1.0382	0.339618
0.978664	0.804464
0.30961	0.189157
0.522073	-0.196176
-0.918982	-0.992975
-1.08507	-1.27256
-0.422451	-1.09396
-1.21738	-1.21309
-0.818507	-0.883291
-0.031275	-0.32431
-0.643474	-0.72979
0.127974	0.674046
0.694957	-0.436112
1.79688	0.106675
0.0236319	-0.0867743
-1.56747	-1.50824
-0.766793	-0.616811
-0.918978	-1.21889
0.918263	0.268521
-1.42278	-1.06872
-0.532673	-0.734407
0.713981	0.872694
-0.470695	-0.711742
0.5267	-0.249909
2.38851	0.906718
1.82213	2.48639
1.37903	0.244755
0.141297	1.488
-1.35305	-1.05448
-1.05821	-0.415421
-1.50864	-0.980949
-2.28093	-2.09785
-0.0962181	2.66279
0.695779	0.862824
0.171555	-0.862064
2.60873	0.232372
0.954481	0.19266
-0.0721626	-0.646292
0.0211897	0.299232
0.73725	0.570573
-2.35392	-2.21103
1.32579	0.323247
-1.85137	-2.19689
0.687157	0.329059
-0.39578	0.391618
0.341407	0.0307807
0.959143	-0.150342
-1.63103	-1.18188
-0.561185	-0.384403
2.55703	1.23234
0.0585845	-0.599659
-0.217417	-0.969076
0.414696	0.742141
-1.08555	-1.32842
-1.45205	-1.2844
1.05512	-0.228018
-0.697716	-0.592382
1.75982	0.161976
0.315357	1.88925
-0.26211	1.48642
-1.12109	-1.03907
2.17838	-0.296793
-0.384713	-0.540423
-0.678924	-1.04064
0.984619	0.310357
0.71747	2.2863
2.14865	-0.252112
-0.472554	-1.11288
-0.846928	-0.708744
1.27367	0.549164
-0.533461	-0.873331
-0.722064	-0.936224
0.607619	-0.197815
1.56086	0.216232
0.137994	0.744718
1.07825	1.63859
0.532006	2.31987
0.0917676	-0.350142
0.0572794	0.737754
-0.265438	-0.265286
-0.208238	0.644886
1.76605	1.18361
-1.33664	-0.584857
-0.0490422	0.427723
1.57767	-0.483835
-0.63662	0.285773
-1.37838	-1.7733
-0.252583	-0.461526
-0.70482	-0.702047
1.21325	0.766077
-1.75904	-1.219
2.00717	1.29816
0.318288	-0.017405
0.115095	0.636074
-0.311984	0.110454
-0.816212	-1.05746
-1.10798	-0.664843
-0.511436	-0.763973
0.2596	0.215216
-0.0899814	1.81144
0.32175	-0.310897
-1.43755	-0.766353
-1.37574	-1.06234
0.274782	-0.672736
-0.711191	-0.68103
0.607189	0.81066
0.884209	0.578705
0.368047	-0.798586
0.26918	0.539337
1.5669	-0.514085
0.425263	0.534259
0.482622	0.748529
1.37728	0.392579
-0.213571	-0.188251
-0.0950584	-0.0560214
0.064366	-0.0072987
-2.64524	-2.66148
0.923987	-0.713699
-0.932908	2.03999
-0.532039	-1.08648
0.663676	1.46119
-0.375179	-0.0342422
-1.58009	-1.8243
0.112435	2.12533
-0.0226654	-0.110504
-1.26636	-0.744893
-0.0369289	0.154025
-1.30762	-0.790073
-0.780408	0.562897
-0.757888	-0.311268
1.82048	1.54931
0.503494	1.13222
0.323005	1.54562
1.55615	1.20457
-0.267942	0.995746
0.148195	-0.548925
1.08573	0.919087
-0.206204	-0.236345
1.51248	0.755444
0.19271	0.372144
-0.0865542	1.35167
1.03089	0.436555
-0.925508	-0.564253
2.26486	1.52778
-0.133792	0.204144
0.3173	-0.310202
-0.624525	-1.11614
-0.125376	-0.858291
0.724864	1.38492
0.0722081	-0.577637
-0.196728	0.518222
-0.251436	-0.0861823
-1.58622	-2.07168
0.552064	0.353661
-0.934354	-2.40855
-0.228077	-0.554809
1.29924	0.570994
-0.856511	-1.04061
-0.551088	-0.326504
-0.203941	0.870996
0.155584	1.41421
-0.601126	0.0498226
0.286648	1.14433
1.51181	-0.0169107
-0.425844	-0.704887
-0.621888	-1.39306
-0.411243	-0.0542993
-0.0490325	1.91767
-1.41201	-1.61075
-0.283207	-0.381785
0.485144	0.665181
1.49086	-0.619194
0.699208	0.679973
0.355805	-0.366597
-0.103942	0.443272
1.5973	0.559739
-1.10326	-2.12159
-0.187583	1.95054
1.03666	1.23017
1.04349	0.643973
-0.895317	-0.731554
-0.433419	0.584164
-0.723702	-0.318848
-0.0546249	0.133683
-2.75638	-3.01592
1.52743	1.26438
-0.325939	1.29912
-0.157644	0.297568
-1.78585	-1.85096
-0.440764	0.64753
-0.997026	-0.343143
-1.26829	-1.42455
-1.07511	-0.187581
0.461789	0.591004
1.04822	1.43406
-0.414173	-0.779474
1.96127	0.545857
0.453687	0.718516
-1.17	-1.29519
1.04342	0.341921
-1.9856	-1.45501
1.08655	1.52611
-0.714182	-0.766579
-1.11167	-1.04422
-1.82303	-1.80746
0.188112	0.396331
0.420391	1.19839
1.20896	2.28657
0.14994	0.160962
0.863546	-0.0544154
0.442471	-0.537229
0.820612	0.95445
-1.20818	-1.33782
-0.768675	-0.852864
-1.25546	-0.825597
0.719502	0.303342
-0.893583	-1.4113
-0.224224	-0.0144341
-0.382904	-0.350325
-0.0270626	-0.876521
-0.520533	-0.00688647
1.04941	1.28389
-0.397031	-0.0800194
-0.241055	0.0898872
1.4247	1.70914
-0.366551	-0.749234
0.221881	1.12926
0.272826	0.563384
-0.498638	-0.234074
0.254814	0.558227
-0.197018	-0.844556
0.34329	0.254735
1.12272	1.19554
-0.111786	-0.723888
0.653102	0.599913
-0.327028	-0.17138
-0.73365	0.0714212
-0.509453	-0.221791
0.613088	1.09221
-0.691248	0.331703
0.0489708	0.241276
-0.55185	-0.615323
0.456771	0.943279
1.11509	-0.346228
0.192612	-0.460961
-1.98043	-1.91543
0.83385	1.51772
-1.37125	-1.06964
-0.457063	0.365549
0.889433	0.696733
0.124156	0.509921
0.990277	1.91906
-0.859101	-0.93635
-0.524455	-0.723408
-1.75563	-1.87341
-0.280086	-0.734264
0.171109	0.0372803
-0.101408	0.0999649
-1.39364	-0.489788
0.816324	1.39533
0.863037	0.338621
1.44814	0.627591
-0.166153	0.225743
0.505482	0.215682
1.03075	1.07488
-1.34822	-0.515471
-0.335633	0.729739
-0.0335902	0.870411
0.390146	0.468635
-2.02998	-1.80234
1.2808	-0.76267
0.91921	-0.545846
0.134749	-0.571722
0.090928	-0.693984
-0.487788	0.29429
-0.729552	1.74119
-0.597575	-0.541897
-1.32254	-0.381907
0.654574	0.0482101
0.165157	0.331633
-1.00449	-0.913875
-0.737545	-0.826597
-0.999921	-0.843812
-1.37386	-1.35749
0.203679	-0.132838
-0.823894	-1.33869
-0.0589172	-0.828107
0.109819	0.137383
-0.108186	-0.0958869
-0.309528	0.0285124
1.14251	0.200492
-0.287645	-0.632919
2.34306	0.656352
1.60745	-0.378423
0.429477	-0.485506
-0.40773	-0.666975
0.271584	0.775057
2.04349	-0.243127
0.0659293	-0.401066
-1.53134	-2.45795
0.730233	-0.0390611
1.33529	-0.0803311
0.684651	-0.432545
-0.57994	0.572891
-1.5769	-1.15974
-0.159423	-0.0307307
0.777617	0.10645
-0.655148	-0.650287
-0.969972	-1.10407
1.5428	0.491674
0.137233	2.14642
-1.96325	-1.54838
2.06005	0.787984
0.0719969	0.376715
0.884749	1.2551
-0.771653	-0.680504
0.715657	0.134387
1.0544	0.736706
0.46595	0.153664
0.190993	1.06767
0.444347	0.986458
0.663991	0.980307
-1.88607	-1.94806
-0.82415	-0.938608
0.36732	0.982058
-0.42729	-1.46058
1.15143	1.68788
0.926228	0.126513
1.79203	1.34972
0.740877	0.677128
1.41383	0.901591
-0.135311	1.42656
-0.084172	-0.0773191
0.130921	0.799168
-0.5528	0.270359
0.591238	1.11493
-0.361765	0.367379
-2.12337	-1.69154
0.340018	-0.656412
-0.541127	0.216758
-1.88773	-1.71489
0.829542	-0.0802155
-1.64333	-1.73943
-0.00973812	0.646666
0.539507	0.261332
0.109772	-0.153155
-1.31905	-1.7827
0.551953	-0.836864
-1.06322	-0.627943
0.688038	0.0695096
-0.248037	-0.749983
1.29317	0.992243
0.168749	0.743334
0.74179	2.47798
-0.0409879	1.16713
-0.464484	-0.430055
-0.452179	-0.531075
-0.548026	0.00893039
0.483312	-0.445141
0.935661	0.0321909
-0.59314	-1.76411
-0.0892425	-0.193629
-0.920969	-0.784991
-2.69072	-2.24465
0.0418193	1.09916
1.68264	1.50906
-1.311	-1.21977
1.36841	1.48832
-0.435719	-1.03446
1.04012	0.173361
0.987568	0.00926666
-1.08937	-1.03223
-0.119287	-0.0305235
-2.18901	-1.20712
-0.294658	-0.0222069
1.00628	0.753981
-0.6421	0.396935
0.308511	1.07791
-0.967048	-1.35284
-1.76254	-2.26861
1.12801	0.777416
-1.24722	-0.986317
-0.258852	-0.0281212
-1.63067	-1.43462
-0.00262451	1.12272
0.556188	-0.394512
0.338293	0.292648
-1.47695	-1.06533
-0.390952	-0.252178
0.425879	1.70286
-0.107125	0.0266848
0.404696	0.358763
1.18479	0.20918
0.346611	-0.339718
-0.454062	-0.910674
-0.579787	-1.62068
0.102483	-0.68008
-0.433201	0.424766
-0.114082	-1.19881
0.0178025	1.15314
1.28428	0.325846
-1.20661	-0.779088
-1.17014	-0.78253
-0.800597	-0.917693
0.468057	-0.601411
1.12197	-0.55807
-0.0853761	-0.10523
-0.307857	-0.501927
-0.50234	1.63815
0.511759	-0.44031
0.828154	2.3871
-0.228221	-0.38061
-0.713059	-1.06275
-0.83316	0.343062
-0.159829	3.01098
-1.67981	-1.74905
-0.262925	-0.541775
1.6666	0.554423
-1.31447	-2.17288
1.73173	1.82678
-1.61705	-1.07268
0.446489	1.20147
1.22801	1.11279
-0.740872	-1.02347
0.273256	-0.278728
1.40961	1.22476
-1.17609	-0.595363
0.576704	1.32017
-0.213229	-0.0715944
0.772806	1.07525
1.47197	1.41172
-0.539108	-0.691552
-1.16295	-0.841038
0.289357	0.549901
-0.521873	-0.250928
0.301007	0.624074
0.714093	0.843503
0.862578	1.36074
-0.363034	-0.217157
-1.92238	-2.07726
-1.88346	-1.06071
0.970549	0.476641
0.184444	1.34051
-2.10767	-2.10746
-2.12369	-1.82767
0.170347	0.847647
0.744563	0.534484
0.541127	0.730635
-0.999745	-0.668447
-0.839964	-0.370316
0.281565	-0.00875545
-0.0785889	0.439486
-0.546946	0.739911
-0.380872	0.156308
0.151502	0.341312
0.673474	0.278869
-0.106068	0.552287
0.689497	1.06537
-0.882343	-1.38523
0.434653	0.636685
-0.542279	-0.832882
0.0360149	-0.290492
0.470372	0.441733
0.505426	1.0858
2.21748	0.980997
-1.70332	-1.98618
-1.85782	-1.51622
0.864605	0.777962
1.40712	0.0446902
-1.62931	-1.9294
-1.56756	-1.35501
0.422934	-0.113143
-0.522803	-1.26331
0.178651	0.600383
-0.819348	-0.522037
0.888473	0.302204
-1.99988	-2.41035
-0.22789	0.3063
-1.35333	-1.40867
0.632162	1.05112
0.932285	0.0239594
0.366944	1.10244
-0.75692	-0.753322
-0.709458	-1.14419
0.878738	1.72545
-0.772165	-0.692287
-0.449592	-0.84781
1.35362	0.125146
0.753938	0.727157
0.073897	0.181942
1.38313	1.10103
-0.954796	-0.19207
-0.513972	-0.0724944
-0.364574	-0.605096
0.246927	-0.155845
-2.39576	-2.6308
-0.230232	0.482667
-0.472264	-0.239575
-1.52003	-1.67617
0.740627	-0.204897
0.677754	1.00505
0.66852	0.914369
0.426274	0.438213
1.85572	0.602903
-1.09789	-1.27903
-2.18056	-2.26445
1.50101	0.712631
-0.41118	-0.67671
-0.502207	-1.07949
-1.56232	-1.48458
-1.21467	-1.64675
-1.91017	-2.06428
0.120287	0.617143
-0.637944	0.408357
0.863069	1.53624
-0.00818165	1.75348
-1.02056	-0.590025
0.435479	0.381471
-0.216348	0.670307
0.426496	0.0296793
2.10343	1.8473
-1.68815	-1.11903
-0.646613	1.5996
1.08519	0.673167
-0.0349426	0.902472
0.292328	0.793915
0.678966	1.40126
-0.591814	0.242852
-0.147447	-0.111786
0.541531	0.764126
0.693067	-0.0017931
0.194363	-0.147392
2.44098	1.3099
-0.0890545	0.764503
-0.564935	-1.63105
0.148347	1.15422
0.596117	0.505084
-0.973367	-0.0354848
-0.47883	0.457578
-1.68854	-1.24315
-0.485814	-0.405029
0.500508	1.21825
-0.108105	1.57889
0.0737564	-0.0895518
-0.224437	0.14961
0.384644	-0.385522
-0.306624	1.78852
-1.00258	-0.734599
1.26931	0.363027
-0.310134	1.53255
-0.61501	-0.482503
0.821895	0.499658
0.757644	0.943747
-0.0590262	1.03069
-1.3726	-1.17695
-0.846712	-1.37585
-0.598065	-1.19366
-0.358797	-0.664427
0.75017	0.591337
2.16433	1.06803
-1.51302	-1.27954
-0.660812	-0.73815
-0.344697	0.0455172
1.10976	1.61215
-1.22324	-0.313688
0.157268	1.36202
0.738707	0.599941
0.621364	2.65377
0.193296	0.433184
-0.596077	-0.550016
0.505547	0.828702
0.476689	0.975344
0.82354	0.348607
-0.876767	-1.0279
-0.140639	0.657198
0.599355	0.154362
0.175653	0.171634
-0.351001	0.471933
-1.36406	-0.847301
1.40117	1.13019
1.26949	0.948511
0.101461	0.286309
-0.675392	-0.795731
0.322384	-0.446893
-0.284001	-0.543277
1.01137	0.455877
-1.47877	-0.752478
-0.141786	-0.522536
-1.4666	-1.5566
0.182848	0.692639
-0.893632	-0.738297
-0.208029	0.713233
0.775466	2.17659
-0.863202	-0.717086
-0.133231	0.806234
0.290193	0.611099
-0.768436	-0.715854
-0.632504	-0.631271
2.0006	1.48077
0.750737	-0.0995433
-0.679741	-0.698239
1.34337	1.20225
0.301031	0.0187783
1.31798	-0.524657
-0.857554	0.010738
-0.305784	-0.697414
1.46287	1.90644
1.28546	1.00131
1.16727	0.903288
0.69149	0.546402
-0.482251	-1.38788
-1.57251	-1.70911
-1.77764	-1.60442
0.534286	0.87153
-0.253692	0.500043
1.5523	0.554295
0.447799	1.15507
1.31038	0.507498
1.30409	0.795402
0.533678	0.328437
0.98272	1.34016
0.249373	0.00197431
-1.22806	-0.594878
-0.296666	-0.219263
-0.97073	-0.494609
-1.44218	-0.451194
0.633747	-0.243105
-0.964811	-1.03873
-0.765556	-0.780261
-0.324138	-0.483979
1.26618	0.28938
0.833468	0.666987
0.711169	1.0624
1.2396	0.704068
0.309054	1.60142
-1.40933	-1.79609
1.55828	1.85122
-0.409684	-0.687657
0.926733	0.68203
-0.51542	-0.134911
1.93659	-0.41936
1.16186	0.0418754
-0.254244	-0.133171
2.15891	2.20379
0.603632	1.28284
1.43369	0.475172
-0.141244	0.181887
0.514294	0.528767
1.03706	0.29028
-0.768196	-0.684824
1.57381	0.204017
0.139555	0.495425
-1.22628	-0.476378
-1.32126	-1.34266
0.189609	-0.307729
-0.279701	-0.504339
-2.06476	-2.01028
-0.175002	-0.84944
0.995064	0.71555
-0.475778	0.0399473
-0.938592	-0.893705
2.14707	0.307116
-0.311272	-0.567529
-0.17984	-0.832774
-0.659918	-0.554455
-0.0186975	-1.08816
-0.426658	-1.31961
-0.0557007	0.75999
-0.162113	0.862035
0.296261	0.287734
0.0751272	1.65147
-0.191991	0.698523
-0.714461	-0.549588
-0.074146	-0.903924
0.859906	0.646944
-0.400634	0.00226621
-1.07852	-1.15309
-0.504959	-0.45278
0.928861	0.622422
1.03493	-0.44513
-1.38259	-1.2523
0.230196	-0.115798
1.39122	1.28698
0.627198	0.732934
0.745463	0.51378
-2.00558	-1.93923
1.37253	0.529121
0.336942	1.17699
0.251167	-0.580654
-0.861283	-0.66741
-0.268249	-0.529474
1.30552	1.12576
-1.27696	-1.70995
-0.137195	1.19844
-0.731645	-1.16528
-1.73215	-1.33464
-0.253677	-0.705779
-0.146771	1.25758
-1.41609	-1.70959
-0.113623	-0.286078
-1.74547	-1.98169
-0.0174886	0.546229
1.48322	1.37453
-0.27139	-0.321164
1.37466	0.622844
0.658854	0.812229
0.149043	0.934096
-1.11356	-1.01333
-0.601599	-0.341643
-0.206425	0.113869
1.54859	0.649121
-0.430047	-0.78516
-1.99127	-1.98326
1.02336	0.401322
0.927852	0.911789
1.88482	1.96668
-0.534731	-0.819834
-0.268627	0.12415
-0.967769	-0.979821
-2.20768	-2.26016
-0.806667	-0.315418
1.32235	0.785821
-0.693784	-1.09483
-0.748485	-0.978884
-0.361272	-0.124367
-0.638921	0.00738213
-1.58387	-1.20594
-0.363769	-1.00056
1.12001	0.883213
-0.491706	0.0659126
0.212893	-0.68335
-0.519721	-0.0191827
2.2106	1.77697
-0.56169	0.540808
0.672411	0.434589
1.31437	0.0521678
-1.0452	-1.26214
0.260695	1.31712
-0.248774	0.572576
0.973146	0.620744
-1.3524	-1.27613
1.76915	1.26808
-1.32905	-0.74837
-1.72372	-1.20594
-0.606601	-1.04822
0.366886	2.24505
-0.244064	-0.21128
0.131958	0.267337
0.831705	0.154311
-1.84857	-2.65752
0.670238	0.074824
0.748569	0.163832
-0.25258	-0.280982
-0.824461	-1.7834
-0.841621	-0.946857
-1.42638	-1.62406
-0.271251	-0.678423
-0.105905	-0.630116
0.0900911	0.643822
0.501188	2.05979
-0.579646	-1.24086
0.0129014	-0.133962
-0.864099	-1.83813
-0.72252	-0.464558
0.999132	0.49914
-0.536018	-1.69725
0.814806	1.54057
1.22275	0.863215
1.35243	0.412597
-0.089603	0.066713
-1.62519	-1.81412
0.572234	0.739085
0.262999	1.25803
-0.766147	1.35851
-0.0558183	-0.221152
0.311166	0.0741886
0.45667	0.720703
0.6356	0.138743
-1.06448	-0.780085
-0.679906	-0.426251
-0.36806	0.083179
0.383014	0.292857
-0.0171581	0.41564
-1.10537	-1.10405
0.353234	0.687436
-0.758459	-0.986048
0.141545	2.66853
-0.503454	0.00952495
-0.163177	-1.49348
-1.37963	-1.48149
1.00984	1.3604
-0.832605	-1.32081
-2.15588	-1.8809
-0.932235	-0.89554
0.36517	1.15211
1.24409	0.327163
-0.156536	0.0760703
0.151286	0.240195
-1.37305	-1.01094
-1.03977	-1.5219
0.00882238	-1.5229
0.194457	0.113093
0.908811	0.351036
-0.289367	1.78509
-0.204177	0.191919
-0.161126	1.38556
1.36956	1.64175
0.6587	1.14522
-0.972039	-0.538821
-0.711116	-0.990568
0.775065	0.395661
-0.336489	-0.326336
-0.148981	0.319134
0.71901	0.874824
-0.850691	-0.782534
-0.759046	0.28213
-0.342894	1.03369
0.0748846	1.28071
2.7683	1.48948
-1.41026	-1.43506
-0.161185	0.819224
-1.11928	-1.40528
0.178855	-0.192654
-1.76421	-2.61208
0.607459	-0.0434279
-0.220645	-0.540366
1.95186	-0.225143
-0.728088	-1.09428
1.19824	1.21088
0.969233	1.72597
1.16113	1.54541
1.22208	-0.333633
1.09073	-0.579739
0.992011	0.595453
-0.198559	-0.260011
0.795459	-0.515238
0.934141	1.42797
-0.412605	-0.167746
0.0159268	-0.762855
-0.322697	-0.408954
-0.355108	-0.670166
1.00393	1.46486
-1.31331	1.73482
-1.21807	-0.863531
-0.664306	-0.563067
-0.602736	-1.01064
0.911209	-0.452454
0.334159	0.657252
-0.0774953	-0.63582
0.132957	0.172256
-0.450856	0.31354
-0.0199624	0.151033
-1.76866	-1.84904
-0.101341	1.52423
1.66009	1.317
-0.415074	-0.991318
1.63127	-0.438422
0.74582	0.769419
1.24437	0.500278
-1.26836	-1.20586
1.56167	0.33893
1.18053	0.408526
0.348258	-0.541719
-1.86086	-1.91644
0.167738	0.259238
1.82692	0.0279658
-0.178947	-0.976841
-0.080696	0.532854
-0.0601338	0.096849
2.12258	0.714831
1.19996	0.242638
-0.243935	-0.127331
-0.0715401	-0.275777
1.64355	0.852242
-0.508829	0.0709655
1.13812	0.812062
0.075896	-0.698677
-0.0140342	-0.0420626
0.40346	0.938968
-0.36577	-0.16179
-0.569846	-0.479893
0.0881815	0.116121
-0.0531375	-1.47228
0.667182	1.00672
1.5042	0.313126
-0.244617	-0.226348
-1.01209	-0.7317
-0.111388	-0.0156333
1.57034	1.66755
0.936616	1.04778
0.382208	0.81686
0.410875	0.972367
-0.824185	-0.911548
1.22439	0.565484
1.19324	0.860516
0.623575	1.22517
0.715161	0.0573891
0.505297	0.780983
-0.121227	-0.1244
0.797253	0.445793
-0.303796	-0.468634
-0.501872	-0.53029
-0.761586	-1.17471
1.23257	1.20344
0.570387	-0.282308
-0.210942	0.131525
-1.48172	-2.04307
1.22939	1.32226
0.537704	-0.159415
-0.34947	-0.917203
-0.344256	-0.3195
1.10875	0.786873
-0.553438	-0.221615
0.505697	1.00946
-1.37254	-1.63268
-0.138502	-0.153343
-0.272757	2.06575
-0.282342	-1.74852
-1.21422	2.20661
-1.69761	-1.25098
-0.821575	-0.896585
-0.88156	-0.975345
1.29723	-0.546879
0.948353	-0.0260728
-0.944516	-1.0468
-0.678503	-0.586438
-1.04732	-0.965721
-0.0640509	-0.198207
-0.400231	-1.31191
0.644653	0.318009
0.50486	-0.0302466
-1.07432	-0.813179
0.362549	0.203554
0.232695	-0.206688
-0.966701	-0.417296
0.911501	0.858174
-0.747944	-0.246239
0.482609	1.26168
-0.574155	-0.1562
-1.04406	-0.81833
2.31023	1.37435
1.06667	1.3401
0.752429	-0.112011
0.61678	1.3614
-1.40781	-0.932536
-1.00595	-0.856108
0.778635	0.789942
-0.764208	-0.409608
0.882677	2.31347
0.314884	-0.13494
0.525024	0.618584
0.361807	1.9778
1.83785	0.925516
-0.357638	0.143213
-1.29604	-1.72172
0.194324	0.0294129
-0.43999	0.313194
-0.703509	-0.648634
1.22333	-0.169705
-0.481867	-0.0789538
-0.434626	0.112895
-1.11603	-0.386726
0.329394	0.373153
-1.2909	-1.04194
-0.695554	1.40608
0.226517	-0.676297
-0.124253	0.00729235
0.267566	0.664559
-1.03507	-1.40281
0.75899	0.924607
-1.34224	-1.64231
1.09143	1.45937
1.38005	1.15585
0.963884	0.198957
-0.133285	-0.324887
-0.316965	0.714904
0.773931	1.3125
1.22151	-0.655991
1.05269	0.354449
-0.0975273	1.08352
-0.0257378	0.889105
0.483465	1.91052
0.716241	0.258821
0.153484	0.0747149
0.306682	0.249566
0.591797	1.12118
1.16729	0.466667
0.0660596	-0.573979
-0.943408	-0.192859
-1.44371	-1.26522
-0.917734	-0.75557
-1.15628	0.0456848
0.143237	0.701624
1.43403	0.976854
2.26297	0.4189
-0.381331	-0.412952
-1.74466	-1.80105
0.264574	1.05709
0.188627	0.318542
-0.0133351	-0.0940663
-0.263506	-0.500363
-0.399127	0.666465
-0.536722	0.931365
0.49576	0.875997
-0.396555	-0.46971
0.497353	1.04464
-2.53929	-1.81465
1.16024	0.390916
-2.11311	-1.51796
1.03301	1.28302
-0.826609	-0.464119
-0.190236	0.0179933
0.775205	1.29456
-0.7039	-1.10444
0.0446266	1.59427
-0.759081	-0.774823
0.0467256	1.46778
-2.23521	-2.02146
0.448377	-0.103304
-0.682315	-0.529726
0.339547	0.673977
-0.0136924	0.111221
-2.53873	-2.38742
-0.394172	0.425225
-0.334071	0.838332
-0.714189	-0.846387
0.45751	0.572373
-0.814853	-0.654067
0.451106	0.0115941
0.518508	0.382166
-0.690046	-0.114251
1.77114	0.0897275
0.335814	1.80522
0.782276	1.35262
0.635666	0.109374
-1.85627	-2.59435
-1.24825	-1.68514
-1.17734	-0.6983
-0.655267	-0.645339
-1.55851	-1.73178
1.82483	2.14159
-0.888789	-0.0485468
0.817949	0.798365
0.809966	2.45924
0.162168	-0.146613
0.198013	0.791411
-1.42628	-1.5303
-1.00286	-0.491305
0.941132	0.378561
0.606231	0.717632
0.698438	1.59035
-1.04188	-1.08614
0.966805	0.504959
1.92256	0.929516
0.261351	-1.21627
0.191628	1.28416
-1.1794	-0.717459
-0.163435	-0.906353
1.88072	1.70482
2.17409	0.0116117
2.15188	1.36902
0.699073	1.285
0.832601	-1.67127
0.293115	0.517491
-0.277245	0.00363475
-0.701336	-0.340248
-0.773095	-1.04536
-1.20702	-1.61878
0.466066	-0.0381533
0.708088	-0.671453
0.203451	0.453264
-0.486089	-0.648942
-0.342136	0.984204
-1.87573	-1.55279
0.147785	0.113262
0.461209	0.0904184
-0.460665	0.832389
0.75323	0.562183
-2.03169	-1.21677
-2.03017	-2.09977
1.23655	1.06681
0.194571	0.0634265
-0.967046	-0.489031
0.92374	0.586974
-1.56857	-1.27255
-0.130903	0.05013
-0.637578	-0.564029
-0.47615	-0.316799
-0.229691	-0.531342
0.469291	0.835938
0.569509	0.395862
1.09993	1.53386
0.0422871	0.957515
-0.787054	-0.555278
-1.08212	-0.621369
0.257144	-0.164336
0.425465	0.748364
0.450384	1.0445
-0.0549903	0.0176935
-2.12035	-1.52136
-0.292203	-0.562983
-0.555719	1.52307
-0.278564	-0.714264
1.52591	0.407723
0.813452	0.829282
-0.434044	0.620884
-0.872624	-0.701016
2.00138	1.55671
-0.0758325	0.544914
-0.712667	-1.18093
0.420219	0.0198018
-1.58413	-2.14683
-0.768827	-0.400305
-1.73771	-1.57867
1.973	0.707391
0.402536	0.675231
-0.397678	0.681182
-0.0434637	-1.1246
0.469569	0.220534
-0.712607	0.0487951
-0.0658107	1.10859
-0.00583224	0.566665
-1.53214	-1.59971
-1.71642	-1.54328
1.27385	0.61798
0.16669	0.086656
1.57841	-0.470081
0.574553	0.561021
-0.400076	-0.689553
0.852962	1.31616
1.84574	1.07316
-1.23477	-1.41224
0.928859	0.867105
0.433465	1.65803
-0.675898	0.588807
0.674903	1.29772
-0.826615	-0.849714
-1.42894	-1.53523
-0.976147	-0.177595
-0.759873	-0.248639
0.0958758	-0.79904
-0.839336	-0.610619
-2.52082	-2.22111
-0.244112	0.557911
0.302888	0.928041
-1.07156	-1.29928
-0.0661247	1.38046
1.23628	0.0858926
-1.86503	-1.70151
0.807266	0.387476
-0.953312	-0.881938
-0.995632	0.243843
-0.924134	0.0891593
0.414439	0.211011
1.22919	-0.744754
-1.14278	-1.26493
0.0479415	-0.335419
0.749756	0.621498
1.32439	2.00369
0.139654	-0.278284
-0.492259	-0.772011
-0.309081	-0.056846
-1.3305	-0.547079
0.67461	0.671945
0.00379071	-0.154791
-0.402558	-0.356788
0.179852	1.23925
-0.205814	0.865594
0.212748	0.340599
1.3098	1.61999
0.103902	0.939303
0.652079	0.605219
-0.970715	0.377261
0.363348	0.272606
0.0432483	0.296038
-0.00596863	1.00658
-1.54882	-1.78365
1.22673	0.149554
0.560377	-0.778386
-1.69644	-1.24033
0.714053	0.611262
0.675972	0.742511
-0.483824	-0.376656
-1.41729	-1.85798
-1.74865	-2.31734
-1.14936	-0.998795
0.189443	2.22502
-0.913754	-0.981965
0.0166967	0.612737
-0.254093	-0.204558
-1.16099	-1.14775
-0.396692	-0.00808306
1.23254	0.599763
-0.216922	-0.182377
0.593675	3.05502
1.37787	-0.215525
1.22856	1.43302
-0.647856	-0.484709
-0.355425	0.284791
-0.128134	-0.331113
-0.740396	-0.67906
-0.0315633	-0.97127
0.136812	-0.472915
-1.11564	-1.00411
0.413797	0.085902
0.337721	0.95205
0.00611189	0.725588
1.34961	0.036418
-1.43191	-1.81835
-0.594096	-1.12225
0.163286	0.241623
-0.848185	-2.31765
0.509248	1.65455
0.199765	-0.692844
-0.471277	-0.67002
-0.51847	-0.446337
1.44933	0.812254
-1.05101	-0.818176
-2.24135	-2.49609
-1.51388	-1.58543
0.741293	-0.0571305
-1.38155	-1.60809
0.112953	2.01832
0.00647251	0.773862
1.22748	0.720668
0.466813	-0.604711
-0.188847	0.0813215
0.824214	1.00544
0.191335	0.659036
-0.860816	0.52173
-0.449665	0.97254
1.41212	0.367024
0.405019	0.803104
-0.0984136	-1.38955
-1.29255	-0.802409
-0.224997	0.993156
1.30058	1.7051
-0.158099	0.447635
1.98857	0.729359
0.0625028	-0.424452
0.95447	1.95325
0.44524	0.411775
-0.670071	-0.425011
0.0905678	1.33974
-0.0227738	-0.82412
-0.134087	-0.0847466
-0.174094	0.202101
-1.43927	-1.58106
1.32795	1.97546
-1.20581	-1.16705
-1.51813	-1.78845
-1.20145	-1.2451
-1.52655	-1.3338
0.488171	0.321746
-1.23317	-1.38981
-0.42455	0.964305
1.78898	1.70792
0.141323	0.24918
-0.283766	-0.302055
-0.363566	-0.420554
-0.221833	0.0412764
-0.0137446	-0.119623
-0.469051	0.195567
-2.15999	-1.67259
-0.677704	-0.506339
1.4858	1.23643
-0.993224	-0.601091
0.483686	0.466792
-0.607143	1.46451
1.68144	0.061474
-0.138831	0.0207699
-0.601551	-0.868781
0.402287	0.619106
-0.912095	-1.18448
0.0817592	0.108083
-0.984109	-0.220777
0.443708	0.418547
-1.816	-1.21152
-0.0814555	0.268221
1.02586	1.22563
-1.19733	-2.07785
0.546227	1.01157
0.171503	0.590333
-0.0138688	-0.914806
-0.384714	-1.02939
-0.643585	-1.0099
0.022813	0.227285
-1.55347	-1.5355
0.0220914	0.783592
0.487145	0.258508
-0.851593	-1.11564
-1.86114	-1.96844
0.896557	0.671193
1.21932	0.0561311
0.615783	0.135205
1.7549	1.20648
-0.439565	0.737574
-0.242056	-0.441947
1.34003	-0.220637
0.314813	1.184
-0.347422	-0.358071
-0.35957	-0.730967
0.544188	0.908725
-0.36092	-0.228322
0.144078	-0.0357585
-1.76728	-1.44999
-0.178171	0.758092
-0.235286	-0.386936
0.358319	0.118667
-1.3575	-1.56852
1.93987	1.12218
-0.0996618	-0.490885
-1.68049	-0.796252
0.853379	0.416177
-0.0531076	0.140727
0.876878	1.16157
-0.769922	-0.758926
0.676514	0.178787
-2.15422	-1.69477
-0.658261	-0.714792
1.34543	0.444822
-2.37668	-2.44936
1.99763	-0.317459
-1.84953	-1.71264
-0.386826	-0.282967
1.92402	1.23507
-0.555509	-1.05045
-0.54333	0.0893223
-0.750618	-0.825938
-1.28068	-1.25637
-0.43594	-1.42515
0.547428	0.864213
-0.410125	-1.37514
-0.521888	-0.211784
0.171187	-0.11365
-0.781102	-0.00870772
-0.451817	1.28797
0.526536	0.538214
0.214055	0.564456
-0.743831	-0.299066
-0.484548	-1.04809
-0.190138	0.255479
-1.433	-1.62681
1.03322	1.13111
0.0516968	1.56517
1.00633	0.578144
-0.265362	-0.627711
-1.20674	-1.3373
-1.79289	-0.727404
-0.0756105	0.254073
-0.268137	0.983556
-0.522076	0.428357
0.0894388	1.32188
-0.402165	-0.256148
0.298342	0.212476
0.443272	0.0594409
-0.34735	-0.0518795
1.88266	-0.217283
1.56659	1.16479
0.710356	0.943933
1.09045	-0.774561
-0.948351	-1.53237
-2.10244	-1.89812
0.786769	-0.00659523
-0.101275	0.417808
1.07994	0.119511
0.773645	0.22793
0.923598	0.50361
-0.214745	-1.08096
-0.880281	-1.36788
0.428927	0.191153
-0.338324	-0.0689159
0.106305	-0.314602
0.474222	-0.685344
-0.721957	-0.962109
0.922083	0.899387
-0.454016	0.130423
0.298031	-0.331866
-0.79369	-0.314938
-1.23779	-1.25221
-1.61077	-1.52238
0.962207	0.993065
0.0906701	-0.565791
-0.038702	0.494064
0.250785	-0.277944
-0.729091	-0.473129
0.0939373	0.0791309
-0.672851	-0.418985
0.414065	0.446745
-0.0301814	1.22233
1.17679	0.324037
0.885785	-0.169262
-1.20098	-1.18348
-0.477886	2.03543
0.00192232	-0.0910258
0.213985	0.268822
0.45881	0.871511
-0.0713381	-0.286005
-0.284641	-0.126101
-0.0993938	-0.430034
0.537181	0.400596
1.98221	0.545548
0.714705	1.70865
0.405813	0.938638
-1.17516	-0.736745
-1.16711	-0.733959
-0.451527	0.832508
0.0952867	1.283
1.02932	1.37865
0.833679	0.630087
-0.737501	-0.835153
-0.942643	-0.242395
1.66682	0.329399
-0.274767	-0.0402918
1.01966	0.653579
-0.309048	-0.42248
0.236318	0.274323
-1.4363	-1.74272
-0.206601	-0.726014
-0.126306	-0.255799
0.580726	0.087636
-1.23311	-1.16596
0.921125	0.542857
0.212387	0.405278
-0.83525	-0.555207
0.540736	-0.022818
2.12469	0.343287
0.455846	0.961198
0.235778	-0.37425
-1.27595	-0.192293
1.07193	0.561097
0.46764	-0.216947
-0.217898	0.0218031
-0.697867	1.8909
-3.01333	-1.65613
0.280239	1.26723
0.111915	-0.637722
-0.805881	-0.766944
0.247874	1.24054
-0.183109	0.630292
0.728469	-0.267266
2.29096	0.469061
1.77795	0.859134
-0.192118	-0.054786
1.04304	1.48871
-0.297359	0.114375
0.139853	0.277909
-0.399017	0.42078
2.11303	0.863692
1.12424	0.439192
-0.642613	-0.154534
-1.86772	-1.96582
-0.758289	-0.643978
-1.24764	-1.16021
1.35659	-0.00852077
0.807451	0.51705
-0.386359	0.494793
-0.991926	-0.570413
0.074893	-0.266285
-0.610482	0.124859
2.55412	1.03378
0.264998	0.500363
0.65465	0.146591
1.05517	2.57976
1.82104	0.768812
0.666106	0.79559
1.20336	0.789628
-1.77518	-1.58228
-0.666801	-0.158294
-0.63896	-0.42128
-1.68151	-1.09914
-1.26005	-1.88206
0.413814	-0.0486645
0.0608973	0.101868
1.44369	0.74155
-0.801818	-0.143118
0.164126	0.368365
-1.55748	-0.913868
-1.40091	-1.60895
-0.12761	1.12159
0.0237792	1.50271
0.514567	0.835076
-0.545743	-0.619385
0.312167	0.381158
-0.337183	0.0557279
0.886022	0.0405048
-0.908808	-0.707281
1.96922	0.344382
-0.254361	-0.572705
-0.769013	-0.57618
0.743957	0.325023
-0.530263	-0.858227
0.575519	-1.02848
0.366032	-0.267425
-0.289387	0.373422
-0.704666	-0.350029
-0.999788	-1.4352
-1.41457	-1.39366
-1.33414	-0.977408
0.0933877	-0.109748
1.75041	-0.279387
1.36318	0.892524
-0.988058	-0.121573
-1.38036	-1.10217
0.25443	0.246665
0.739883	-0.0548746
-0.236656	0.303983
1.17778	-0.101238
0.66291	-0.35956
1.27412	1.54161
-0.413089	-0.39947
0.908937	-0.15685
-0.75602	-0.429037
-0.360659	-0.31702
1.49509	0.968901
0.00734314	-0.149963
-0.376752	-0.150479
-1.44713	-1.77868
-0.0276751	-1.28058
-1.32901	-1.10358
0.0735288	0.546539
-0.320378	-0.133368
0.18003	0.356828
-1.50474	-1.17889
-0.223996	-0.144236
-1.54837	-0.848672
1.66136	1.08704
0.189312	-0.204669
0.248343	0.972378
-0.421215	-0.781291
-0.48596	-1.1935
0.392007	1.10726
0.975004	0.574623
0.554134	0.704662
1.13399	0.441302
-1.54789	-1.86412
0.529444	0.139268
1.27375	0.594141
0.532879	1.67564
0.573423	0.211162
2.35726	1.69863
0.00102256	2.04024
1.05803	-0.245776
-0.115374	-0.13666
0.388058	0.486722
0.523556	-0.763436
0.270414	-0.113113
1.00677	0.520681
-0.692797	-0.598561
0.779738	0.238395
-0.359765	1.1419
-1.21681	-1.34747
-0.5872	-0.221888
-0.420496	-0.494624
-0.700773	-0.489219
0.980863	-0.553886
0.0114316	-1.39987
1.54105	1.31023
-1.40678	-0.829133
1.64575	0.930077
0.0869966	0.546558
0.360194	0.389867
0.455589	0.590221
0.766623	-0.743385
0.292806	1.47177
1.75563	1.68393
0.301721	0.783269
0.850151	2.34052
-1.46172	-1.46945
-0.18214	-0.636168
1.68635	1.5119
0.888111	0.367358
0.778731	0.529901
0.399514	0.183957
0.260706	-0.146753
0.958482	0.454543
-0.607028	-0.146263
1.77999	1.17429
0.0321601	-0.636172
-0.136864	-0.573412
0.178075	0.586106
-0.208945	0.162537
0.725051	0.731704
-0.502229	0.415905
-0.372231	0.24031
-1.71075	-1.59547
0.611817	1.22225
-0.514185	-1.15728
-1.29236	-1.22994
1.16239	0.14149
-0.0235828	-0.698047
0.925398	1.63476
-1.47309	-0.887927
0.215368	-0.311312
-1.05353	-0.00890955
0.419423	0.171967
-1.60212	-1.11255
-1.24191	-1.81773
0.498793	0.410894
-0.541711	0.382912
1.88748	0.81638
-1.6161	-1.44431
-0.331988	0.904915
1.55709	-0.136057
-1.29254	-1.18239
1.68351	-0.221251
0.0688834	-0.38817
-0.543295	-0.614461
-0.457197	-0.153546
0.0394049	-0.171253
-1.10841	-0.80828
0.753987	1.71118
1.96474	0.227712
0.517466	0.458518
-0.672086	0.00180296
-0.922231	0.0656837
-0.0339201	-0.119849
-0.832557	-0.37873
0.928962	-0.623045
0.626959	0.346983
1.40128	0.750162
-0.620035	-0.205833
0.839851	0.787054
1.29031	1.31945
-1.11879	-0.540078
0.317489	-0.387346
0.571238	0.501261
0.571328	0.604117
0.83881	0.505229
1.20703	0.475097
-1.53456	-1.35291
1.86961	0.320943
-1.07951	-1.39618
1.21431	1.7658
-0.767251	-1.87019
-0.0196146	0.242505
-0.562764	0.18322
-0.520239	-0.62746
1.55891	1.06342
1.21271	0.765665
1.01386	1.88199
0.967268	0.842683
-1.9695	-2.09681
-0.066781	-0.0995967
0.153025	1.0138
1.89756	0.0636939
0.880894	1.19393
2.05108	0.456686
0.313297	1.08362
-0.347819	0.457902
1.19415	0.648613
0.799944	-0.581895
-0.198009	-0.21353
0.0644184	0.528547
-1.11267	-0.604309
0.513074	0.708372
1.68959	0.782003
-0.555345	-0.279112
-1.19852	-0.432623
1.63401	-0.0474068
-0.305906	-0.228239
-0.665618	-0.446406
1.81006	0.67202
1.29576	1.07959
-0.00559957	0.435363
-0.455768	-0.381314
0.525723	-0.316319
-0.577656	-0.419054
0.958647	0.0875168
1.21828	1.33956
-1.67604	-2.12888
1.4007	0.947561
-0.0770622	0.0111159
0.648069	0.3704
0.963044	-0.204841
-0.411592	-0.718265
0.81908	0.392665
0.710607	-0.348612
-0.0417559	0.0765321
0.766896	0.270394
1.8534	1.30156
1.4202	1.27569
1.35594	0.627841
0.208766	0.771885
-0.643926	-1.17167
-0.71405	-0.136107
0.810688	1.96322
-1.18186	-0.239396
0.461522	0.55342
-0.789402	0.105585
-1.89523	-2.13033
0.315571	0.55843
1.19146	-0.374577
-1.80507	-1.37026
2.2831	-0.154219
0.917072	1.62598
-0.12472	-0.794502
0.349276	0.785388
0.145817	1.28349
-1.109	-1.32693
-0.11486	0.350296
0.239899	0.0390738
-1.56403	-1.64508
-0.321989	-0.225498
1.78263	1.08841
-0.880476	-0.193568
-0.776437	0.655365
2.28633	0.43893
-1.98702	-1.60047
1.75999	0.408685
1.39099	0.798243
0.0180618	-0.706621
1.51988	1.54009
-0.75703	-0.500147
-0.796197	-0.573485
-0.0357695	-0.397739
1.84318	1.90657
0.171874	0.793438
0.926587	1.71569
0.397798	-0.0645355
0.223313	-0.491702
0.292934	-0.323776
-0.1351	0.83453
-0.699641	-0.921249
0.0703405	0.713336
0.350823	-0.452614
-1.43218	-0.436811
0.955362	0.583539
0.147298	0.536294
-1.33367	-1.29352
-1.71871	-0.930783
-0.798808	-0.933589
0.604891	0.0363648
0.70015	0.782599
-1.18721	-0.861239
0.0259401	0.0189863
1.58267	1.42002
0.213531	1.03969
-0.203113	0.213349
0.795777	0.737066
-1.57485	-1.58846
-0.209935	-1.40812
-0.655678	-0.942707
-0.737778	-0.646891
-0.126891	-0.652267
1.77314	0.97075
0.0445932	0.0151589
-0.1145	0.0913798
-0.029883	-0.0893251
-0.599561	-0.868483
1.20098	1.38169
1.62207	-0.373254
-0.320122	0.927331
-0.223534	-0.254195
0.0727206	0.580337
0.394451	0.420691
1.05662	0.822623
0.899603	0.757868
-0.296245	1.04089
0.377211	0.517056
1.90754	1.86312
2.34709	0.531751
0.762953	1.77464
1.12268	-0.408239
0.629371	0.413511
0.320281	-0.549742
-0.146173	-0.0294758
-0.205049	-0.0286364
-0.0627566	-0.42636
-1.50535	-1.47911
-0.261656	-0.274242
1.03111	1.8674
-0.337024	0.0226097
0.575845	-0.303459
-0.724539	-1.08146
-0.820671	-1.19646
-1.79285	-1.3784
1.99923	1.0315
-1.12745	-1.14095
-1.20457	-0.74499
0.0114644	1.05561
0.190249	0.368174
1.0909	1.08377
1.76209	-0.281852
0.665565	0.183706
-0.416279	-0.25394
-0.787786	-0.573167
-0.459464	0.161388
0.694915	0.434475
0.386253	-0.00640506
0.0335732	0.0184863
-1.17141	-0.95076
0.400712	-0.149959
-0.999304	-0.230015
-0.900888	-0.579533
0.504556	0.296082
1.15292	1.42176
-0.0278771	0.257556
-1.17781	-0.382753
-0.442703	-0.526595
1.69881	0.779519
-0.00506125	-0.436067
1.20389	0.39578
0.754884	1.37002
1.50093	1.65826
-0.517064	-1.62996
-0.97036	-0.488456
1.08117	0.818915
2.31357	1.18569
0.475163	-0.633733
-0.138525	-0.226603
-0.637997	1.51089
0.314281	2.11732
-0.172053	0.251341
-3.51095	-2.57135
0.681644	-0.0872553
1.5657	1.14692
-0.653572	-1.19108
-1.20461	-1.79425
0.245496	0.442895
1.31947	0.595829
-0.324567	-0.156417
-0.728556	-0.485658
-0.308116	2.61894
-0.217884	-0.627138
0.356445	-0.440227
-2.0022	-1.79118
0.898044	1.16221
0.206464	0.511796
-1.59314	-1.64874
-0.804532	-0.609422
-0.0404903	-0.413367
-1.69412	-1.55674
-0.398505	-0.534892
0.0520222	0.106733
0.479746	-0.282878
-1.47384	-1.72894
-0.947563	-0.0962647
1.0221	-0.906424
1.34496	0.725794
0.27657	0.59335
0.120946	-0.490017
1.63007	0.708612
-0.23608	-0.30292
-2.089	-2.03538
-0.830742	0.549264
0.463251	0.38969
-1.79719	-1.46443
-1.98647	-1.57773
-1.65522	-1.41223
-1.93685	-1.92364
-0.36927	1.28197
0.777248	0.256298
-0.974465	-0.398262
-1.34259	-1.46521
1.06779	-0.0210394
0.709697	0.289757
1.03268	2.0309
0.43943	-0.400524
0.219164	1.35361
-0.298737	-0.439395
0.861698	2.31243
-0.533431	0.2488
-0.865801	-0.73013
0.382453	0.162677
0.358377	0.982289
-0.184583	-1.74222
1.01458	1.14356
-2.05503	-1.82119
-0.612907	0.620031
2.17839	-0.0575231
-0.806397	-0.18928
1.2889	0.288994
-0.727373	-0.740997
-0.637929	-0.318931
-0.352526	-0.885678
0.485351	2.07286
1.14304	0.0200653
-0.579079	-0.522065
-1.84767	-2.14475
-0.516168	-0.271579
-0.851753	-0.404592
-0.661327	0.477647
-0.610682	-0.168475
-0.743245	-0.459343
1.00951	0.374867
-1.22326	-1.59087
0.659657	1.1155
0.489617	0.610901
0.471064	1.78462
-1.02189	-1.08999
0.240116	0.351338
2.10672	0.774243
0.474435	0.430944
1.20225	1.34758
1.49116	1.82102
-0.165473	-0.508655
-0.816155	0.164199
0.715052	1.55719
0.341318	-0.545578
1.26729	0.769383
-3.22526	-2.59516
0.895519	-0.3998
-0.199197	0.17456
1.57203	0.553096
0.897229	1.02988
-0.979614	-0.611724
1.94384	1.40487
-1.19892	-0.900776
-0.83006	-0.511176
-1.33352	-0.988258
0.429056	0.459366
-0.507464	-0.135699
0.70632	1.54516
0.952009	2.53811
-0.551722	-0.673615
0.435498	1.53049
0.654203	-0.259552
-0.679741	-0.419325
-0.807824	-0.519356
-1.02845	-0.236217
0.200955	0.522238
0.588971	0.162773
-0.836236	-0.975579
-0.904192	-1.4916
-0.176964	0.77735
1.49385	0.982861
-0.802489	-1.13012
-1.91369	-1.44112
-0.51648	-0.943314
-0.423833	0.173696
-1.10217	-1.52961
-0.838038	-1.02112
0.449582	0.541538
-0.912019	-1.00818
-1.58622	-1.20796
0.91545	0.696621
-0.368773	-1.13891
-2.05431	-2.09917
1.12243	1.26608
-1.59942	-2.14445
-2.4762	-2.66996
-1.68171	-0.757739
-0.516085	0.927615
-1.31959	-1.56867
-0.914615	-0.761244
1.62801	1.736
-0.00292785	0.198607
-1.73707	-1.47297
0.317217	0.472505
0.905264	0.299461
0.0159086	0.947456
0.170589	0.548866
-1.48277	-1.2816
1.20701	1.53088
1.32621	0.980575
0.471791	0.819801
0.253309	1.21022
0.366023	0.0942869
0.0368193	-0.0469343
0.793932	1.56216
-1.9852	-2.11723
-0.238652	-0.797217
1.78199	2.13792
0.287904	2.09653
-0.763657	-1.16145
2.46084	-0.65868
-0.000783911	-0.318288
1.63821	1.17904
-1.02673	-0.514693
1.51869	0.364754
1.95857	-0.0514017
-0.708558	-1.1982
-2.64404	-1.94207
-2.0852	-2.26596
0.661136	1.33169
-0.417379	-0.854266
-0.542345	-0.0738077
1.7998	1.37209
1.23494	0.940019
-1.47343	-1.14891
0.404781	0.491166
1.23711	0.703298
-0.0995908	-0.0179137
2.293	1.7186
1.79521	0.84406
-1.63535	-1.99564
-1.70841	-1.25732
-0.881528	-0.701793
-0.577405	-0.620671
0.231464	-0.354169
0.238826	1.20873
-0.44218	0.216901
-1.08996	0.190156
0.952127	0.411461
-0.151779	0.0823328
0.474615	0.0150747
-1.6339	-0.784868
0.960602	0.409103
-2.57667	-3.31713
0.398869	0.284465
-0.752201	-0.16812
-0.325137	0.171459
-1.74407	-1.86638
0.887137	1.38142
-1.34577	-2.52762
0.341625	-0.855498
1.16138	1.61968
-1.83549	-1.39285
2.56533	1.03021
0.193794	0.295402
1.11923	0.879695
-0.278436	0.0871183
1.82891	0.140962
0.422318	0.149413
0.986013	1.13178
0.946354	1.50908
-0.259026	0.0254407
-0.831005	-0.526673
-0.476685	-0.0162746
0.145256	-0.128117
-1.44178	-0.0490437
-0.233837	0.945784
-0.796574	-1.33668
-0.548598	-0.393914
0.700897	0.886795
-0.614749	-0.842483
0.0821477	0.264208
1.39646	0.885759
-1.08358	-0.432749
0.770002	1.02802
-0.214066	-0.0768734
0.68962	1.40255
1.04484	0.219764
0.339862	0.631358
-0.294219	-0.0563565
-0.121611	0.211029
-0.440907	-0.268031
0.326221	-0.0404555
1.99311	1.62987
0.124775	-0.00875866
-1.73866	-1.64357
0.597622	0.113605
0.618552	0.743014
-0.362547	0.452278
2.37279	1.63476
-1.01212	-1.43894
-1.9816	-1.51441
0.879547	-0.478932
0.115026	0.498003
0.201214	1.06771
0.54629	1.26069
0.963047	0.967042
0.712685	-0.0890305
-0.357021	-0.770888
-1.1004	0.0893486
1.96807	0.594471
-1.25746	-1.13051
-0.315285	-0.532638
0.0935979	0.578143
1.59032	1.04486
-0.0649056	-0.127585
0.426823	0.901076
0.0453382	-0.265843
-0.23002	-0.40374
-0.349963	-0.717468
0.659837	0.993599
2.03588	0.267102
-0.264461	-0.562515
0.574218	0.115309
-0.314991	0.185607
0.539225	0.158804
-1.03744	-1.29728
-0.34084	-0.617561
0.650611	1.05879
0.923738	-0.203032
0.30279	-0.775971
0.00529952	-0.192711
-0.294303	0.0526305
0.649571	0.153203
-0.167918	-0.486214
-0.0867119	-0.149205
0.0886662	-0.537598
-0.515925	0.528796
-0.169686	0.419985
-0.883291	-0.328398
0.934909	0.652441
-0.436764	0.588534
-0.0998057	-0.0672879
2.06277	1.98561
0.136127	0.156617
-1.45908	-1.55323
0.281774	0.497824
1.07589	1.06956
1.25425	0.55722
0.297228	0.868
-1.89346	-0.147517
0.129052	-0.288731
-1.1072	-0.769669
-0.0635497	-0.639144
-0.630037	0.341602
0.3102	1.04587
0.666289	0.834995
-0.955683	-0.563442
-1.37425	-1.50405
-0.23141	-0.56835
-1.27849	-1.47246
-0.110071	1.44825
-0.817143	-1.03308
1.94612	0.803425
0.107283	0.240267
1.20802	1.01367
1.22883	-0.113429
-0.774012	-0.672751
-1.00023	-1.57024
0.842012	0.823376
-1.13216	-1.2562
-1.15137	-0.798541
0.658252	1.1787
-2.49504	-2.14236
0.161512	1.02329
-0.0207522	1.66924
-0.788432	-0.645243
0.904349	0.911743
-0.875239	-1.30191
-0.1532	-0.241191
0.251396	0.260691
0.774018	-0.0600748
1.2103	-0.182318
0.090987	-0.772786
2.69499	2.46184
0.166532	-0.202353
0.0987783	-0.614187
1.88551	0.747879
0.920997	-0.438418
0.99073	1.44797
-1.72187	-1.51167
0.194088	0.136783
0.64632	1.43821
1.02579	0.849687
0.146219	1.24165
-1.285	-1.77093
1.56668	0.685094
1.12049	0.705119
0.375882	0.642371
-0.459831	0.169876
0.243726	0.14243
0.36583	0.792647
-1.27716	-1.1745
0.318349	0.813105
0.361854	0.379208
1.66892	0.055916
0.641748	-0.207345
0.302284	-0.609134
-0.90534	0.222164
0.376726	0.0282967
1.98512	2.05493
1.57681	0.56745
1.01909	1.14844
-0.613464	-0.292673
-0.806515	-0.895182
-1.82892	-3.07043
-0.188283	-1.09068
-0.311599	0.188931
-2.19962	-1.96695
-0.35448	-0.815182
0.320203	0.250844
-0.895768	-0.0259041
0.373429	-0.236255
-1.06028	0.00816313
-0.703085	-0.31255
-0.67213	-0.348424
-0.513856	-0.612564
0.210038	-0.0264314
-0.823895	-1.55396
-1.15827	-0.944478
-1.29751	0.759797
1.44602	-0.0772591
-0.726699	-1.135
-0.869194	1.63299
-0.364808	-1.01629
2.04237	2.00498
-1.80268	-1.58475
0.162557	-0.0213551
-1.20233	-1.71482
1.54167	0.0746856
0.472915	-0.51897
-0.152615	0.0232791
-1.00657	-1.37281
0.0599886	0.0928964
-0.536363	-1.74097
-0.466485	1.72588
0.433077	0.247033
-1.25909	-1.36315
-1.26882	-1.12774
-1.72975	-2.08435
0.570628	2.39425
-0.917008	-0.889949
-1.12931	-1.40713
0.577026	-0.537849
0.837999	0.785329
-0.577061	0.0769868
0.544044	-0.0332332
0.93661	2.4236
0.143428	1.79876
0.5026	0.548944
-1.44339	-1.73311
-0.25986	-0.00266433
-0.22928	0.190248
-0.770528	-0.0241569
0.0830933	0.323577
0.804458	1.19062
0.369816	0.13368
2.46776	0.70673
-0.163928	0.0912324
-0.425691	-0.633579
0.352838	0.566332
-0.909747	-1.56338
-1.45573	-0.718823
-1.79878	-2.15615
0.0153906	0.876763
0.728499	0.072636
0.640867	1.55839
0.610579	0.3272
0.828381	0.855541
-0.704329	-0.412696
-0.125181	-0.42643
-0.1107	-0.128768
-0.195319	0.395426
-1.13947	-0.744704
1.24925	1.86643
0.252802	0.170735
0.789297	1.81767
-0.367347	-0.455059
0.466109	0.370891
-1.13189	-1.22293
1.20264	1.44919
0.166421	-0.903228
0.630041	0.843953
-0.698762	-0.294594
-0.606874	-0.597829
0.457997	-0.270698
2.30181	-0.144799
-0.633336	-0.756229
-1.09142	-0.366935
0.785226	0.289853
-1.3942	-1.42695
-0.39877	1.26067
-0.515572	-0.783022
-0.759878	-0.413416
1.52836	0.140567
-0.220111	-0.686247
0.19124	-0.67556
1.59964	0.336228
-0.132933	0.147604
-0.833741	-0.478775
-0.301145	-0.685518
0.0724774	1.48448
-0.711382	-0.773932
-0.78713	-0.0124805
0.419712	-0.191783
-0.52131	-1.04442
1.29019	0.935489
-0.230975	0.252767
-0.783604	-0.0127
0.0821031	0.726776
0.365981	0.242901
0.330782	-0.0146415
-1.5864	-1.34994
-0.291102	-0.0629749
-0.387486	-0.563131
-0.548941	-0.740051
0.605078	-0.477533
-0.777855	-1.04591
-1.21974	-1.06814
-1.98192	-1.55268
-0.595525	-0.307629
-0.905515	-1.20598
