-0.32745	0.256968
-1.30911	-0.723484
0.350096	3.40469
-0.279268	-0.0519794
-0.695961	-0.127927
-0.0159468	0.210847
-1.42966	-0.895717
-0.0116929	-0.4013
1.25108	0.667859
1.24573	0.815213
-0.32747	-0.0395375
1.2862	1.16117
0.771754	3.08624
1.30535	1.82562
0.475789	0.452394
-0.253356	-0.379465
-0.274236	1.79277
0.165565	0.905712
-1.9632	-0.974957
-0.811334	0.40987
-0.784324	-0.468537
-0.451779	1.10067
-0.683819	-0.247697
-0.820285	-0.555131
1.05994	1.43063
-0.461413	-0.0384772
-0.867517	-0.525022
0.394676	0.158367
0.426864	1.16896
1.12258	1.51751
0.819284	0.475557
-0.838765	-0.0147128
0.256374	0.702311
1.10303	2.72698
1.74242	2.1547
1.6117	0.579361
-0.644916	-0.41736
-1.03915	-0.573375
-0.673447	2.09467
-1.15416	-1.01946
-0.995113	-0.510911
-0.771587	0.322568
-0.850212	-0.236325
0.580253	-0.147363
-0.114855	0.681057
0.247643	0.491134
0.307598	1.43363
-2.14416	-1.11869
-0.976655	-0.691445
0.781467	2.04911
1.32807	1.35875
0.176791	1.66949
-0.634886	0.998316
0.173752	0.0826824
0.738693	0.619581
0.41717	0.256594
-1.36718	-0.880508
-1.36247	-0.657274
-0.146565	0.797178
0.0439745	0.152141
-0.867084	-0.766733
-0.0617548	1.86712
0.720715	3.02441
-1.31752	-0.725949
-0.662083	-0.38393
-1.00432	0.206852
-0.901132	-0.653396
0.693922	0.118262
-0.763646	0.0565827
-0.253736	-0.432456
0.706038	1.63932
0.0774619	-0.412754
0.136801	0.291253
1.57607	0.925221
-0.651808	-0.586512
-1.18005	0.577836
-0.371297	-0.228421
0.0600079	-0.0281137
-0.547518	0.236087
-0.111112	0.214269
1.05835	1.21561
0.835797	0.313426
0.662393	0.0828934
-1.39767	-0.460809
-0.572812	2.7567
0.817022	1.31641
0.101428	-0.263916
-1.32992	-1.08557
-0.674839	1.51946
0.478908	-0.327525
-1.10783	-0.924476
-0.342781	2.02768
-0.838798	4.89427
-0.639258	0.0205517
0.408503	2.09558
0.158895	0.90309
-0.121759	3.3058
1.58564	0.411531
-0.246547	2.35462
-1.42208	-0.716152
-1.0774	-0.803359
-0.206215	-0.0888628
-0.970155	-0.534637
0.381354	0.869316
0.682298	1.73496
-0.672425	-0.0773287
-1.21662	0.868121
0.404976	-0.14415
-0.273529	-0.37913
0.442255	1.43203
-1.00651	-0.196487
1.16632	0.966544
0.716293	1.76295
0.761588	0.435379
-0.295951	-1.28522
0.0660088	2.5248
0.810458	2.24008
0.563766	1.41958
-0.811009	-0.315422
-0.187408	1.85051
-0.0920205	0.410112
-1.08024	-0.627418
0.533116	2.53232
0.417233	2.22073
0.114781	-0.37409
-0.189763	0.607325
2.39115	0.884333
0.717125	1.30517
-0.893202	0.121769
-0.697052	-0.735495
0.706565	5.27342
0.379699	0.0556099
-0.642074	-0.161504
-1.77951	-1.22771
1.62492	1.20056
-1.73766	-1.14709
-0.866154	-0.136079
-0.165882	1.09022
-1.47257	-1.10111
1.10013	3.44866
-1.54779	-0.831293
0.821607	0.914539
-0.697286	-0.755782
-0.058553	0.0789165
0.982652	0.678599
1.33981	4.1964
-0.675744	3.54806
1.46404	-0.122879
0.175537	3.54437
-0.54419	0.858467
-0.238061	1.16336
1.48339	1.10049
-1.4943	-0.781913
1.09931	0.776118
2.11533	2.59484
0.440086	0.791665
-0.960969	0.0529945
0.95197	5.04064
1.64721	1.99753
0.913601	1.25612
-0.436755	0.41425
1.69337	0.433348
0.261848	0.902466
0.262401	0.169733
0.302334	0.429345
-1.20549	-0.453233
-0.0857155	0.553859
-0.82885	-0.231708
0.376911	1.44451
-0.207513	0.645251
-0.504234	0.729545
1.28763	3.35402
0.326955	0.00771999
1.09741	1.34956
1.39118	1.97943
-0.279097	0.138572
0.361502	0.0399017
-1.15651	-0.243376
1.44512	0.761863
0.341631	3.61326
-1.1359	-0.702319
0.239701	0.056386
-0.42298	0.0666249
-2.19199	-1.10314
-0.731564	-0.383297
-1.217	-0.73265
0.779779	0.340358
-0.345496	0.0969505
0.710502	-0.362504
-0.0529633	-0.3951
-0.060999	0.11227
-0.748137	-0.501996
0.399671	-0.0338346
1.04706	1.76597
1.13301	0.854301
1.84759	1.28039
-0.104306	0.367554
1.08677	0.933954
-1.00375	-0.367409
-0.965997	-0.695619
-1.35285	-0.858892
1.02333	4.0329
-0.0356545	3.3262
0.870686	1.09749
-0.468863	-0.420755
1.38874	2.30651
0.635777	3.42945
-0.269503	-0.136564
-1.30938	-0.781617
-1.45521	-1.10162
-1.07663	-0.280831
1.28514	2.16472
1.35463	2.2465
1.54162	-0.0621051
1.53079	2.66967
-0.300851	2.29935
0.327336	4.43082
0.434829	0.177877
0.787179	6.09979
0.939438	1.23187
0.688371	0.232991
1.56263	0.78568
0.558758	2.31397
-0.165798	0.332483
-0.0992121	3.12314
-2.45796	-1.37445
-1.49179	-0.918278
1.13009	1.35173
-1.23738	-0.72413
-0.571074	-0.155038
-0.554947	0.31319
1.40542	0.54818
-0.497738	0.434452
-0.321325	-0.476143
1.19686	0.359421
-1.63052	-1.18279
-0.828446	-0.556118
1.12552	0.620375
1.20531	2.44987
-0.186696	0.184813
-0.634987	-0.723431
-0.034725	-0.252337
-1.7402	-1.3707
0.532107	1.95112
0.538271	-0.282316
0.896374	0.23237
-0.740336	0.701884
-0.173623	0.654231
0.871609	1.69424
-0.929529	0.268745
-0.199876	1.18265
-0.965818	1.41334
1.49606	1.23178
0.672357	-0.074023
-0.744793	-0.239373
-0.490927	-0.697636
-0.585637	-0.7415
-1.10594	-0.894253
1.1475	1.09689
0.263464	-0.0365418
0.488558	0.0926232
0.100493	0.242926
0.619106	2.50654
0.802258	4.2026
1.03305	0.368706
-0.504191	-0.0421637
-0.911112	-0.594663
-0.268288	0.369973
-0.139747	-0.207327
-0.0546845	0.788889
1.27771	5.15858
1.50791	1.86396
0.712736	3.40106
0.303287	0.242661
-0.164827	2.47782
-0.600648	0.206746
-0.0964925	0.127203
0.0953143	0.931839
-0.475402	0.0225329
-0.297689	-0.0416178
-1.04574	1.15201
1.55187	1.25901
0.504086	-0.443129
-0.811066	-0.201561
0.990938	1.60726
-0.966476	-0.70016
-0.199319	0.635492
-0.281086	0.166873
-0.858664	-0.761287
-1.77485	-1.15587
0.0370341	-0.480633
-1.14226	-1.05872
0.0391025	1.28941
-0.377369	0.0337684
-1.40788	-1.19468
-0.594177	-0.788636
1.29736	1.83111
0.457954	1.07015
-0.578676	1.08912
-0.40538	-0.0209284
0.0784278	0.45077
-1.15117	-0.467513
-1.11808	-0.777979
-1.33183	-0.525286
0.711956	1.22241
0.639037	0.0547314
-0.447238	-0.0864381
-0.428887	0.372059
0.560346	0.0101173
1.29354	1.26605
-1.19353	-0.680383
0.642628	2.49985
-0.748713	-0.184287
0.458998	0.529678
0.709847	-0.233876
-1.10466	-0.961652
0.29859	1.31468
1.62018	1.55892
1.11164	0.429751
-1.83013	-1.32201
-0.841382	-0.645822
0.5833	1.53569
0.418761	0.177721
0.7107	1.33855
0.383862	1.60255
0.772732	0.950259
0.174779	-0.278915
0.550768	6.30684
0.393126	0.157936
-0.318929	6.57962
-0.556838	-0.0814444
1.03402	0.760257
-0.781761	-0.249856
-0.802924	-0.0097549
-0.263499	1.94323
0.629914	0.360836
0.838605	0.668228
-1.28244	-0.965083
0.894853	1.27502
-0.334003	0.379504
0.553159	0.693802
0.202906	0.554701
-0.878416	-0.882541
-0.546375	-0.0288475
0.434794	0.270699
2.06668	1.4294
-1.80665	-0.870847
-1.16484	-0.392636
-0.768536	0.714442
-0.715509	-1.08669
0.0415003	1.59866
0.0306812	-0.390522
-0.927727	-0.367784
0.147682	1.63699
-0.881086	-0.109895
-0.734695	-0.7122
-1.18579	-0.503542
1.18619	1.5709
-1.27289	-1.11129
-1.20113	-0.817189
0.275111	0.597545
-0.597147	-0.663628
-1.01314	0.349468
-1.87558	-1.27767
0.983689	2.29293
-1.33696	-0.787305
-1.6914	-1.58601
0.0133098	2.17011
0.774018	0.592301
-0.62217	-0.263042
0.541178	0.853659
1.32242	0.960605
1.83075	1.89951
0.0151607	0.0609887
0.826712	0.620687
0.75499	0.99057
0.94731	1.17942
1.37912	3.35989
-1.02602	-1.09131
0.297861	4.88527
-0.675713	1.65654
-1.14716	1.39259
0.597063	0.0363946
1.55556	0.965151
-0.215671	1.07458
1.22227	1.65147
0.52617	0.0767052
-0.195033	-0.304375
0.976301	0.433496
0.0178418	0.0794637
1.41714	0.280837
0.4894	3.50803
-0.662258	-0.501944
1.45721	0.433471
1.17192	2.36425
-0.0972691	-0.135494
-0.0343364	0.963696
-1.17544	-0.657965
0.206923	0.12343
-0.346885	0.0985551
0.139415	0.696262
-0.0565882	3.12775
-0.445703	-0.426893
-0.473452	0.733006
0.194758	-0.0212359
0.549109	0.533659
0.378774	0.661198
1.92204	5.17872
0.792755	2.61179
0.742518	-0.279736
0.443003	1.08696
0.602583	1.80951
1.02214	0.629522
-0.648201	1.09997
-0.200768	0.128275
0.197524	1.12102
-0.204182	1.87127
1.92168	0.515656
-0.256653	0.931462
-2.66897	-1.20344
-0.0324491	-0.498828
0.220452	-0.0144285
-0.566647	-0.187258
0.993809	0.732712
0.0953457	1.84758
0.296731	1.76754
-0.128109	-0.0229752
0.226713	1.18546
-0.0921567	1.33635
0.623656	0.578216
-1.0293	-0.686825
-0.379354	0.117487
-0.730714	-0.43669
-1.43205	-0.640758
-0.807547	0.0883996
0.218092	-0.09615
-1.79277	-0.472041
0.237096	0.6747
-1.19167	-0.601913
0.80077	-0.322509
-0.657387	0.548732
1.82285	4.28085
-1.3071	-0.889062
-0.121362	1.04828
0.649683	1.82057
0.184553	1.073
0.570271	0.38265
-0.345489	0.106103
1.01575	0.694395
0.276326	0.0124562
-1.1529	-0.644559
-0.844152	0.144528
-0.998156	-0.405055
-0.342985	0.427175
1.09904	1.21758
0.969942	1.39705
-0.927223	2.20901
-0.0315241	-0.840041
1.73479	4.18923
0.785719	2.24433
-0.667348	-0.590602
0.374729	0.597899
-0.120364	6.83779
0.794676	5.1769
0.963296	1.07515
1.34477	1.36803
-0.0663065	0.0473559
-0.150806	1.26854
-0.182367	0.997502
1.3318	1.82533
0.0660714	0.17979
0.0552627	-0.0535607
0.0779047	3.19436
-0.767354	-0.491545
-1.65476	-1.20918
-0.339942	0.808744
1.52544	1.55078
0.1734	-0.448947
0.121153	4.46994
0.55007	0.462294
-1.18175	-0.0772548
-1.04703	-0.627935
0.120539	-0.248844
1.59528	1.5215
-1.17934	0.0762415
0.0473314	0.0725436
-0.354746	-0.520427
-1.0186	-0.310487
-0.87289	-0.101857
-0.969553	-0.880791
0.364116	1.49781
1.18708	0.432065
0.392352	2.02983
0.328753	2.51153
0.456647	0.673007
0.937174	5.27098
-0.373972	4.27823
-1.20057	-0.721505
-0.286718	-0.29991
0.429043	0.444939
-1.70843	-0.871223
-0.802662	-0.118306
-1.56629	-0.664163
1.32872	0.397564
0.0921531	0.948793
-1.3578	-0.816147
2.52106	0.0942457
-1.38783	-1.27771
1.40319	0.553732
-0.889059	0.037154
-0.324869	3.95101
0.71889	2.95222
-2.61071	-1.42987
-0.119945	-0.131516
-0.674002	-0.619685
1.02082	0.248702
-1.37829	-1.12004
0.636846	0.6278
0.438858	0.122424
0.666078	0.394766
0.00889991	0.175478
0.216303	1.86384
0.24514	0.557214
0.744527	0.698628
-1.0526	0.656327
0.470157	-0.0277007
-1.13794	-0.219408
0.3272	0.249673
0.459119	0.230899
-0.945982	0.23805
-0.253463	-0.503284
2.15	2.51853
-0.174898	-0.0176698
0.156544	2.6546
-0.224474	0.421641
0.0170813	1.33772
1.44369	1.95023
0.725991	4.27852
-0.536426	-0.479198
1.80216	2.15745
0.819692	1.97043
0.731365	0.648121
-1.23142	-1.05505
0.266412	2.02188
0.908084	1.28542
-0.228105	0.664388
-0.409439	0.530497
0.165606	0.632311
1.05535	2.07821
1.59648	1.96594
0.908031	2.62375
-0.204284	0.0117934
0.0832663	-0.518713
-0.790375	-0.701174
0.797598	4.40168
-0.141106	-0.388731
-0.449819	-0.283039
0.351923	-0.245082
-0.328572	1.95415
-2.02865	-1.00473
-0.686789	0.00434756
-1.09856	-0.405921
0.337087	1.34334
0.75108	4.41349
0.379614	0.504347
-0.260755	1.15249
-1.71092	-0.909386
1.28893	0.464358
-0.13514	0.183481
1.59167	1.04878
0.26509	1.46007
0.274708	0.965159
-0.0719666	-0.25389
0.0808895	1.28733
-1.00294	-0.493948
0.0640751	0.146314
-1.0182	-0.526799
0.411929	0.230125
1.19662	1.92829
-0.564103	0.501852
-1.05071	-0.423108
-0.987248	-0.791602
1.05903	2.38889
-1.1616	-0.515038
0.0322541	1.21502
0.945239	0.237904
0.514429	0.550928
-0.724029	-0.760575
1.57895	3.26111
-1.84336	-0.967362
0.347249	1.69165
0.518982	0.199953
-0.291295	0.508118
-1.0433	-1.05398
1.22434	3.33752
0.161048	-0.437374
-0.91339	-0.281538
-0.638124	-0.960073
0.221887	1.16366
1.41402	0.864232
0.306646	1.17338
-0.81909	-0.303166
1.18383	1.18465
-0.328827	1.66502
-1.68742	-1.15937
0.57337	1.35503
-0.502462	0.455974
-0.387277	0.509448
-0.0107036	1.79481
0.0719836	1.19599
1.15416	2.62683
-0.691985	-0.70541
0.263841	-0.492351
0.126101	0.39853
0.501327	1.12443
0.493124	1.25947
-1.35952	-0.487788
1.12982	0.461519
-0.601162	0.570346
-0.571956	-0.435051
0.813121	0.335366
-0.00679295	2.13665
-0.711349	-0.376842
-1.28907	0.260015
-1.97518	-1.43238
0.0134656	1.59698
-0.0871481	0.291889
0.0786428	0.394602
0.645829	-0.218009
0.553044	0.487056
1.53695	1.09607
0.828161	-0.30401
0.753457	0.337695
0.380399	1.33838
-0.82062	-0.393346
-0.424344	0.444452
0.156136	0.420653
-1.84219	-1.12
0.901767	3.61975
0.769837	0.898144
0.0458357	4.64019
0.331187	2.91618
-1.0056	-0.0990713
0.0980028	1.56584
-0.236789	-0.412376
1.19111	0.894097
0.170124	0.381362
0.593357	4.89644
-0.679523	0.655975
-0.0088592	2.29433
-0.829497	-0.593569
0.621099	1.85599
-0.918113	-0.573974
2.33183	0.514815
-1.18538	-0.366096
-0.701494	0.986291
0.0172662	1.04742
0.764841	0.637181
1.25841	2.9792
-0.963658	-0.739343
0.574065	0.158663
-0.018343	0.304995
0.277385	-0.0778437
-1.08236	-0.527209
-1.3308	-0.184969
0.211831	0.278074
0.43723	1.65796
0.69826	4.2416
-0.130133	0.751908
-2.25459	-1.21925
-0.712616	-0.230752
-1.41429	-0.649881
-0.832801	0.469186
0.128119	-0.403095
0.942327	0.87569
-0.62357	0.260086
-0.285065	2.42236
0.438816	0.148869
1.4537	2.67092
0.634354	1.16415
-1.05968	-0.444497
0.0667185	2.48283
-0.195453	-0.263104
1.56647	0.814655
-0.231214	0.138869
1.26292	1.36822
-1.55609	-1.08209
-0.960331	-0.580079
0.159398	0.910571
1.44043	1.69985
-0.231395	1.36247
-0.970472	-0.696774
2.10432	1.96138
0.0363421	-0.0699407
0.299711	2.12015
-0.151268	-0.276767
0.158513	1.22339
2.00292	0.809774
0.184064	0.344785
-2.2976	-1.26113
-1.47658	-0.810205
0.558163	0.152985
0.154637	0.815961
-0.855098	-0.326685
-3.0738	-1.59755
1.33345	1.56531
-0.0776109	-0.832877
1.0598	0.826221
-1.72164	-1.02493
-0.834889	-0.433822
0.378186	1.97485
-1.36694	-0.58911
1.72547	5.59393
-1.07099	0.755776
0.86337	0.545807
-1.55218	-1.03414
-0.193618	0.351615
-0.24284	0.86571
-1.90282	-1.21233
0.182396	1.62468
0.589287	0.48121
0.63732	0.405163
-0.324989	0.337582
-1.59923	-0.842031
-0.459844	0.760686
1.72569	1.94664
-0.424649	0.1976
-0.0706192	1.09057
1.13467	0.585726
-1.45729	-0.510329
0.47794	2.77494
-1.01936	-0.6671
1.81699	1.66673
1.45074	0.921401
-0.470246	0.785925
0.783725	2.50027
-1.22114	-1.04719
-1.39472	-1.01373
-0.0583337	1.25804
1.49808	1.12905
-0.287792	-0.18916
-1.25222	-0.872205
1.23975	1.99039
-1.55947	-1.13487
1.66802	0.508006
-0.650903	0.835999
-0.994472	-0.403375
-1.48662	-1.22126
0.164519	0.569723
0.620505	-0.0121355
1.13749	0.991849
0.211014	-0.0555462
0.290756	1.54519
0.236225	1.1369
-2.02725	-1.0263
0.787564	0.993347
-0.187681	1.0404
0.647579	0.809306
0.578398	1.7491
1.88803	5.25474
0.404044	1.75218
-0.359009	0.320513
0.985558	1.0607
0.351176	0.826174
-1.10776	-0.498329
-1.69262	-0.76455
-0.644802	0.180397
-0.731842	-0.36814
-0.469592	-0.524716
0.372566	2.79024
0.786484	0.570049
-1.14838	-0.879138
0.626868	5.30486
0.978132	0.598789
-0.905515	-0.362849
-0.481128	0.0295675
0.133927	0.541064
0.768939	0.707153
-0.594032	-0.088852
-0.0135779	-0.414207
-0.0232572	2.37728
-0.805773	1.13761
0.440295	1.3189
1.75162	3.02726
1.56561	0.693229
1.70368	5.08218
-0.0634148	2.65627
0.566821	1.21343
1.33868	2.42745
-0.204344	0.0935197
-0.895892	-0.850152
-0.477978	-0.343682
-2.42214	-1.37908
-0.166484	0.810976
0.415296	0.569779
1.33195	-0.541404
0.679824	1.01849
-0.91801	0.0213528
0.33827	0.501571
0.22975	2.47238
-0.651395	1.79144
-1.57874	-1.05547
-1.20077	-0.622948
0.263978	1.28452
0.62121	2.25986
-0.396021	1.01817
-0.32565	-0.335919
0.547967	1.9706
-0.315302	0.264113
1.27542	0.829979
0.591408	0.58638
0.395043	1.29068
-0.5959	0.273924
1.81767	0.764424
0.951832	1.99801
0.570827	0.561982
-1.15187	-0.62746
0.87275	3.86763
0.522251	0.0495696
-0.0265814	-0.0379521
1.64657	2.29223
0.0989569	1.5045
-0.705871	-0.348918
2.35101	4.34343
-0.937914	-0.84214
0.249875	0.846066
-0.728179	-0.0963795
-0.677324	0.279456
0.204876	-0.0359696
-0.0745298	0.390828
-1.17789	-0.865614
-0.504334	0.399457
0.0563804	0.408587
-0.0597874	0.234507
1.23419	2.23081
-0.127299	2.92409
-0.892194	0.799259
0.0914688	-0.249025
-0.195622	0.480448
-1.15047	0.891455
0.873853	3.34506
0.143619	0.326283
-0.504762	0.338089
-0.908696	-0.457171
-0.820486	-0.0888401
-0.863841	0.237638
-0.627621	-0.0511926
3.06705	1.49022
-1.19555	-0.619171
-0.85296	-0.749603
2.14291	0.971054
1.87034	-0.0908339
0.569501	1.19244
1.79851	1.51674
-0.113213	-0.641842
-0.437934	1.33553
-1.69034	-0.667009
0.48843	1.03327
0.219853	1.71011
-0.678051	-0.810356
-0.886119	-0.249088
-0.461509	1.7727
-1.39561	-0.64293
0.536481	0.629338
-0.212407	-0.653582
0.351562	3.17704
2.11626	1.20601
-2.19674	-1.0406
0.298345	0.783283
0.702772	0.524709
1.16113	-0.339156
0.253035	0.321647
-1.933	-1.00267
-1.26492	-0.280681
0.0437616	1.05518
-1.28279	-0.81664
0.0811424	2.07498
0.284628	1.1072
2.24577	2.26433
0.226091	-0.320923
-0.752066	-0.0843376
-0.413252	0.265769
1.01762	0.432065
1.22786	2.1967
-1.39199	0.384775
-0.6077	-0.475234
-0.151807	-0.380729
-2.21949	-0.745845
0.112428	0.749953
-0.943045	-0.277725
0.0481339	1.10288
-0.323836	0.798968
0.76657	2.29549
1.20512	-0.0933075
1.88604	1.01643
-0.591946	1.32995
-0.174925	2.57425
0.645193	0.406514
0.260601	-0.348996
1.0247	0.624186
-0.963251	-0.506297
0.0173449	0.194545
0.0336379	0.545751
0.842769	0.960072
0.722261	2.33941
1.12247	1.64903
-0.115984	2.07014
0.933592	0.224891
1.35213	1.1726
-1.19151	-1.00973
-0.0259068	4.38306
-0.190526	-0.369558
-0.392595	-0.153158
0.13384	0.509377
0.677797	2.41689
2.26255	3.82754
-1.68052	-1.41055
-0.844827	-0.0919497
0.594659	1.78772
0.176995	1.1103
0.937158	1.25546
-0.530923	0.856369
-0.695323	-0.0428009
-1.55321	-1.04875
-0.276385	1.20684
0.572511	2.15041
0.50676	2.47452
0.364978	-0.156783
-0.562832	-0.194613
-1.08203	-0.68562
1.22088	1.58507
1.23249	3.71212
-0.487521	-0.416149
0.578303	1.25554
-0.575822	-0.0838459
-0.772042	-0.04978
-1.78381	-1.30982
-0.699811	-0.306208
0.065598	-0.166155
-1.6564	-1.07078
-0.330463	-0.645529
-0.22845	0.783781
-1.19433	-0.347028
-1.85206	-0.897875
0.865533	2.74735
-0.37429	-0.306308
0.345073	0.723673
0.793896	2.05908
0.216002	0.844434
0.0634593	-0.237991
1.50692	5.27043
-0.591966	-0.258738
1.69014	2.99952
0.107722	-0.158346
0.831896	1.82433
-2.74921	-1.63854
-0.969418	-1.15708
-0.856513	-0.144719
-2.2667	-1.17583
-1.72867	-1.13564
0.00692008	0.189118
-1.24029	-0.89435
-0.129801	-0.401605
0.164922	1.35919
0.155961	0.0967205
-1.22056	-0.0348896
-0.696411	-0.371984
0.923979	2.86681
-0.616898	0.0388515
-0.473314	6.27387
-0.424968	-0.134271
0.140036	0.519603
-0.686544	-0.334789
-1.16064	2.65467
1.72224	1.75074
-1.30944	-0.51513
-0.0745908	1.1832
1.12353	3.90862
0.935129	3.96907
-0.768201	-0.333619
1.19134	-0.00605583
-0.93412	-1.04886
1.40798	2.57577
0.372101	0.866712
0.72361	1.43785
-1.95604	-1.4068
0.266409	0.944039
0.231388	0.104254
0.0224461	0.255886
-0.136258	2.14425
-0.722933	-0.119085
-0.591782	0.232985
-1.33498	-0.428502
-0.252209	3.21039
-0.559756	-0.272093
-0.69481	1.12776
0.525675	-0.153567
-0.282598	-0.299954
0.0865166	2.31673
-0.726372	0.7116
0.548489	1.4118
-0.834727	-0.126169
-0.367431	-0.144956
-1.05122	-0.432869
-1.21084	-0.742622
0.873887	-0.0338507
0.0287783	0.0349391
-0.712523	-0.337442
-1.42098	-0.84507
-0.30127	-0.240579
0.189525	1.98776
0.763636	0.160942
0.622945	5.72124
0.615284	0.8312
-0.90866	-0.600589
-0.293311	-0.213881
0.232834	0.0184679
0.177418	1.3426
-1.32838	-0.576406
-0.0550592	0.00406146
0.962196	1.28034
0.00466955	0.376924
0.610217	4.90468
0.297168	0.888792
-0.224409	2.20872
-0.0747691	-0.573318
-1.09941	-0.261303
0.900192	0.18892
-0.875608	-1.00009
-0.915605	-0.13685
-0.324854	0.192407
-0.830098	-0.435972
-0.994398	-0.281094
-0.926202	-0.388867
0.308844	0.983969
1.09393	1.30032
0.613644	0.0375843
-0.978985	-1.02359
-1.64327	-0.514378
0.00739199	0.221201
0.514631	3.35682
-0.308852	-0.456254
0.725107	0.341303
0.449031	-0.501032
-0.546399	-0.491081
1.50712	0.923179
0.541365	5.99866
-0.363963	0.233494
0.422346	1.3522
-1.61317	-0.834948
-1.18054	0.777175
-0.825925	-0.707775
-0.89955	0.137624
1.0735	1.11912
0.265931	3.42372
0.225503	0.828469
-0.334932	0.827715
-1.47541	-1.1216
1.24895	-0.216044
-0.0869128	2.16841
0.604415	1.81419
0.464242	3.69626
-0.440264	1.94605
0.827644	0.358626
0.203538	1.90092
2.20985	1.68675
0.755046	-0.172852
0.840377	3.17127
0.843518	0.0503087
-0.907972	-0.914727
-0.129381	0.893116
0.615448	-0.346346
-0.117779	-0.0683117
-1.18426	0.0317132
1.1128	0.261465
0.350216	1.38617
1.2888	1.87855
-0.842605	-0.516414
1.03306	2.96161
0.538798	0.326638
-0.379492	-0.392171
-0.670646	-0.701954
-1.74417	-1.19657
1.1315	2.30418
0.212608	0.664952
-0.730719	-0.1355
0.254083	0.584888
0.0198449	0.313432
-0.555571	-0.574588
-1.30688	-0.731103
-0.197701	-0.0388151
-0.391293	0.931246
-0.950592	-0.243402
0.0668944	1.06515
0.558951	2.01121
0.473709	1.37019
0.560224	2.82417
0.48235	1.03216
-0.272154	0.569507
1.09907	1.93201
0.52394	1.9754
0.696821	3.51933
-1.40151	-0.870742
0.510996	0.343057
-0.664073	0.309699
2.13356	1.55703
-0.993417	-0.209707
2.18956	1.75242
-0.712093	-0.712605
-0.0613813	1.19772
-0.826124	-0.619493
-2.70789	-1.07309
-2.33613	-1.28379
0.317527	1.9947
-1.4086	-0.884008
-0.483909	-0.0655729
1.45786	1.00049
0.565523	0.0173473
0.840165	1.43329
-0.309988	1.76348
-0.172721	1.1115
-1.28744	-0.814072
1.70092	2.32773
1.25427	2.4806
-1.89716	-1.32013
-0.0356398	1.21204
-0.745019	-0.489416
1.97169	-0.27018
-0.105831	0.341762
-1.50469	-1.21655
-2.06829	-1.18916
0.356369	0.265893
0.268053	2.27283
-0.291648	0.433
0.0559466	1.61518
0.556695	0.751125
1.34024	2.36208
-1.31204	0.0268173
-0.625503	-0.550019
-1.00184	-0.737754
-0.304394	4.61518
-0.439688	-0.240824
1.27554	1.40069
-0.0968899	1.42751
1.02728	0.88948
-0.402614	-0.147606
0.404044	3.20952
-0.697806	-0.143641
0.451714	2.08889
-0.0649675	0.512328
0.882365	0.225397
0.668879	1.87333
-0.727894	1.8145
-0.716555	-0.395405
-1.20419	3.75789
-0.722043	-0.900725
-2.50725	-1.55255
0.559968	1.48599
-1.38313	-0.882309
0.836822	-0.19255
-0.497031	0.260973
-1.35329	-0.533107
-0.0673891	-0.396972
0.914796	4.49138
-0.51025	-0.185594
2.29504	1.22474
0.114388	0.30347
-1.59727	-0.945151
-0.589074	1.73843
-0.197758	0.519873
-2.64337	-1.44783
0.794757	1.31828
1.01818	0.759244
-0.410575	-0.136566
0.823486	0.817658
-0.106889	0.166676
-0.24917	-0.178446
-1.02698	-0.477121
-0.610148	-0.0576252
1.25651	0.86261
1.28683	0.460837
1.52304	0.415571
-0.592092	-0.228438
1.79232	2.06686
-0.91578	1.06232
-0.694115	0.0215161
0.392339	1.66726
0.693002	1.21004
-0.441761	0.103654
0.524373	1.46368
-0.529598	0.425006
-1.7662	-1.12325
0.858841	0.268573
1.53695	1.8127
-0.46294	-0.69791
0.383725	0.763437
1.1031	8.49107
1.78287	2.40672
2.20806	6.00076
-2.08674	-0.563999
0.356469	1.00469
-0.278495	0.168114
-1.40473	-0.847091
-0.048163	0.457356
1.11916	2.9485
1.07491	0.647252
0.352684	-0.667111
0.118951	0.493404
-0.386412	0.407125
0.0471818	0.362549
-0.54486	0.360428
0.678587	1.09782
1.33683	1.61994
0.409956	0.480733
0.935742	1.27557
-0.337763	-0.274783
-1.07641	-0.218615
0.0736031	1.09191
-1.04379	-0.332782
-0.592544	-0.83503
-0.459472	0.474035
0.676836	3.3704
0.500157	1.43375
-0.0729799	0.04228
0.826883	0.874163
-0.401904	-0.521246
0.677465	1.59289
1.23825	3.22795
2.25329	6.37454
0.0343633	1.32889
0.747273	0.823542
-0.522827	-0.391369
1.20302	1.26307
0.391271	3.24299
-0.122619	2.81854
0.221594	-0.33625
-2.3908	-1.60199
-0.368628	0.036937
-0.00386503	0.289931
1.91383	3.08546
-1.62326	-0.809831
-0.101012	0.557731
0.293614	0.101271
1.08069	1.30378
-1.17732	-0.275418
0.261742	1.19965
0.169531	-0.165583
-2.19551	-0.628593
0.33194	2.37822
-0.235802	0.165845
0.160397	3.87322
-0.165453	0.300881
1.02597	0.785769
-0.310095	-0.163801
-0.688902	4.57057
-0.225786	-0.411282
0.888864	0.873972
0.214073	0.268435
0.405906	1.99199
-1.17168	-0.259806
-0.295876	0.452955
1.44416	2.21276
-0.385489	-0.41892
1.93338	0.975966
0.41709	1.78823
0.174191	0.0950789
0.411362	0.888218
0.350092	3.16267
0.265598	-0.14582
0.552019	1.21572
-0.616387	-0.000370741
0.700949	0.590384
1.52142	0.645019
-0.712821	-0.681004
-0.83261	-0.658466
-0.287653	0.043807
1.05254	0.0285971
0.76951	1.48023
-0.332639	0.0736272
0.460998	2.93638
1.73295	0.542388
-0.620041	-0.553912
0.809736	2.35116
0.00316507	-0.284607
1.77859	0.270916
1.11382	2.16978
-0.351267	-0.177401
-0.455385	-0.167717
0.402943	3.07939
-0.54834	0.640121
-1.61054	-0.95008
0.867344	-0.229279
-0.345055	0.0897586
0.634398	4.06467
2.18007	1.59157
0.835168	-0.362358
-1.41864	-0.800146
-0.588769	-0.311776
0.524508	-0.262111
-1.44811	-0.641719
1.53395	0.217252
0.016082	0.132275
-1.10261	-0.360644
0.360593	1.65454
-1.08259	-0.476009
-0.541647	-0.214786
-0.137016	0.702724
0.353125	0.266628
-1.01251	-0.241849
0.230533	0.120163
-0.0162662	0.908873
0.34765	1.26463
-0.302387	0.695809
1.08552	2.4467
0.122015	-0.057289
0.0113361	1.92548
0.210129	0.5284
-0.806165	-0.351647
-0.283662	-0.291345
-1.91286	-1.14165
-1.02575	-0.850656
-0.853929	-0.949358
-0.432308	-0.108331
0.398485	1.40977
0.622319	3.2254
0.179137	0.864538
-0.129772	0.298046
-0.345146	1.52067
1.01278	2.60743
-1.78149	-0.6682
0.591449	1.63359
0.818505	0.935919
0.431338	1.03414
-0.736039	-0.580834
-0.0716972	0.199494
-1.60464	-1.12267
0.676154	0.185943
-0.629528	-0.142581
0.553083	2.55188
-2.00373	-1.22998
-0.740871	-0.642908
-0.4009	-0.169653
-0.336517	-0.0258058
0.473887	-0.195374
-0.738618	-0.567992
-0.659467	-0.378389
-0.147035	1.27794
1.02096	0.682485
0.0521611	0.4298
-0.545647	1.81717
1.4341	1.67793
-0.180045	0.643271
0.583861	0.653511
0.970265	2.31782
0.0492307	0.692325
0.405331	0.710217
-0.132755	0.548445
-0.868129	0.886436
-0.173037	0.932295
0.0479558	0.220652
0.816892	-0.702443
0.745923	0.718137
-0.201283	-0.422337
1.00465	2.16768
-0.610732	-0.0172412
1.06471	1.50453
1.72661	2.47826
0.283232	2.59221
-1.00476	0.00981569
-0.30698	2.89019
-1.55356	-0.785044
-0.372664	-0.646235
-0.345734	-0.041973
-0.219002	-0.0188386
0.435381	0.0425112
0.292177	1.44013
-0.149679	3.8059
-0.104719	0.987253
0.819142	1.63026
0.426551	5.16163
-0.598586	-0.211145
-0.0951034	0.782678
0.720851	2.45746
0.712904	1.91148
-0.828836	-0.223308
0.620849	1.62032
0.247602	0.325158
0.614599	3.1278
0.436191	0.562699
-1.664	-0.654549
-0.95654	-0.0492072
-0.514749	0.258813
-1.11083	1.25105
-0.130549	1.36382
-0.929872	-0.392535
1.87123	0.470757
-0.29301	-0.312334
1.14698	4.29573
-0.816017	-0.253657
0.123232	1.02517
0.707507	1.55256
0.168319	-0.263374
0.0912815	0.422893
0.160967	0.498952
0.256973	1.07563
1.37461	1.46852
-1.47098	-0.91217
-0.277895	2.50273
-1.00554	-0.094052
0.995588	0.712464
-0.457947	3.34911
2.30942	1.84569
-1.34765	-0.493827
-1.54301	-1.06352
1.56608	2.19625
0.291723	-0.0019443
1.91753	3.84672
-1.47591	-0.854566
1.0059	0.867778
-1.54731	-0.95776
0.925465	1.33085
-0.511842	1.6938
1.12865	3.16141
-1.58674	-0.737237
-0.921467	-0.566636
0.531232	1.02522
-1.05566	-0.308172
1.39238	0.0887465
-1.29576	-1.03849
-0.673187	0.535884
-1.80001	-0.392327
0.693104	3.10254
1.64363	1.3425
-0.529827	-0.632169
0.479101	-0.184207
0.405127	0.461768
0.125081	1.60755
1.85233	2.29212
0.0541096	1.23503
-2.13877	-0.903013
-1.10954	-0.630511
-0.554989	0.409999
-0.52737	1.68925
-0.48114	-0.47768
0.178667	2.1251
0.371955	2.78867
0.611468	0.736465
0.482249	0.758507
1.96859	2.37374
-0.155578	0.135295
-0.477748	0.0767529
0.0193944	0.183457
-0.754997	1.27336
-1.49427	-0.893199
-0.517934	-0.0473005
-1.15265	-0.529885
0.686428	1.80197
0.97131	0.259597
-0.0616519	0.606194
0.199048	1.18018
0.550143	2.00671
0.405638	0.0307953
1.18753	1.20158
-0.0321322	-0.368046
0.591637	2.30953
0.869773	0.271329
0.0360112	1.30768
-0.511326	-0.514637
-1.78561	-0.705285
-0.598556	-0.754244
1.10117	2.02682
0.376693	-0.169014
0.0527769	1.41978
1.69773	2.38626
-0.0891078	0.534011
2.18003	1.94348
0.688041	1.58977
0.57735	2.8116
-2.13774	-1.12446
-0.332474	-0.753757
-1.45819	-0.599649
0.713896	0.380678
2.24133	1.93439
0.3303	-1.17962
-0.093413	0.753452
-0.623214	0.551964
0.970536	0.583276
-0.33033	0.0830388
0.329533	1.12737
-1.06235	-0.803971
-0.381763	-0.0446504
-1.42925	-0.740013
1.53256	0.257546
-0.514838	-0.42721
-1.03413	-0.643848
-1.12039	-0.877048
-0.447859	0.0938809
-1.24182	0.811925
0.0338145	0.00199676
-1.22273	-0.434063
-0.152139	1.43399
0.936698	1.50127
-0.0191347	0.127465
0.697801	0.391034
-0.307883	1.31518
-0.362988	2.29602
-0.289788	0.309291
-1.43486	-0.95094
0.541508	-0.0239152
-1.91393	-1.32686
0.478609	1.58081
0.807003	0.575197
1.3093	0.774153
-0.621953	-0.66359
0.456011	1.52927
-2.25977	-1.3728
1.76784	1.03771
-0.387155	1.33124
1.2864	0.556613
2.5292	1.04425
0.196522	2.12087
-0.324478	-0.601073
0.368539	2.85057
-0.0562413	-0.489974
0.117116	0.154425
-0.717288	-0.0709271
-0.576095	-0.304569
0.474411	1.21249
0.439517	1.4769
-1.65305	-1.14437
-0.68852	-0.407683
-0.178267	0.576893
0.724096	-0.0289994
1.02761	1.11745
-2.34459	-1.65338
0.4909	0.0648713
-2.01714	-0.850882
-0.583323	1.50605
-0.0174081	0.39179
0.881918	-0.095706
-0.332191	-0.199902
-0.373293	0.328504
0.820029	1.10102
0.697179	2.87411
0.661333	0.282285
-0.158323	-0.0123227
1.08231	2.94327
-0.167019	0.950866
1.96738	1.45892
-0.157199	-0.240092
-1.12099	-1.00407
-0.323977	-0.249642
1.83825	0.556237
0.462434	4.07504
-0.130693	-0.136031
-0.42074	-0.851637
1.64284	4.02313
-1.51713	-1.09512
-0.883368	0.364385
-0.88698	0.593569
-0.379866	1.29
0.598844	0.0792956
1.25064	3.64708
-0.132093	0.0135124
-1.90346	-1.2832
0.118817	2.15495
-0.30433	0.449305
1.35393	5.4286
-0.744655	-0.53155
0.521093	-0.552251
-1.11794	-1.12297
0.0543105	1.42671
0.737903	-0.332038
0.771211	1.26209
-1.439	-0.758259
-0.271381	-0.224921
-1.6559	-1.39882
-0.520899	-0.448897
-0.953858	0.155582
0.874029	1.26378
-0.427962	-0.368713
0.486099	5.99781
0.955157	0.716113
1.31929	1.22504
-0.636034	0.632979
1.66525	6.05107
0.892082	-0.063504
1.91465	3.22059
-2.34774	-0.823405
0.952765	0.885867
0.779433	3.06511
0.867966	0.0636673
0.613519	0.127116
1.78703	2.13643
0.959309	7.097
-0.963399	0.341629
-0.663752	1.63547
-0.915374	-0.510881
1.13503	0.385866
2.57431	1.14301
-0.00780012	0.155481
-1.71268	-0.847821
0.862046	-0.558904
1.48794	0.947433
0.179166	0.408583
-0.42755	2.74207
-0.551409	1.97705
0.849225	1.72932
0.942318	2.41238
-0.123535	-0.116771
1.44267	4.39405
-0.630546	-0.0482494
-0.224584	5.88824
-1.45202	-0.833714
-0.549316	-0.0265712
0.685904	0.340105
0.0847874	-0.615817
0.511977	2.13816
0.996665	3.46176
-1.03625	-0.538468
-0.176525	-0.417402
-0.215922	2.77248
-0.438696	1.28405
-0.304338	0.774281
0.955651	0.483389
-0.721746	-0.475626
-0.116657	-0.0742233
0.151414	0.729353
-1.40118	0.549675
1.68547	0.905901
-1.01581	-0.261218
0.408412	2.16456
1.21542	0.85934
0.0244975	-0.295755
-1.38447	-0.795375
-0.558585	-0.0187474
-0.287595	6.49711
-0.507204	1.02859
1.732	4.48748
-0.0534279	0.356501
0.677238	0.387509
0.138128	0.653259
0.545734	0.620071
-2.42538	-1.26048
-0.491654	-0.674495
0.292479	-0.0619835
0.344686	0.109475
-2.41448	-1.35931
-1.18078	-0.792011
-0.49493	0.175778
-0.190163	-0.405038
1.77231	0.869083
0.402577	4.87808
-0.818621	-0.700892
-0.492748	-0.0207454
-0.118611	0.453041
-0.67133	-0.118409
-1.59006	-0.875346
0.000609053	-0.219632
-2.23531	-1.28059
-0.902357	-0.993657
-1.38897	-0.252002
-0.627905	1.15593
-0.137742	-0.453217
0.988465	1.01366
1.11464	0.887343
-0.851148	-0.804766
0.183674	1.51425
0.630791	2.89741
0.286916	1.40887
0.866603	3.35726
0.145421	1.3125
2.04517	3.53657
-0.773896	0.314661
-0.171758	-0.0846577
-0.0415959	2.81562
0.540567	2.70792
0.477859	0.601629
-1.81907	-0.812064
-1.19504	-0.55062
0.81384	0.665774
-0.331062	0.668761
0.19758	0.389458
-1.22912	-0.471685
-2.11789	-1.71933
1.03948	3.95595
1.03677	2.68517
1.18923	2.1631
0.558013	-0.00377774
-0.18063	-0.00553966
-0.624942	-0.451027
0.669984	2.50455
0.962319	1.21721
1.53602	2.03966
-1.4139	-0.498877
-0.0393414	0.812659
0.170651	1.31458
0.778766	1.94802
-0.701171	-0.64811
-1.67836	-1.12164
-1.29756	-0.682229
-0.914136	0.176098
1.06376	4.33653
0.238252	1.92306
-0.202539	1.33662
0.0927121	2.55616
-1.32036	-0.661259
0.146367	0.206014
0.0683889	0.924855
-0.772129	-0.503757
0.36397	0.838093
0.463518	0.583714
0.626972	2.39
-0.568689	-0.550938
-0.399372	0.867794
0.296118	2.7258
-0.106522	-0.316103
-0.633138	-0.327311
0.231338	0.561136
-0.845839	0.2626
-0.551893	0.145915
0.7544	-0.397143
0.754944	1.68424
-2.02316	-1.24707
0.430099	0.0206566
0.741719	2.10079
-0.332626	0.472666
-0.291107	-0.0981969
0.100884	-0.563955
-0.00369727	1.4588
-2.59659	-1.42101
1.56936	0.230485
0.265858	1.7874
-0.628085	-0.067842
-0.878961	-0.260878
-0.00829183	1.67047
-1.08374	-0.413072
0.513886	0.632225
2.13313	3.11494
0.0402356	-0.258337
-1.01911	-0.896624
-0.176172	0.625516
0.603705	1.16788
0.629411	0.757251
1.0651	1.09543
-1.36376	-0.916936
-1.61399	-1.11494
1.15035	0.683895
-1.21131	0.187247
-0.954055	-0.0520146
-1.40965	-0.361657
0.191786	1.04427
-1.38483	-0.830073
2.0568	3.31006
1.31444	0.211824
-0.466923	0.000618696
0.84289	1.01169
0.259855	-0.378127
0.966917	1.17092
0.438701	0.0439954
-1.82491	-1.12042
-0.158407	1.17055
-0.938114	0.246196
-0.445379	0.540168
-2.00177	-1.43635
0.711362	0.822067
-1.26864	-0.532122
-0.199282	0.760454
-0.261538	-0.347539
-0.281115	2.031
-1.71834	-0.773101
-0.439458	0.000880957
0.387809	1.95597
0.857569	0.368258
-0.433446	-0.257671
0.102026	0.101764
-3.01122	-1.39748
1.28152	0.546207
1.09846	0.31939
-0.140458	1.50354
-0.158835	-0.454807
1.08334	0.453424
0.819296	1.25766
0.53822	0.00917196
-0.276365	0.0371397
-0.163241	1.51171
1.42973	1.81111
0.363907	1.78081
0.139073	0.898445
0.303156	1.66585
-1.76921	-1.01445
-0.778859	0.722536
1.57283	2.9929
0.070734	3.85245
-0.518987	0.18381
2.04978	2.40737
0.796876	4.77225
-0.265171	-0.264454
-0.368092	1.37325
0.599518	2.11068
-0.477202	1.02147
-2.15704	-0.722303
0.223754	1.52245
-1.68792	-1.03438
-1.53096	-1.01831
-1.07725	-0.524325
0.484117	0.0370955
1.30462	1.53506
0.692402	0.871247
-0.0169262	0.225801
1.29522	3.07756
1.50692	6.15311
1.05914	2.92341
-0.00666918	1.20039
0.795365	1.27799
-1.31675	-0.972683
0.324864	1.24693
0.839441	0.475917
0.282975	-0.611638
1.88231	1.52255
0.478656	0.181097
0.468713	2.03687
-0.0608086	0.307699
-0.794425	-0.398219
-0.590982	0.0158024
2.15071	1.3526
-0.359938	-0.0780344
0.489697	0.363048
0.94935	1.67374
-0.411408	-0.516347
0.757505	0.93434
-0.171886	1.60614
-0.186515	2.81064
0.393131	-0.0191081
0.938326	0.279568
-1.27787	-0.94932
0.0557503	3.185
-0.550747	-0.219153
1.62304	3.38717
1.7736	0.617189
-0.542397	0.162789
0.924721	3.35674
-0.436758	1.37518
-1.73775	-1.24534
1.87748	3.86101
-0.389772	0.300841
-0.631165	3.16193
0.559518	-0.523472
-1.3763	-1.20124
-1.55963	-1.02363
0.731947	2.50134
0.908719	0.427647
-0.925242	-1.09732
0.320585	-0.194226
1.73495	0.108284
2.5562	0.558054
1.20676	4.75781
-0.215028	1.41144
0.680657	0.152706
-0.738525	-1.04049
-0.319988	0.744724
0.466549	0.878055
0.123742	0.470701
-0.477373	0.23088
-0.285833	3.22818
0.208096	-0.0476366
0.364006	3.21288
0.693137	2.42669
-1.36863	-0.908549
-1.84469	-0.656006
-0.264502	0.887747
-0.0117347	-0.467708
-0.642829	-0.205067
-0.848243	-0.0727987
0.841265	2.25459
1.84559	1.12606
-1.44448	-0.79761
1.05521	0.869668
-0.219741	1.8118
-0.913224	-0.967394
-1.03247	-0.93802
1.89625	1.2206
-0.792086	-0.666171
-1.1632	-0.313308
-0.157715	1.68144
-0.247431	1.2268
-0.129453	-0.341507
-0.0152817	-0.691365
0.600111	1.67538
0.385679	0.696245
-1.82121	-1.22762
-0.949274	-0.16205
-0.430326	0.0389707
2.10992	-0.228719
0.473676	1.07368
-0.0987779	0.284743
0.468383	2.44329
-1.02296	0.40675
0.455176	1.18338
0.224917	1.15687
-0.90676	-0.65424
0.668163	0.0676167
1.04071	1.89385
-1.2209	-0.872211
-0.653974	-0.414263
-0.115097	0.0716972
0.11289	0.486579
0.395611	1.22228
-0.896893	-0.864691
0.286092	1.26342
-0.018206	-0.785558
1.25388	0.0556815
0.804134	1.09578
0.631174	1.78833
0.606865	-0.325891
1.47116	2.24686
1.96595	1.71956
-0.562735	0.264729
0.584426	0.469757
-0.800734	-0.70622
-0.399318	-0.494928
-0.470733	3.02601
0.559577	1.81832
-0.22308	3.77168
0.0235396	0.274925
0.90172	3.88427
0.891524	1.76855
-0.996546	-0.358961
-0.779079	-0.285891
-1.04893	0.311056
0.0589388	2.36272
0.697855	1.18368
1.97	3.78415
-1.37452	-0.884271
-1.53649	-0.805555
-0.267951	1.29113
2.28769	0.669165
0.199963	0.37374
-1.23687	-0.631577
-0.166927	0.0680852
-2.04419	-0.725031
-0.968452	-0.133444
0.333789	3.62588
-1.52245	-1.13206
0.364315	0.613711
-1.29902	-0.638467
0.71683	0.673814
-1.14172	-0.775041
-0.835033	-0.249124
-0.186047	0.34215
-0.419341	0.290947
1.70602	0.377631
0.0829512	0.199212
-1.51069	-0.906895
0.831076	0.404161
-0.46704	0.181386
0.867384	0.823896
-1.09983	0.346493
0.761994	0.697143
-0.0352198	0.331945
-0.902348	-0.0823414
-0.263473	-0.188578
-1.47701	-0.460908
0.0578213	0.714736
-0.547378	-0.557144
0.740208	2.33979
-0.810892	-1.16884
1.79938	2.07802
0.471949	1.02881
-0.315748	-0.316033
-1.19539	-0.529445
2.04787	0.522116
0.0380178	0.27753
1.15662	4.55968
1.11722	2.42636
-1.21538	-0.53197
-1.58522	-0.814441
-0.242766	0.507178
1.12103	2.31886
1.30056	0.510724
1.31482	0.718693
-1.26598	-0.283394
1.47479	1.30323
1.96694	1.28874
0.899132	0.326356
-1.14774	-0.471307
-0.178049	-0.363839
0.671795	0.620809
0.928078	1.0136
0.753314	3.67968
-0.366595	0.0154841
-0.276821	2.33783
1.90128	6.02416
-2.18649	-1.48905
0.767424	1.18123
-0.115232	0.16291
1.29877	-0.640512
0.91958	1.03325
0.478956	0.395192
0.280636	0.979451
1.9378	1.60844
-0.14413	1.19679
-0.182574	2.06378
1.75863	0.151345
-0.527744	-0.709813
0.599799	0.388255
-0.337918	1.40113
-0.722905	0.458516
-0.637101	-0.448955
-1.08576	-0.492413
0.983039	-0.1245
-0.712521	0.564374
1.49618	3.44136
-1.29016	1.93021
-0.643307	0.0313914
0.583473	0.703056
1.0161	0.411265
1.09372	0.535063
-0.64805	-0.519758
-1.79431	-1.00271
-0.0219096	1.89695
-0.272974	1.53697
-0.126975	-0.300557
0.184173	0.202194
0.654168	1.26456
-0.783516	-0.0124907
-0.823395	0.0792503
1.34477	0.737002
-0.0569443	9.11374
0.686823	1.92264
-0.519728	-0.457478
0.467359	0.691398
0.577268	1.12214
-1.31681	-0.617434
1.70091	0.808306
-1.98754	-1.43445
-0.690755	-0.709046
1.07311	4.49827
-1.12662	-0.546193
-0.112576	0.461917
-0.16209	0.14038
-2.13806	-1.06839
0.176216	2.04312
-0.937315	-0.370969
0.204816	1.02349
-0.200577	-0.234357
0.420923	4.38196
1.47537	0.4871
-1.06375	2.96918
0.280411	-0.0227427
1.63355	3.15287
0.800539	3.50977
1.001	1.70815
0.162128	2.66935
-0.250958	-0.705982
0.210788	2.58201
1.36641	0.180149
0.131698	0.735778
1.99202	2.78954
1.0676	1.71219
-0.196225	-0.0430363
-0.840219	-0.405458
0.373877	-0.0633442
0.385009	1.23259
1.3704	1.04562
0.895394	2.52029
1.0392	3.67997
-1.03035	-0.0201112
0.967472	1.5075
-0.593847	-0.143737
-0.774628	-0.563497
0.310056	1.55527
0.860176	-0.221084
1.17092	2.10266
-0.343638	2.45029
0.049036	0.80359
0.834199	3.74573
0.824607	1.46008
0.112947	1.81945
1.26303	1.51279
-0.72885	-0.503772
0.077945	0.671425
-0.535648	-0.748411
0.887417	0.553781
-0.751949	-0.355092
-0.00741485	1.55284
-1.15	0.226649
-0.937351	-0.873802
-1.35836	-0.97727
0.287798	2.11673
-1.03299	-0.800317
-0.706957	-0.19317
0.193292	0.12993
0.131519	2.00808
0.00218315	3.85657
1.0741	1.46933
-0.580665	0.0285184
-1.26084	-1.21095
0.710616	1.76411
1.25616	2.99133
-1.61468	-1.13569
-1.45846	-0.556767
0.420777	1.32066
0.018824	0.715052
0.367407	1.76239
0.646241	-0.0415289
0.858949	3.341
0.871831	2.71274
0.672126	0.645183
0.430205	1.91573
0.80529	3.75852
1.31178	3.24568
0.620897	0.924829
1.03995	1.15807
-0.842692	0.302809
1.84551	5.77045
-0.259482	-0.587762
0.523056	0.488611
0.100688	1.47198
-1.42743	-0.842683
-1.26611	-0.916545
-1.08553	0.166135
1.26485	0.882528
-1.53126	-0.369783
0.0940455	-0.618238
-0.93123	-0.491844
-2.8256	-1.627
-2.05897	-1.01085
0.467126	2.87259
1.77425	2.55596
0.818251	0.138503
-1.12239	-0.985417
0.560337	0.743884
0.0296534	0.25355
-0.139483	-0.0249213
-0.0943598	0.855949
1.27909	4.64249
1.24641	1.19494
0.158069	1.68922
-0.18127	0.0766778
-1.33938	-0.868562
-0.0266483	0.6172
-1.01165	-0.341893
-1.47004	-1.09977
-2.561	-1.24819
0.31912	0.163593
-0.15983	-0.305116
-0.183056	2.26712
-0.875167	-0.643732
-0.62252	-0.138686
-0.913948	-0.884967
0.830373	0.420583
-1.28736	-0.89677
2.14471	3.18703
1.26688	0.473119
0.648369	0.448015
0.791962	1.25424
-0.342947	-0.254368
0.435735	1.07703
-1.28136	-1.03843
-0.269528	-0.166293
0.132196	2.65702
0.020823	-0.0667942
-1.26534	-0.223421
0.529239	-0.133537
0.298471	0.265963
0.41568	0.861126
1.25244	0.774311
-1.39674	-0.13904
0.35644	1.44992
-0.822945	0.284297
-1.35302	-1.15942
-1.25305	0.917703
-0.381737	-0.209821
0.595406	1.70853
0.0166839	0.521566
-0.426648	0.630771
-1.25772	-1.11822
1.92681	1.31177
1.1061	1.58715
-0.137399	0.444916
-0.750654	0.332125
-1.04423	-0.222851
0.484388	1.1645
-1.81917	0.934813
0.225942	0.769312
-0.298031	-0.572527
-1.45816	-0.41289
0.403727	-0.1197
0.173808	-0.111915
-2.38402	-1.01931
0.776577	0.219319
0.222338	1.27055
-0.335423	-0.83787
0.0236322	2.12816
0.710467	0.456586
-0.319434	1.14435
0.518241	-0.387878
-1.41684	-0.758733
-1.56094	-0.85642
-0.34576	4.30524
0.340889	0.347784
0.468947	2.90355
-0.500976	-0.235707
-0.398236	2.52117
1.67775	1.1391
1.20298	2.72541
-0.587995	1.14917
0.746325	1.46797
0.078813	0.306721
1.20859	-0.415522
-1.19373	3.89103
0.788998	1.3262
0.505687	2.44986
-0.120162	0.514616
0.47433	1.62356
-0.27807	0.783637
1.12921	2.72082
-0.131172	0.0553477
-1.34286	-1.08533
1.8726	1.44527
-0.221999	2.2451
-0.242746	-0.862321
-0.0704323	0.151271
0.743699	3.93304
0.868604	4.29575
-0.531642	0.479246
0.695052	0.880468
-0.395626	0.374287
0.616839	1.49054
-0.635431	-0.422075
-0.519342	-0.690397
0.229791	1.62471
-1.55849	-0.991819
-0.330058	-0.645722
-1.98289	-1.2649
0.27009	1.6921
-1.35507	-0.479775
0.694138	0.429567
1.15005	1.81187
-0.226192	0.422661
0.889569	0.798035
0.0733221	1.26529
-1.58977	-0.986453
-0.402965	0.787382
1.26489	-0.177795
0.472273	0.247083
-0.860387	0.787665
0.337468	0.462543
1.39203	1.70812
0.906934	2.45228
-1.49771	-0.746222
-0.505302	-0.548698
0.509036	1.37837
-0.28959	-0.017767
1.2494	1.08253
1.03648	5.57423
0.15341	0.180075
1.77183	1.53815
0.351037	0.757115
2.13577	3.0151
0.728074	1.29004
2.30033	1.36838
-0.0132039	0.579634
-1.03618	-0.666394
-0.407	-0.055629
1.48675	0.747545
0.109103	3.59972
-1.25238	-0.962667
0.300937	3.83116
-1.42175	-0.535229
0.519661	0.752859
-0.686577	-0.719231
-0.186797	5.3544
1.32625	1.9647
-0.222532	0.212998
-0.110076	0.0817502
2.36265	1.63764
-0.425076	1.05827
2.20372	1.74063
-0.980913	-0.0352323
1.23199	1.22006
0.877796	2.71557
-0.489666	0.227394
-0.908977	2.60744
0.572069	2.77024
-0.391252	0.230044
-0.351494	-0.696097
-1.10182	-0.12895
-0.29493	0.113759
0.760282	0.470594
-1.54804	-0.327382
-0.627187	1.40901
-0.394468	-0.55515
-0.16762	-0.112516
-0.221444	-0.538925
1.68928	6.94009
-1.69456	-0.774328
0.514006	0.725757
-0.61647	1.50071
-0.59885	-0.797738
0.73002	1.103
-0.157911	5.63071
1.47852	1.30439
0.222594	-0.519614
-2.61842	-1.49478
-0.0828677	1.94226
1.15112	1.88244
1.02346	0.561472
0.415276	1.61957
-0.105698	0.569288
0.600179	-0.0790036
-1.1492	-0.367616
-0.0939006	-0.112662
-1.36908	-1.05645
-0.678191	-0.439602
-1.0263	-0.277421
-0.35239	0.716664
0.803105	-0.0147557
1.57268	1.37792
1.0409	1.84405
0.948735	-0.125641
1.61104	1.24449
0.735994	0.128654
0.46745	1.56827
-0.273122	0.233518
0.249151	3.67887
0.542789	1.04707
1.00059	0.607098
-0.940867	-0.879669
-0.498737	-0.329424
-0.0887549	-0.284917
0.160753	0.196183
-0.0510525	0.162739
0.730624	0.192831
-0.348429	3.12959
-0.1952	-0.0184864
0.171918	0.0285769
-2.10439	-1.3864
0.498199	-0.084154
-0.482131	-0.701891
-0.323573	0.26401
0.400435	1.96304
-0.841958	-0.731267
0.361495	-0.0767726
-0.247075	-0.00745595
0.860925	0.152074
0.75918	0.596309
0.133129	-0.49044
0.104746	0.0544882
0.92414	0.610363
-0.947638	0.188972
-1.5441	-1.37014
1.59421	0.165097
0.763101	1.13634
-0.15637	0.372937
-0.172039	-0.263001
-0.0998295	0.0116789
-2.84754	-0.950961
0.48319	0.513464
1.17445	1.84143
0.289373	-0.0260669
-1.52068	-1.26405
-1.10389	-0.924991
0.378175	-0.227593
-0.324364	1.86594
1.1103	3.51078
1.02603	0.00695467
-0.913823	-0.715386
-0.845209	1.53602
-0.831851	-0.720776
-0.116405	0.103276
-0.462473	-0.075621
-0.0286117	-0.204011
0.325696	3.83324
0.650667	1.33041
0.389851	-0.242721
0.0171896	-0.312538
1.61922	5.60969
-1.77819	-0.969152
1.2935	1.94265
-0.129403	-0.325819
-0.914095	-0.992841
-1.574	-1.04569
-1.15413	0.41657
-0.880874	-0.596068
-0.732464	0.852693
-0.744293	-0.425875
-0.619589	-0.151558
-0.704035	-0.10764
0.450371	1.65761
0.0766638	1.50083
-0.475601	-0.565124
0.963946	0.446111
-0.572057	1.3651
-0.436625	-0.223751
-0.83597	-0.422085
-0.156684	-0.246546
0.241483	0.666839
-0.574458	0.279632
0.955817	2.19815
0.163748	0.912896
1.22246	0.210634
2.10925	2.50122
0.30041	0.366869
1.08526	2.33887
-1.58402	-1.13325
1.03275	0.956249
1.06851	0.548266
-2.18278	-1.08989
0.216275	0.0529957
0.684202	0.549376
0.370239	0.00657797
1.1905	0.861738
-0.119858	0.0412607
0.128936	1.22212
0.238858	0.845236
0.34331	2.24608
0.26378	2.10427
-0.0534929	0.657824
2.45226	0.782504
0.292118	1.70029
-0.63555	0.22653
-0.670718	0.789224
-0.576591	-0.167812
-0.37722	-0.280011
0.138488	3.84375
-0.412174	1.73352
-0.323144	0.380001
-0.482054	-0.952698
-2.69856	-1.56861
-0.40965	-0.538789
0.403817	1.46292
1.46906	5.3304
-0.233918	1.40722
1.22875	0.659825
0.5615	0.814695
-0.130122	-0.176504
-0.0192994	1.19543
-1.14291	-0.950454
-1.0544	0.0521719
-0.929969	-0.525915
0.811977	0.562224
1.74059	6.26344
0.646972	0.678152
1.04475	2.19377
0.634932	-0.428501
0.876705	4.11154
0.0790911	-0.122679
0.354963	2.43221
-0.579255	-0.128993
2.21576	3.55709
1.75828	2.57623
0.190125	3.32515
-0.46295	0.410538
0.0844583	-0.429184
-0.239029	-0.367292
0.324549	1.43056
1.98475	-0.276564
-0.405701	-0.0430536
-0.1488	0.446268
-0.417727	-0.664799
-0.437523	-0.12145
1.0136	3.04526
-1.45174	-0.879861
-1.01961	-0.647752
0.496376	1.04009
2.12879	2.80867
0.347542	1.24975
0.0214293	2.92287
-0.462585	0.836905
2.05371	1.43773
0.0474268	0.102396
0.37955	2.55367
0.866628	0.447427
-0.447582	1.03469
0.696708	0.266815
0.936588	3.47582
-0.0738889	1.52993
-0.848787	0.471159
0.136681	-0.0748664
-0.996893	-0.942041
-0.229341	-0.888346
-0.722381	0.290546
-0.131623	0.250845
1.02627	1.90058
-0.0117216	1.53801
1.56095	1.14377
0.445195	0.475541
-1.42905	-1.06406
-0.688635	0.475823
0.700059	0.0657654
-1.3041	-0.586639
1.74947	0.981334
-0.876603	0.164859
-0.209165	-0.248619
-0.247301	-0.199232
-0.857917	-0.478377
2.10844	-0.310656
-0.744995	-0.473233
1.38494	0.298086
-1.54461	-0.836806
-0.724226	-0.558428
-0.0750394	4.65151
-0.479352	0.244807
0.560401	5.55349
1.27447	0.716286
-0.753758	-0.594198
-1.42703	-0.551987
0.0871285	-0.485726
-1.64801	-0.82208
-0.295606	-0.117412
0.179191	-0.771074
1.27643	2.82491
0.155536	0.660075
0.320699	0.87545
-0.535255	-0.218363
-0.00458328	-0.615674
1.25835	0.838786
-0.798244	-0.337697
-0.865911	-0.822492
0.433613	0.16014
0.193337	1.9489
0.853751	-0.0678623
-0.518578	-0.529896
0.425477	0.410312
-0.0152853	1.45761
0.0694196	-0.145202
1.52655	1.9768
-0.0198127	1.36018
0.99151	1.46227
-1.66978	-1.1691
0.183671	0.394177
0.0478178	1.84819
0.586782	2.37114
-1.44539	-0.852852
-2.42781	-1.43401
-1.36592	-0.805807
0.545229	2.65984
-0.51302	0.695598
0.605284	1.1954
-1.30752	-0.73541
-1.38374	-0.622192
-1.44222	-0.732475
-1.09624	-0.0203437
0.206584	5.17121
-0.856606	-0.0286466
-1.23324	-0.387539
-0.108379	0.313963
0.430531	2.28404
-2.30426	-1.16668
0.824893	0.377768
1.09059	-0.0378573
1.8914	1.56429
-0.427696	0.741465
0.665169	1.54083
1.72129	1.67726
0.530583	0.798248
0.300804	4.41409
1.41196	1.7496
-0.0763896	1.62205
-0.387816	-0.910633
-0.724634	-0.612971
-0.691507	0.0744057
-1.08706	-0.0226474
-1.8331	-1.12776
0.552709	-0.0587893
0.433119	2.38529
1.46884	1.4829
0.382834	3.17196
-0.390059	0.364425
0.638609	5.12801
-0.377195	0.188708
0.277465	0.778086
-0.723927	-0.312376
-0.0592122	2.71303
0.436617	0.608702
0.194271	0.0657594
-0.876554	-0.615835
-2.13621	-1.2598
-0.115564	1.83065
0.396076	0.363151
-0.664627	-0.187588
0.124216	-0.0401509
-1.4859	-1.05553
-1.87577	-1.28958
0.681264	0.631455
0.79164	0.0474072
0.0738132	1.00027
-0.459088	1.43292
-0.546658	1.04486
-0.161281	-0.281891
-0.0823199	0.678998
-0.222688	-0.396798
-1.39471	-0.987535
0.0374645	0.832067
0.36524	0.646328
-0.694549	-0.20884
-1.23047	-0.563909
-1.3729	-1.19228
0.379857	-0.0639921
0.0625221	0.323522
0.0700286	-0.0322866
0.0404751	0.392494
0.414005	-0.579696
0.629434	0.817279
0.587596	0.51749
1.84111	4.19093
0.119885	-0.527149
-0.495071	0.603726
-0.65497	-0.218763
-1.24495	-0.696184
-0.139875	2.99697
-2.05525	-1.21268
-0.505199	-0.722116
-1.34636	-0.424839
-0.0336109	1.15523
-0.0055419	3.73765
-0.476135	2.51393
-0.603611	-0.475417
-0.301889	1.30591
0.267857	0.468314
-0.121935	1.55419
0.0810209	2.18558
-0.440077	0.570917
1.13269	0.974023
1.72017	3.35821
-0.251138	1.56877
1.07623	3.50864
-0.52227	0.770065
0.261877	1.01655
-1.73786	-0.870857
-0.568514	-0.374796
-0.823205	-0.335729
-1.10293	-0.222459
1.55022	4.18527
2.00488	2.29907
-1.05649	-1.01471
-0.284263	0.324755
0.188742	1.10074
-0.767713	-0.327581
-0.331684	-0.75384
-0.987788	0.364377
-1.23438	-0.793723
1.52408	1.10005
-0.999177	-0.581833
1.33331	0.540549
0.596858	5.03479
0.814577	0.323516
-1.12554	1.34395
2.05554	0.898095
-0.313202	0.426873
0.766768	-0.0848526
-0.420124	0.317518
-1.6797	-0.966026
0.522081	-0.179653
0.180534	2.37547
1.67882	1.95282
-0.395783	-0.290886
0.170581	0.041995
0.552224	0.854357
-0.166047	0.0454748
-0.0600222	0.648562
-2.21184	-1.10491
0.800976	3.90046
0.677691	3.11341
-0.352588	-0.200509
0.400034	0.82462
-0.993845	-1.15658
-0.319709	1.49717
1.88664	1.89454
0.129907	1.74509
-0.737352	0.902897
0.429735	-0.170732
-1.51512	-1.20467
-0.104617	0.259881
0.548443	2.96557
-1.5738	-0.813149
-0.28918	0.0605512
0.648931	0.781809
-1.05882	0.0782144
-1.70881	-0.977133
-0.468991	0.405824
-0.443976	-0.691559
-0.967415	-0.50149
0.296108	0.616595
-2.45296	-1.70728
-0.862339	1.24527
-1.02436	0.752909
-0.766543	-0.511377
-0.684805	-0.377456
-1.20717	-1.18401
0.110479	-0.203362
1.49551	0.864176
-1.29299	-0.858943
-0.0636316	0.0891006
-0.202853	2.86474
0.880674	0.539321
0.0831832	1.69686
1.24095	0.91965
-0.130813	-0.0123769
-0.567393	-0.264035
1.51522	1.71763
-1.80193	-1.05178
-0.867891	-0.721009
-0.596452	-0.516359
0.0766916	0.500453
-0.898406	-0.217085
-1.03844	-0.792476
1.26151	0.313685
-0.341083	-0.501465
-1.59967	-0.840371
0.508429	0.800898
-0.642567	0.965811
0.30005	0.676626
-1.74087	-1.27091
0.814601	4.92641
-0.172955	0.132273
-0.0221221	1.76586
1.90998	1.59605
0.383876	1.07138
-0.196923	1.6724
-0.940857	-0.160179
0.78955	0.347695
-1.30637	-0.776932
1.65747	0.360174
0.34592	0.986352
-0.61417	-0.689302
1.37751	2.21532
-1.08939	-0.394853
-1.3664	-0.827931
-0.399707	-0.27054
0.00781805	-0.383099
0.503715	1.34227
0.602581	1.11829
1.5712	2.92976
1.58355	0.611734
1.24426	0.242945
-1.43438	-1.01552
-0.301221	0.546765
-0.138616	0.171618
1.82204	2.34359
0.60542	0.96746
-0.780051	-0.515344
0.991961	1.65316
-0.40813	1.8989
0.0377458	0.236855
-0.501613	-0.825369
-1.27524	-0.257687
0.0180811	1.58282
-0.374591	0.00778079
-1.9294	-1.25918
0.149501	0.755318
0.880838	-0.0291973
1.13419	1.25734
-0.713965	-0.955873
0.419265	0.810312
1.88265	1.23545
0.130817	-0.726153
-1.2598	-0.700697
1.22574	1.79095
1.72243	0.182748
0.0290681	1.72943
1.6687	0.601447
0.381611	1.2133
-0.703686	-0.0235629
0.674095	2.20468
-0.995576	-0.861064
0.531606	0.847267
-1.95382	-1.31994
-0.638213	-0.250924
-0.141705	0.321695
-1.5954	-0.5758
0.916911	4.50018
0.853786	0.368648
-0.990808	-0.649573
0.227453	-0.114714
0.356791	2.2298
-0.97716	-0.882419
1.0958	1.8566
-0.279738	0.544742
0.709401	0.427873
1.46803	3.42296
1.61395	3.28959
-0.152249	-0.00231206
1.32909	1.82098
-0.0963013	-0.201151
-0.92495	-0.878993
0.914165	1.3774
-0.661282	-0.669401
0.62719	2.1457
-1.3505	-1.08559
-0.983995	-0.520511
-0.389633	1.38396
0.720529	1.63212
1.01049	1.11716
1.12032	1.16524
-0.934558	-0.268628
-0.49791	0.11454
-1.47883	-1.0823
-0.566565	0.589775
-1.86871	-1.17256
0.277496	1.49805
0.294094	0.968139
-1.09035	-1.11026
0.0160163	0.220813
-0.553621	0.328106
-0.265348	-0.101162
-0.101091	1.89263
-0.902831	-0.125048
-2.11318	-1.42758
0.525506	2.56902
0.926612	1.36538
0.434281	2.4681
1.29042	1.57678
-0.26679	1.56432
-0.377769	1.59099
1.30835	0.598197
-1.07554	1.71754
-1.60979	-1.16656
1.7541	2.63751
-0.630063	2.54158
-0.396777	0.117399
0.71291	1.36296
-1.08746	1.88998
1.8803	2.58742
-0.747275	-0.419468
1.58681	0.91689
0.846336	0.915351
0.297387	-0.145046
-0.16182	-0.287281
1.53937	2.00305
-0.299666	0.863247
-1.58657	-1.05778
0.344443	0.387255
0.504564	0.590796
-1.24232	-1.04833
1.3192	0.429593
0.953901	1.09721
1.08939	1.0211
-0.793611	-0.184796
-0.647448	-0.197214
1.96677	2.09466
0.436135	0.540498
-0.392079	-0.693682
1.44187	-0.209192
0.509835	2.18451
-3.1374	-1.8099
-0.287602	1.28889
0.780961	1.89937
0.159812	0.620201
-0.0439347	-0.514663
-0.583456	-0.0888437
-0.943802	-0.340905
1.89355	0.803907
0.728535	-0.0360054
0.248791	3.09616
0.644951	-0.756739
0.0742351	0.518039
1.03798	2.36297
-0.520427	0.16901
-2.02954	-1.34725
-0.517468	-0.304183
0.0267837	1.33337
0.513923	3.92993
-0.1378	2.21273
0.538314	0.232008
-0.587048	-0.315289
-0.75755	-0.476705
0.0690397	0.996963
-1.08375	-0.33537
-0.9444	0.507613
-0.417268	-0.947752
-1.77483	-0.457174
0.907196	2.07491
-1.04608	0.593551
1.44958	3.11152
-1.64836	-0.695144
-1.49916	-0.812437
0.48063	-0.901303
0.785711	1.13607
1.3514	1.30468
0.233482	1.31886
0.830616	0.881699
0.673592	1.2966
0.838307	2.25138
0.322179	2.85365
0.393558	1.63725
0.0385256	0.225883
-0.187722	-0.455276
1.49646	4.25248
0.420435	2.58204
-0.686891	-0.335452
2.00068	0.257899
-1.26861	-0.326653
0.17045	1.54072
-0.928584	-0.352122
0.737254	0.443277
-1.50565	-0.934658
0.530305	0.190988
-0.518237	0.195528
2.43584	4.2093
-0.279848	-0.131994
0.673155	0.109379
1.77102	4.15192
-0.121316	1.2612
-0.0765147	-0.315984
0.148496	-0.350716
-0.883264	-0.40408
1.02497	2.55446
0.578207	2.02006
-1.30239	1.74004
0.0332047	-0.00404537
-1.22103	-0.604801
-0.580561	-0.517787
0.533404	2.62289
0.824495	0.368621
0.423062	0.130072
-1.13948	0.0309145
0.825856	0.941104
-0.984058	-0.137985
-1.6748	-1.39476
-0.975706	-0.316382
-0.198649	-0.331237
1.24275	-0.336944
-0.0313039	0.666517
-0.170942	-0.206276
0.478979	1.83251
-1.19314	-1.04494
1.06494	0.421162
-0.565529	0.477902
2.68587	1.39322
-0.451009	4.80547
-1.09128	-0.476169
0.498399	2.76313
1.67158	1.55654
-2.01287	-1.49693
0.725151	0.0632608
1.83304	3.12066
-0.664735	0.417477
-0.511283	-0.160546
-0.0601852	-0.462172
1.7963	1.11741
-0.899418	0.378445
0.499703	-0.304729
0.133413	1.2368
1.15582	1.24732
-0.846167	-0.965517
0.160754	0.87571
-0.270238	0.215079
0.733192	-0.0609571
-0.0429612	0.0182402
-1.97145	-1.11371
-0.500448	-0.23429
-0.287349	0.121716
-0.655934	-0.266571
0.644503	2.658
0.539371	1.31937
0.474052	1.7768
-0.339835	-0.382918
0.323895	3.22878
0.963053	1.47944
-0.636609	-0.679393
-1.13622	-0.687365
0.358346	0.722926
0.345504	0.0829661
-0.17322	1.12268
1.59047	1.06443
-1.07631	-0.4862
0.901722	1.16086
0.0281622	0.0116992
0.894375	1.65372
0.189232	0.810699
-2.26469	-1.48072
0.63734	-0.0389224
-0.546169	-0.413212
0.678216	-0.249113
-2.56807	-1.61098
-0.251466	0.0329125
1.81737	3.69674
1.23705	0.918276
0.266309	1.4382
0.07649	1.70781
0.326614	0.361136
0.232911	0.492991
-0.257799	-0.377557
0.505644	1.08681
0.0551823	0.157278
-0.512243	-0.52747
-1.68617	-1.15305
-0.275911	1.32347
1.1276	2.71252
-1.35459	-0.216358
-0.0998773	0.818217
0.0831067	0.894815
-0.149605	2.97965
-0.0852363	0.0764823
0.789694	1.04166
-1.99862	-1.05764
-0.668949	-0.805088
0.0775745	-0.0927109
-1.90041	-1.07111
-0.367007	1.50903
0.917286	2.95335
-0.0520776	0.151182
0.789687	1.85226
1.61746	0.133629
0.492107	1.07919
0.474947	-0.21668
0.806011	2.29158
1.68385	4.09723
-0.35456	0.154047
-0.307231	1.19444
-1.15739	-0.42708
0.0646783	1.52696
0.0670349	0.00325441
-0.749844	-0.46685
1.33823	0.842217
0.357654	2.22012
-0.786202	-0.746564
0.269453	1.22665
0.474959	1.17277
-0.209643	0.745168
-0.107283	-0.0545764
0.533689	1.21833
-1.17997	-0.593105
0.191847	0.924991
-0.167762	0.257064
-0.753003	-0.31958
0.36055	2.36366
0.795381	2.53622
-0.924094	-0.799835
-0.0196249	0.132012
-1.98778	-1.13986
-0.196823	0.0852704
-0.546448	-0.636126
1.23581	0.367107
-0.791582	0.179875
-0.527747	-0.711133
0.306123	2.50685
-3.40201	-1.53216
-0.33113	1.26259
0.255205	1.01977
-0.310743	1.48592
0.193837	1.0878
-0.328649	1.29554
-0.677893	0.122763
0.638848	0.276967
-0.874203	-0.208054
0.475819	0.586985
-0.572381	1.93716
-1.6486	-0.922592
0.492362	1.0076
0.306318	3.79432
-0.979461	-0.0887662
-0.138951	1.18166
0.639966	3.81545
-0.408405	1.78652
0.600407	3.38736
0.653223	3.22348
-0.38374	0.440788
-0.526696	-0.0162101
0.732652	1.40541
-0.0380669	1.52375
-0.255645	0.261495
-1.30506	-1.01686
-0.893477	0.264183
0.286582	-0.160849
-0.201078	1.0879
-3.30632	-1.54685
0.796484	1.06787
0.861291	1.43595
0.0401482	0.0662959
0.623382	4.05267
-0.569298	0.134367
-0.797756	-0.561954
-1.20568	-0.889953
-0.299121	-0.44046
-1.36815	-1.05107
-2.55673	-0.97958
-0.204823	-0.128885
-0.389164	-0.216168
-1.07661	-1.00977
-0.772767	-0.317545
2.22538	2.09469
-0.0756378	3.17547
-0.691517	2.66775
0.521011	0.998936
0.438783	2.54936
-0.713443	-0.610791
1.17932	4.16753
-0.529369	-0.456085
0.649312	1.20573
-0.0928586	0.438805
0.439965	0.369484
-0.56238	-0.259519
-0.806801	-0.356085
0.0813203	-0.129445
-0.0489177	-0.751719
1.37048	4.85239
0.267327	1.42158
-1.73321	-1.03919
-0.94266	0.0457191
-0.000170376	0.0733411
0.127583	0.523397
-1.64665	-0.996501
1.50285	1.11292
2.14718	1.43772
0.742371	3.52598
2.07595	1.26518
-0.089873	1.14642
0.786108	2.15567
1.96193	0.240365
1.07915	-0.292379
-0.37984	0.103384
-0.986658	-0.543157
0.0813517	-0.204375
-1.30672	-0.832603
-0.512585	0.0522387
0.00118883	-0.535957
1.13507	1.25305
1.66135	2.5826
1.30526	2.71098
-1.11765	-0.778328
-1.11394	-0.76396
-0.706844	-0.526212
0.309729	0.72795
-0.0834681	0.458858
-0.727474	1.15571
1.48619	0.371853
0.482343	0.0606167
0.485266	1.33697
-1.0754	-0.902781
0.264968	1.30369
0.760835	0.419016
0.0548519	-0.0884676
-1.29515	-1.06552
-1.55206	-1.13709
-0.477956	-0.308626
-0.536966	-0.208338
0.310842	1.22768
-0.981487	0.652007
0.453318	3.51077
0.47571	0.37799
1.23795	2.80897
-0.171819	-0.135955
-0.71672	-0.0159991
-0.903923	-0.523359
0.756543	2.92965
-1.18393	-0.869271
-1.20944	1.61165
2.47339	2.53304
-1.29534	-0.811928
1.42474	1.26614
0.593297	-0.234944
-0.0409044	1.04425
-1.59104	-1.25868
1.89629	1.79525
-0.000995668	0.723783
0.638659	0.195601
-1.23706	-1.01414
0.207339	0.0700104
-0.757509	-0.422803
-0.160369	2.19895
-0.139965	0.0434434
-1.63837	-0.980353
0.745627	1.45522
0.562514	1.58245
2.10728	1.49572
-0.0532915	0.0719285
-0.820316	-0.218387
0.530754	3.15607
-0.858001	-0.389047
0.402719	0.392084
0.419749	0.307626
0.732981	0.943137
-0.194061	0.0533855
-0.440858	1.002
-1.72588	-1.30593
0.254188	0.582771
-1.4567	-0.802521
-1.02679	-0.472882
0.251817	1.41183
0.755611	1.08874
-0.353439	-0.402406
0.94966	1.62408
-0.36502	-0.161986
0.70828	0.816751
0.141648	2.2886
1.07404	3.86113
-0.216685	-0.335278
-1.19339	-0.659739
-1.1036	-0.909058
-1.58648	-0.831272
-1.0701	0.313106
0.292227	1.51592
0.661148	1.15207
0.412619	2.19775
-0.253458	0.332265
1.05697	7.01899
0.428442	1.52585
-1.16424	-0.7236
-0.944117	0.393167
-0.302544	1.31505
-1.73344	-1.10043
-0.110639	-0.428334
-0.0924447	-0.179747
-0.328725	0.813233
0.0082813	0.133756
2.11681	0.659891
0.577932	1.40175
-0.145574	3.22265
-0.604507	-0.789431
0.277459	2.63286
-0.2256	0.162299
-0.487892	-0.150975
1.55788	1.54866
-0.291896	1.82086
1.14938	0.974604
0.703404	4.17474
-0.177773	0.281094
-0.588933	-0.380833
-0.214956	0.0674677
-0.521859	0.0309312
-1.80116	-1.32175
-0.682664	0.604514
0.526012	1.26443
-1.37894	-0.653929
-1.13687	-0.617275
-0.61855	-0.253186
-0.452851	0.138702
0.560213	2.11623
-1.13633	-0.47174
-1.27422	0.0533938
1.39267	-0.00282347
-0.106843	0.369307
-1.11376	-0.620379
-1.9419	-1.18957
-0.19738	-0.621365
-1.36903	-0.803457
-0.0723392	0.15108
-1.27547	-1.09417
-0.776923	0.193413
0.427942	2.78913
1.57603	2.65615
-1.94094	-1.11333
0.722558	0.794199
0.857823	1.87038
0.459886	0.287977
0.654832	0.903587
0.922216	-0.10361
-0.266252	0.28465
-0.0088604	-0.477506
0.935517	-0.555156
0.485703	0.626105
-0.881362	-0.16219
1.103	1.72099
1.47397	6.01933
-0.508201	-0.435081
-0.210102	-0.332982
0.198823	1.35939
0.311156	2.49083
-1.09407	2.93611
1.00323	1.86035
0.512225	1.331
-0.551585	1.48167
-0.451048	-0.256568
-0.883572	-0.714775
0.0729897	2.84595
-1.39415	-1.16527
1.10541	0.280451
-1.58495	-0.427749
-0.93448	-0.335194
-0.172022	0.839319
0.607667	1.86493
0.0530163	0.582596
0.145601	1.21038
-0.943391	0.308686
1.137	1.70893
-0.575636	-0.446442
0.279842	0.407583
0.143787	0.483308
-1.82425	-1.35702
1.46761	0.741277
-0.803527	-0.199729
-1.64866	-1.36502
-0.00596527	0.431679
0.266314	0.640557
-1.07183	0.0480306
1.53634	2.57167
-0.0812516	-0.391407
-0.845856	-0.585771
1.06261	1.19598
0.508901	2.11574
-1.02227	-0.869286
-1.24976	-0.742143
0.286602	0.634778
0.461974	0.590549
0.953979	-0.22891
1.25315	3.65985
1.05982	2.6669
-0.250263	-0.0814152
-1.13109	-0.754576
2.26146	3.19846
0.520139	3.1855
1.92793	3.81354
-0.106213	-0.192409
-1.76866	-1.00775
2.22581	5.62687
1.94109	4.26042
-0.660623	-0.245802
-1.04424	-0.317368
-0.390445	-0.440258
0.943475	0.36221
-1.48693	-0.981789
-0.914578	0.120242
-0.863937	-0.832835
-0.246753	2.54992
0.782301	2.65615
1.54293	1.10259
1.00127	1.64955
-0.196354	0.592511
-1.32471	-0.8599
-0.476869	-0.839261
0.536437	-0.267841
0.679578	2.13933
0.316483	0.107222
0.228507	0.784025
-0.890588	-0.519372
0.587927	0.863106
0.149396	0.525715
-0.397015	0.0607836
0.475551	0.838995
-1.8365	-1.10088
0.43639	1.88217
-0.943942	0.0269341
1.59335	1.38525
0.928113	0.284929
1.22022	-0.0838369
1.39575	1.11714
1.72914	1.5064
1.37171	0.927467
0.333813	2.425
0.47007	2.19626
2.03463	3.91453
0.622558	1.10726
-1.02092	-0.614122
0.709487	-0.229517
-0.315604	-0.178965
-0.833442	-0.191394
0.739167	4.7095
-0.787754	-0.138406
0.925378	0.0807989
1.25087	1.69047
-0.496832	0.867907
-1.78037	-0.813797
0.818018	3.06212
0.00151793	-0.323404
-0.78245	-0.128488
-0.927584	0.318106
0.983726	-0.021655
-0.648239	-0.0189453
0.801942	1.46091
-0.980626	0.650357
0.572915	5.01818
-0.455125	-0.533515
-0.737848	0.800129
1.61416	0.247394
1.50574	2.16118
0.915929	0.75583
-0.771727	-0.0164753
-0.406967	-0.611804
-0.797749	-0.17238
1.23497	1.18871
-1.07116	-0.762139
0.61851	0.167774
-0.160254	0.523746
0.628567	2.01493
0.721464	2.3919
-1.06849	-1.25587
-1.6944	-0.935282
0.534862	0.956986
-0.142277	0.32833
-0.0870035	-0.432131
0.034438	0.792079
-0.60803	-0.569402
0.256702	-0.222937
-0.291399	0.671574
-0.366032	-0.164613
-0.751144	-0.480547
2.34239	0.570816
-1.11867	-1.23452
-0.837614	-0.317745
0.269006	1.64237
0.635952	1.08002
-0.0737952	1.02747
-1.37264	-0.758794
0.993664	0.343561
-0.94484	-0.784948
-0.498987	0.0150502
-0.685645	-0.940914
-1.22029	-1.36501
-2.66726	-1.48134
-0.536746	-0.632315
-0.0893541	-0.679873
-1.08996	-0.316401
0.157506	1.00177
-0.11687	0.0372076
0.304861	5.11163
-0.14924	0.745158
-2.1285	-0.620928
0.0644214	0.314258
0.15302	0.513315
-2.18766	-1.58949
1.19784	0.824649
-1.05306	-0.193494
0.17811	0.296401
-0.332837	1.23056
0.284033	1.84108
1.45384	0.722383
1.85841	4.35891
0.703021	2.11198
-1.60469	-1.35105
0.387258	0.77792
-0.351267	-0.247021
1.61762	1.03296
-0.542669	1.14693
1.69663	2.8385
0.103464	1.02247
-1.12888	-0.171081
-0.618197	-0.713577
-0.518913	0.473467
-0.809241	-0.425447
-2.04553	-1.0039
-0.655246	0.781264
0.768215	1.09065
1.56591	2.04982
-0.0717963	0.808916
-0.617922	4.64071
-0.909111	0.497686
0.912032	1.63398
0.121075	0.74562
0.0578623	0.54077
1.89296	2.44852
0.192941	-0.110338
0.106929	0.0819647
0.314885	-0.390833
1.45663	1.41008
0.488209	0.256038
-1.7061	-1.16363
1.48069	1.21294
-1.0453	1.20513
-0.819036	-0.732718
0.321409	1.22399
0.860177	2.56178
0.112126	0.728693
1.73997	-0.407093
0.329088	0.616482
0.414614	0.720242
1.18678	0.707035
0.408333	1.08385
0.943871	0.887189
-0.58477	-0.569373
-1.49654	-0.830185
-2.32032	-1.12242
-0.408756	0.117742
0.590835	0.0114822
-0.618875	-0.13114
0.611733	1.32533
2.41443	0.46273
1.23992	0.539542
-0.770437	-0.0427794
1.6283	2.6991
-0.198687	0.667393
-0.534873	-0.543053
-1.79595	-0.944902
0.647199	0.559539
1.15949	3.71803
0.401984	0.461758
-0.607665	-0.148298
-1.09234	-0.701725
-1.18379	-0.55518
-1.43968	-0.563804
-0.967937	-1.0049
0.690391	0.0755668
1.07258	3.37846
0.286101	1.60526
1.48268	0.236046
0.234505	1.12381
-1.34984	-0.933595
-0.0961703	0.313509
-0.363074	1.22198
-1.89095	-0.939105
1.10027	1.54683
-1.82053	-0.739343
-1.87265	-0.919181
-1.15794	-0.444605
1.32208	0.424235
1.68078	1.92661
0.482267	1.49813
1.67646	1.63237
-0.18281	-0.109136
0.43931	1.91734
1.57344	4.37341
-1.69408	-1.09085
-1.00134	0.464053
-1.1541	-0.830081
-2.1145	-1.73527
-2.25526	-1.3252
0.19946	2.75039
-0.214196	0.610995
0.767493	2.1905
-0.151915	1.40663
1.30966	1.73483
-0.356378	-0.311727
-1.34359	-0.777404
0.184211	1.21845
-1.11764	1.5925
0.738918	1.97179
0.857659	4.54067
-1.85402	-1.12211
1.30016	1.94503
1.0961	0.486554
-0.351922	0.782326
-0.0169331	0.0983703
0.409169	0.101385
1.44614	0.62946
-1.99836	-1.08946
-0.0961497	0.256679
0.288498	0.662688
1.83683	2.34159
1.5015	0.616518
1.93839	6.00545
0.646811	0.612468
-0.774843	-0.573602
-0.838145	-0.520818
0.763484	0.495521
0.695739	0.210289
-0.360526	1.41661
1.24982	-0.245504
0.0561798	0.42973
-1.78246	-1.15117
-0.146691	0.574615
-0.627394	-0.532016
-0.459602	-0.647428
0.0833739	1.25659
-1.25743	-0.698183
0.194572	-0.214304
-0.469221	0.809901
-0.35726	0.82697
-0.111863	1.52165
-0.264161	0.424905
-1.35643	0.113466
-0.260675	0.255419
-1.25047	-0.372143
-0.103247	0.693682
-0.550933	-0.200136
-1.16997	-0.412212
-0.687251	-0.289645
-0.140522	-0.100089
-2.1759	-1.16741
-1.5339	-0.868632
-0.894687	-0.689204
-0.0807242	0.120211
0.659618	0.709374
0.356692	1.70962
-0.271383	3.50235
-0.0929927	0.046072
0.297762	1.42278
0.582456	2.31491
-0.551335	-0.273979
2.1156	1.12134
1.10295	1.72117
-0.786016	0.2792
-1.88723	-1.21528
-0.0332611	4.44496
0.45449	0.914733
2.26986	2.27369
-1.00604	-0.557994
-3.32899	-0.849447
-0.179957	3.89677
-1.59723	-0.892969
-0.502997	0.29727
-0.191882	1.6317
-0.212141	0.289371
-1.03395	-0.213794
-1.15219	-0.584605
0.464151	-0.197109
0.360593	0.495412
-1.90925	-1.1898
0.893104	1.30591
-1.0578	-0.172428
-0.310806	-0.112911
-1.35895	-0.688128
0.195653	0.185757
0.616404	0.679708
-0.860177	-0.632555
0.282538	0.166917
0.703274	1.56545
0.574254	4.33906
-1.14445	-0.591925
-0.212072	1.3456
-1.29849	-0.638213
-1.56632	-1.15922
0.116204	0.17951
0.814841	3.89117
1.30886	3.94138
-0.273696	-0.126967
-1.68392	-0.660986
0.77982	0.165164
0.726899	5.35585
0.442898	0.333261
-0.645081	-0.341732
-0.642555	-0.144912
-0.64725	0.169864
0.411327	-0.0880367
-1.55782	-0.333673
0.703	2.13056
-1.71966	-1.05122
-0.165106	0.868127
-0.9916	0.0634599
0.991082	1.66435
1.14014	1.96874
0.606346	1.23813
0.795543	0.271974
0.165441	0.362917
-0.46661	-0.466082
0.260741	2.87719
-1.0124	0.115999
1.01402	0.856236
2.31302	1.99992
1.04295	0.336456
-0.926748	-0.788593
1.01606	2.52932
-0.653631	0.177382
0.971328	2.45994
-1.25029	-0.0665367
0.202247	0.963893
-1.80534	-0.997204
-0.162969	0.0230682
-0.139338	-0.140405
1.17142	0.99483
-0.493542	-0.539045
-1.72012	-0.2507
-0.412409	0.484911
0.523635	1.14019
-0.409916	0.597166
-0.203461	0.639485
-1.3319	-0.681682
1.35021	1.54474
0.488868	1.43893
-1.52435	-1.17964
-0.620014	-0.363522
-0.840862	-0.920383
0.614909	0.322648
-0.71784	-0.4126
0.239986	0.224693
-1.51118	-0.754324
2.37327	0.747999
1.06131	2.96671
-0.349269	-0.158976
0.0560991	0.613348
-0.513909	1.00085
-0.0590002	1.22589
0.0706918	0.618997
0.867889	-0.267721
-0.212544	-0.42048
-0.766207	-0.544237
2.26724	3.10867
-0.932758	1.68669
-0.0203817	0.912246
0.574741	2.65691
0.814438	1.89337
-0.878594	0.472343
0.965118	2.87121
-0.887294	-0.833762
-1.56588	-0.562616
-0.734476	-1.18537
1.75003	4.59313
-0.002866	-0.428194
1.09691	2.37058
0.763658	-0.234528
-0.202502	1.63084
1.05137	-0.119392
0.113862	1.20225
-1.16017	-0.581211
0.296717	1.68872
1.18955	0.137894
-0.300217	-0.0758249
-2.3157	-0.814265
1.41731	3.36145
-1.2281	-0.981218
-1.63967	-1.25685
-0.767302	-0.226321
0.566755	3.9885
1.63779	0.9442
-0.393333	1.39698
1.44886	1.73213
-1.14362	-0.871476
-1.77134	-0.941239
-0.0209408	2.42602
-0.23227	-0.152301
-1.846	-1.09568
-1.50514	-0.923316
1.37227	1.7114
0.751301	-0.29202
-0.329744	0.821726
-0.2535	0.250313
-0.0347907	-0.449104
0.456225	-0.440561
0.785616	1.69497
1.16546	0.411912
1.91105	4.73806
-0.144779	0.0656438
0.541594	0.138814
0.765085	5.67681
-0.522029	-0.601465
-0.907673	-0.336949
-0.199625	0.345581
0.273503	0.526857
1.37768	-0.185416
-1.84559	-1.17468
-0.832784	-0.0372243
-0.340985	0.0108421
-1.38664	-0.559844
-0.895772	0.330416
1.63127	0.982013
1.70812	2.86587
0.241081	0.399065
1.54062	-0.228149
0.838439	1.42831
-1.17039	-0.994034
-1.40546	-0.432628
0.695018	5.492
-0.503563	-0.669051
-0.580916	0.863649
0.658257	1.38097
0.154859	0.667961
0.0189337	0.567728
-0.374339	-0.28482
0.247498	-0.773128
-0.031729	0.60784
0.837798	0.542364
0.249017	0.203545
-1.53618	-0.814072
-0.239177	0.159763
0.421257	0.475785
0.0336023	-0.350704
1.14756	2.10927
-0.608584	-0.156065
0.613416	-0.49172
-1.57823	-0.794981
0.00294189	1.613
0.448428	1.54379
0.00815237	0.331885
-0.511906	-0.0592333
1.2827	2.01694
-1.30022	-0.940621
0.83876	0.878875
0.120709	0.377215
2.12366	1.60776
1.02704	0.301386
-1.28003	-0.451737
1.33232	1.12469
-0.237343	1.90971
-0.868669	-0.599945
0.0579058	-0.0128347
-0.794118	0.124891
-0.0550033	1.83494
-1.60942	-1.01538
0.00570795	1.0866
0.356672	1.27943
0.0575869	0.0551105
0.581206	4.50822
0.282177	1.69047
1.51174	2.62173
-0.282102	-0.127448
0.390175	0.43272
1.58532	1.9465
-1.38379	-0.481626
-0.838283	1.71504
0.252566	-0.525976
-0.508162	-0.62906
0.221712	-0.697184
-0.933648	1.74929
0.81059	1.2197
2.37053	0.195231
-0.248592	0.159687
0.00510801	2.39487
0.53332	0.447119
0.0827688	0.98531
0.228497	0.593275
-2.04804	-1.2159
-0.546476	2.19254
1.45072	1.61778
0.380766	0.398401
-0.446077	-0.011043
0.881445	0.353477
0.172046	0.40269
0.845309	1.18869
1.07951	1.46124
-1.41598	-1.04377
-0.0694438	0.95189
-1.13714	-0.511113
0.282574	0.847267
0.297282	0.951933
0.989055	3.23542
-1.3009	-0.733613
-0.369441	-0.249779
2.03453	1.4599
-1.12867	-0.716603
-0.165675	0.292217
0.686427	1.28956
1.64071	1.38228
-0.984215	-1.07185
-0.603393	0.770408
1.01721	1.33766
1.22175	1.8721
2.51464	-0.0393057
-2.48039	-1.65577
-0.256509	0.773726
0.650902	1.48416
-0.240006	-0.40526
0.669758	1.42641
-0.916138	-0.554559
-0.489176	-0.247054
-0.672335	-0.0733823
1.00163	1.625
-0.221941	0.795181
-0.0460433	-0.330624
-1.00665	-0.281573
0.687114	0.580353
-0.659653	0.076369
0.0595167	0.266795
0.26606	-0.191306
-0.067996	-0.501003
0.232308	1.92584
-0.138608	0.464031
-1.41587	-0.276773
-0.0505797	-0.388206
2.12577	0.950254
-0.879664	-0.797772
0.683482	1.62829
0.139713	1.82759
-2.30196	-1.40174
-0.351303	-0.722818
-0.902573	0.991616
-0.618997	-0.432085
-0.727724	-0.758624
1.25576	0.0251007
-0.999295	-0.806118
-0.203472	0.976816
-0.0393282	0.366011
0.850217	1.10796
-0.227273	2.95517
-0.515592	0.262759
-0.902307	0.570085
0.387908	1.18546
-0.87572	-0.0877702
1.46748	0.616088
0.648635	0.179062
0.836439	2.0154
-1.13104	-0.481924
-1.1607	-0.727561
0.0843191	0.367537
1.39891	1.46041
0.417252	0.764257
-0.194011	0.306736
0.359026	2.00498
-2.10693	-1.10185
-0.471906	0.286971
-0.338663	2.52175
1.55729	0.504091
-0.500291	-0.180296
0.19312	1.35705
2.28218	1.26561
0.70072	-0.145359
-0.916215	-0.245636
-0.487447	1.03875
0.980911	1.56023
-0.00788699	1.60726
0.260963	-0.0546855
0.268132	0.996573
0.85877	1.49525
-0.701306	-0.0703692
1.14995	0.066334
1.31435	0.692028
0.451573	0.66942
1.68394	2.65209
0.366112	0.442224
-0.556245	-0.386794
0.324179	3.44754
0.24494	2.24628
0.0679975	0.352664
-0.699481	-0.24597
0.943359	2.43757
-0.0477135	0.165397
0.382861	1.74089
0.823939	5.5147
1.05309	1.06413
1.61048	2.17005
0.686129	1.49355
2.31244	5.85543
1.3487	2.33171
-1.31361	-0.522017
-0.604383	-0.0787795
0.320626	0.588709
0.833064	0.799952
0.741654	3.86616
-0.702005	0.800376
0.751314	3.43273
-0.893407	-0.692126
0.667857	0.326884
-1.03983	-0.75387
-0.124701	-0.0675529
1.71109	0.484539
1.33198	0.808154
-0.48783	-0.453299
0.190546	0.666893
-2.23231	-1.21766
-0.0961163	0.165373
-1.09037	-0.26014
-1.60526	-0.964996
0.0563201	0.79011
0.735128	1.13891
-0.769764	-0.85619
1.53162	8.62386
0.314745	1.72788
-0.705421	0.274779
0.246761	0.934639
1.03019	0.0507259
2.39566	0.817206
-0.673314	0.23173
0.336974	0.204661
0.513276	1.81346
0.364633	2.20482
-0.0903328	0.0137222
0.663822	0.860085
-0.704491	-0.523838
-0.940798	-0.702621
-0.123233	0.662006
-1.27558	-0.249324
-0.313729	-0.317267
-0.344445	0.117326
0.100516	-0.00329554
-0.29025	-0.329568
-0.713196	-0.519173
-1.27862	-0.781281
-1.08781	-0.703814
1.88596	1.8882
-1.45169	-0.698832
-1.30029	-1.14621
0.0246159	-0.294126
0.1892	1.47362
-0.177606	1.9428
0.901436	0.748945
-0.176929	-0.645836
-0.946708	-0.645417
-0.45741	1.45097
-0.725525	-0.391742
1.22783	3.25943
-0.596139	-0.351095
0.732314	0.794125
-0.0118284	2.44825
1.66616	0.236024
0.818901	2.63986
-0.875517	-0.40383
-0.527537	-0.414915
0.738137	1.4815
-0.734456	-0.715984
-0.40214	-0.072003
-0.221384	-0.237457
0.764087	1.11518
-0.14669	0.0172663
1.23516	2.48115
0.452602	0.710996
0.986542	2.9448
-0.083569	1.37725
1.03828	0.719173
-0.678616	0.308936
2.06	1.51407
0.195901	-0.0388068
0.0958579	0.909858
0.204191	0.392255
-0.0752984	0.997282
-0.0768609	-0.732418
-0.444207	-0.624759
1.27058	2.04184
1.42413	3.01093
0.954265	2.6719
0.206858	-0.0149632
-1.62381	-1.2056
-0.165487	-0.716466
1.16676	4.63337
-1.00082	-0.496992
0.330107	3.05091
-0.30735	3.4633
-0.0809348	0.613269
0.587372	-0.0957602
1.01758	1.48431
-2.16682	-1.47594
1.57129	1.21339
1.56287	2.20768
1.50635	3.84335
-2.65554	-1.50592
-1.28223	-0.91698
-0.135587	1.15973
1.08245	3.56389
-1.77243	-1.29803
0.863698	1.83994
0.255485	0.0138128
-1.71053	-1.14535
0.458238	1.05126
0.086339	2.22555
-0.668172	-0.593402
-0.367037	1.34336
-0.696693	0.338607
-0.644522	-0.549833
1.02236	1.71338
0.279539	0.216156
0.368602	0.38072
1.78248	2.24192
-0.0232121	3.95535
-0.876762	-0.859607
1.08348	1.10466
-0.376258	-0.0742871
0.347656	0.53269
-0.0713736	1.14611
0.0798503	-0.473822
0.498846	0.984898
-0.886144	-0.0871342
-0.486888	-0.869559
-0.455397	0.82342
0.813001	1.89831
-0.54	-0.192854
-0.847084	-0.501316
1.21343	0.969722
0.230416	0.0203001
0.184896	1.81216
-0.976444	-0.480485
1.93531	1.66597
-0.24883	1.26651
-0.196544	-0.165859
2.08259	2.75696
1.49723	3.29498
-0.427692	1.87651
0.148121	2.76541
0.602723	1.7988
-0.139554	-0.089339
-0.498637	-0.592325
0.333097	0.230238
-1.97158	-0.701706
0.328133	4.54016
-0.0526913	0.518746
-0.348612	0.577722
-0.162505	1.21646
2.31603	0.972149
0.185523	-0.312098
1.26401	4.10652
-1.41759	-0.801308
1.19271	1.11259
0.460273	1.65021
-0.663078	-0.157861
-1.48496	-0.722424
0.598987	2.58659
0.666931	1.33586
-1.02499	-0.670546
-0.220126	2.60996
0.910853	-0.248131
0.0674277	0.551233
1.09862	3.81895
1.14761	1.05667
-0.745535	-0.682982
2.03116	3.74732
0.233787	2.75114
-2.04413	-1.34884
-0.502291	0.407834
0.330897	1.96998
0.415085	0.231901
-0.073424	1.26358
-0.106046	3.92386
0.0475581	1.263
1.21722	-0.20037
-0.519132	0.171454
0.439761	1.17678
-0.33201	0.656856
-0.512722	-0.692827
-2.53879	-1.27447
0.896615	0.186858
0.561748	1.03467
-0.419801	0.952474
1.2405	-0.300919
-0.133367	-0.246829
-0.713364	3.31114
0.107607	1.18919
0.625424	0.465033
-0.763606	-0.825796
1.13262	-0.0967646
-1.26029	-0.778294
0.239858	0.767791
-0.634739	-0.1421
0.380826	1.56448
-0.433788	-0.242016
0.161248	0.214957
-0.839354	0.142595
-0.328334	-0.660875
1.97157	0.621434
-0.748566	-0.565415
0.247258	2.30656
-1.52831	-0.550016
0.446934	1.96628
-1.96231	-1.58207
0.381846	5.76184
0.591707	1.06886
-0.598567	0.560304
-0.551399	0.161122
-0.0849586	-0.251458
-0.0704404	1.46554
-0.428807	-0.352369
0.50672	0.566119
-1.67126	-0.949019
-0.162602	0.902796
-0.475016	-0.0939244
-0.0404395	0.32652
0.756256	1.48905
2.13819	4.60552
-0.354593	0.498948
0.142062	3.73426
0.334821	5.52881
-0.253619	-0.293781
-0.616556	0.249796
1.53507	0.137167
0.184541	-0.00313818
-0.843348	-0.326599
2.13377	0.417166
0.279181	2.55597
-2.09066	-1.1902
-1.23749	-0.0526625
-0.197771	0.688226
0.300522	0.811795
0.733482	1.9681
-1.94227	-0.998892
-0.214223	-0.441674
-0.554635	0.502729
-0.629513	0.145631
-0.654513	-0.652536
-1.79195	-0.888941
-0.659129	1.26814
1.14201	3.15152
-0.900882	-0.0749832
1.05846	1.21865
-0.902742	0.431329
1.30628	1.00341
0.523748	0.759664
1.74928	2.23241
1.94931	0.603991
-0.122551	0.69574
0.550682	0.682403
-0.348758	2.46177
-0.0384265	0.251228
-0.511796	4.39662
-0.344691	0.0489855
-1.01336	0.393839
-1.36994	0.901618
1.00982	0.399476
0.875744	6.67556
-0.178825	0.635998
1.41336	2.04114
0.562317	0.464346
-0.782264	-0.0522113
0.996864	0.749742
-0.266932	0.603638
1.79761	1.62836
0.0858343	-0.199913
-1.93378	-0.794269
-1.69634	-0.97568
-1.49169	-0.832918
0.919894	1.80682
-0.162368	-0.105376
0.969203	6.08996
-0.0498701	-0.0939453
1.95201	1.15857
1.64689	0.347971
-0.835423	-0.589262
0.675068	0.5346
1.85092	2.03398
-1.93848	-1.68036
1.7964	0.597645
-0.726231	-0.421443
-0.187838	1.88488
0.451524	3.26453
-1.11945	-0.509736
-0.769548	-0.578189
-0.780423	-0.564985
-2.01002	-1.02738
-1.9268	-1.20061
0.12753	0.211172
-0.577433	-0.728435
-0.636357	0.54042
-0.335418	1.84407
0.573322	0.530684
-0.156674	-0.301834
0.238142	1.15441
-0.511644	1.31973
0.30232	1.26307
-0.366498	0.0731075
1.55623	0.476537
1.10045	-0.532819
-0.503349	2.20356
-0.0998184	0.2552
0.217253	-0.779631
2.11767	0.69603
0.734111	0.577912
1.14624	2.78378
0.179866	0.966045
-0.297815	0.394747
1.35955	1.55865
0.659168	0.699174
-0.695322	0.877826
-0.449124	2.03362
-1.36375	-0.680662
-0.269831	0.745083
0.366937	-0.371986
-0.822243	-0.68687
0.464729	1.75427
-0.78352	-0.748056
2.14849	1.67412
0.496208	3.3428
1.69377	2.91121
0.425336	0.755111
-0.770554	1.54597
1.28586	3.74289
-0.741682	-0.435295
0.0778981	0.95739
-0.373528	0.062536
-1.13327	-0.57932
1.44609	1.02494
-0.918533	-0.559302
-0.166056	0.366887
-1.11037	-0.987966
-1.4551	-0.765871
0.720875	1.60081
-0.0107118	3.95445
0.741465	1.73748
-0.426426	0.171508
0.8589	3.36318
1.02934	1.99281
0.0472706	1.14823
0.267485	0.693681
1.06515	2.20161
0.73734	0.745126
0.20859	1.49334
-0.283339	-0.0522822
1.00836	1.23378
1.28211	1.26087
-0.310502	1.52426
0.475145	-0.100704
0.109757	1.86949
1.60914	0.90492
0.207634	0.0548255
0.0760286	0.104108
0.913791	0.895371
-0.653954	-0.15713
1.48016	1.17092
-0.072574	0.0703418
0.492058	-0.147518
-1.00135	-0.943418
0.483825	0.638489
-1.96969	-0.77382
1.18211	1.76442
-1.50942	-0.967858
0.919728	1.38709
0.163887	0.49252
1.0996	1.55313
-0.353832	-0.141091
-0.420767	-0.570979
0.698546	0.647048
0.0872942	0.153539
0.32368	1.27811
0.522182	4.0201
0.968291	3.29116
-0.192075	1.03089
-0.201452	0.668577
0.488009	4.07794
0.881384	3.53192
0.627055	3.12975
-0.0540939	-0.156825
0.149557	1.77191
-0.852284	0.773327
-0.60789	-0.303763
0.365728	3.10056
0.655478	2.25757
-0.0572649	1.38165
-0.236772	-0.174826
1.82586	0.474175
-0.772758	-0.75412
-0.526761	-0.308685
-0.0376867	0.0481629
0.632721	0.995862
-1.21399	-0.974271
0.606312	-0.0454915
0.796752	0.688003
-0.184964	1.48677
0.426954	1.15037
-0.38111	-0.0315475
-0.211575	1.03793
-0.237039	0.897875
1.25278	2.02354
0.586731	0.98529
-1.12909	-0.978469
-1.0737	-0.874801
-0.818182	-0.335762
1.854	1.89538
-1.33724	-0.798471
1.24441	0.305824
0.907459	2.9729
1.06339	2.11207
-0.294452	0.578563
0.10593	0.827141
1.11522	2.64412
-0.169953	-0.150362
1.19628	0.812846
-1.49772	-0.765615
0.0622922	0.83432
0.341468	-0.0417119
1.29788	0.0901198
0.404225	1.779
1.14625	3.7579
-1.13954	-0.684624
1.0216	0.330091
-0.13376	0.696709
-0.751855	-0.205984
0.138044	0.504516
-0.916659	-0.682998
-0.661821	1.74054
-0.777414	0.376616
0.191973	1.15431
0.225564	0.780417
1.95805	1.47749
0.33063	1.06247
0.668861	-0.260988
-0.516908	0.26805
0.235657	-0.443003
-0.596896	0.033834
1.25683	2.97463
1.15605	1.57889
0.281883	0.119377
-0.0784767	1.11044
-0.0341312	-0.200467
1.06755	2.50743
0.801359	2.26065
0.484489	2.49652
-0.316517	-0.557675
1.4167	3.03806
-0.235858	0.153853
-0.168105	1.20761
-1.04247	2.30688
-0.806722	0.279315
0.234969	5.85592
-1.00172	-0.778838
0.081737	5.99399
0.396893	-0.588624
-0.231315	-0.235525
-0.154738	-0.255503
0.406693	0.427867
0.755551	1.60786
-0.329638	0.108063
-1.56189	-1.03773
0.243661	0.74291
-0.0379804	1.5328
0.322857	0.639873
1.73688	1.05084
0.405104	0.208745
-1.74651	-1.04803
1.43039	1.38837
-1.7858	-0.754529
-2.80817	-1.48432
-1.99962	-0.891879
-0.670188	0.36603
-0.819374	1.25525
0.0100538	0.757647
1.5639	1.3528
-1.67473	-0.795612
-0.883668	-0.151012
0.495173	4.70737
0.645224	1.1409
-1.13927	-1.02523
0.309421	-0.191854
1.15894	1.73132
-0.405514	0.785127
-1.20994	-0.46473
-1.53725	-0.844975
-0.561821	-0.301483
0.0398551	-0.15682
-0.391631	0.221241
-1.26753	-0.989881
-1.85225	-1.43118
2.02552	2.46519
0.0193564	-0.134379
-2.56869	-1.62921
-0.109009	0.821389
-0.153826	-0.160721
0.804627	1.70867
0.495879	1.48681
1.09772	1.80788
-1.05744	-0.471379
-1.11191	-1.03535
0.609061	2.83618
0.101431	0.0276375
0.0511708	0.393068
-0.948894	-0.80299
2.01062	1.27049
-0.7515	-0.719927
1.08451	3.5628
0.440932	1.22804
1.03412	2.61915
0.212756	2.48111
-1.22144	-0.327201
0.23573	0.122806
0.138163	-0.699326
1.73676	4.75006
-2.14384	-1.31407
0.688588	1.02405
0.153281	1.80001
-1.38155	-0.2483
-0.964972	0.515544
-0.325188	-0.230903
0.916241	0.184366
-0.605079	0.0597429
0.250704	0.697412
0.538951	0.34999
-1.15344	-0.861794
-0.455401	-0.382718
-0.363154	0.318819
-1.70488	-1.03328
-1.05808	0.179305
-1.98826	-1.40142
0.88533	0.483834
-1.42251	-1.10424
-1.44363	-0.855455
-0.455835	3.09394
0.389649	-0.075295
0.455375	4.32145
-0.948084	0.134907
-0.538677	-0.0283402
0.253754	0.473939
-0.50735	-0.434785
-1.35281	-0.908604
-0.0149967	0.014807
-0.786098	-0.821205
1.71839	5.81163
-0.389739	0.245067
0.468127	2.63962
1.51072	0.382383
-0.233922	-0.673701
-0.762468	-1.067
0.296313	1.58388
-0.584677	-0.318429
-0.140986	1.70768
-1.68584	-0.710592
1.03436	0.388254
0.892358	2.55303
-1.28926	0.171671
1.28186	-0.132279
0.0472891	1.76247
-1.22885	1.08468
-0.812377	2.23129
-0.103573	-0.228825
-0.951917	-0.463228
1.78521	1.69413
0.0889722	0.463293
-1.19581	-0.629583
-0.881294	0.12005
-0.777372	0.634786
-0.463642	2.17306
0.22267	1.00892
1.05324	5.22225
0.660668	-0.130832
-0.50697	-0.694613
0.635985	0.290961
1.23567	4.06782
0.342951	0.688688
-1.68978	-0.886762
0.523172	0.95368
0.489734	0.337863
-1.54034	-0.516011
-0.540315	-0.061155
-1.2988	-0.763839
-0.244814	-0.204191
-0.000777338	1.02965
-0.168135	0.15517
-1.74733	-1.10867
-0.27881	-0.532287
-0.605589	-0.462283
0.460685	3.29964
0.398131	1.67465
0.140237	-0.239231
0.124882	0.0301051
1.22503	1.23113
-0.353258	2.42468
0.721896	-0.294505
1.26514	1.29584
1.7194	3.51929
-0.358492	-0.0208175
-0.438352	-0.476178
-1.24065	-0.0906372
0.0102705	1.4252
1.15466	-0.0139081
-0.285713	3.71626
-1.92825	-1.06904
0.588132	0.0473487
-1.23786	0.65796
-0.015575	1.0805
-0.673451	-0.316877
-0.456049	1.12909
-0.56906	1.64071
-0.267725	3.0036
0.800238	0.325075
-0.472906	0.396895
-1.40122	-0.0378579
-0.418856	0.650461
-1.84955	-0.964762
-1.01055	-0.452043
1.20239	0.42798
-0.370599	0.454966
-0.543683	-0.492277
-0.769953	-0.637162
-1.65055	-1.18158
1.3075	0.437219
-1.36969	-0.876265
0.72969	0.997
-2.18788	-1.4733
2.24183	3.85017
0.807561	2.50147
0.365001	3.65359
-0.662413	-0.184587
-0.701171	-0.50522
-0.862289	-0.564464
-1.33127	1.76633
0.658662	0.508095
0.197303	2.38042
-0.559594	-0.115315
0.301728	0.355915
0.909882	2.62314
1.66213	0.169708
-0.730631	-0.158694
0.284381	0.879586
-0.507573	0.384002
0.654464	3.13864
-0.55654	1.93386
0.000781745	2.18496
0.500508	0.695935
-1.54928	-0.735207
0.0669272	0.629852
0.770518	2.63833
0.83508	1.13421
-0.836866	-0.404621
1.52535	1.42028
0.992966	0.837276
-0.883902	-0.678203
0.101066	0.214169
-0.623394	-0.555553
1.21929	2.10009
-0.916258	-0.112721
-1.42411	-0.678368
-0.600993	-0.716696
-1.01769	-0.19421
1.28008	1.95658
0.33952	1.76187
0.382677	5.77288
-0.97148	-0.679778
0.347051	4.06616
-1.11135	-0.587225
-0.856991	0.0440061
-0.157086	0.201387
-0.65672	-0.670905
-1.78729	-0.289981
-2.4334	-1.35207
1.10025	3.14091
-1.34627	-0.574295
0.720061	0.586619
1.08188	4.10289
1.45546	2.00492
1.62602	1.19918
1.51506	3.25179
-1.44005	-0.479437
0.937474	9.36676
-0.0314253	3.35182
1.9517	1.91959
-0.933924	-0.554914
-0.0888559	0.390188
0.164173	1.535
-0.635717	0.00772357
-1.54875	-1.07185
-0.369464	-0.286363
0.732006	6.02552
-0.167734	0.968066
1.21038	1.71037
0.503873	0.724809
0.384144	1.0312
-1.54778	-0.985503
-0.497725	0.874438
-0.170208	-0.229975
-1.93374	-1.05279
0.48135	-0.012024
-0.682735	-0.0414467
-0.767988	-0.289973
-0.462078	-0.478543
-0.309396	1.84173
0.18043	1.46106
-1.90474	-1.3617
-0.497656	-0.260833
-0.200574	-0.000527501
-0.816975	-0.478532
0.671016	2.32208
0.76246	0.937278
0.990758	0.758971
-0.662177	0.159206
0.176669	0.286894
-0.967668	-0.129971
-1.86549	-1.07705
0.310288	4.72005
1.76134	0.360951
1.62853	2.00558
-0.231005	0.16121
0.207686	1.82873
-0.819438	0.209612
0.800756	0.193272
-0.75564	-0.444977
1.47285	2.13694
0.789662	7.05828
0.927039	2.55044
1.13972	9.70833
-1.42212	-0.836803
0.788496	-0.389614
-0.198488	-0.0126094
-1.13111	-0.520723
1.01354	1.31584
0.0331259	-0.306731
-0.470087	-0.421351
2.32839	-0.0384569
1.69578	1.66957
0.0130072	-0.393941
0.841486	5.15996
1.96954	0.780164
0.667887	-0.504987
-0.74621	0.00806808
0.572238	3.05236
-0.811594	-0.0811517
0.392286	1.73896
0.791653	0.655066
-0.24922	0.248073
1.05864	1.56335
-1.60808	-0.38316
-0.850779	0.465645
0.808933	0.0919926
-0.718655	0.459163
-2.02697	-0.453464
-0.647932	-0.00213504
0.22701	1.38255
0.950975	4.88442
0.222764	-0.0483245
-1.71459	-0.973101
0.759824	0.902733
1.94753	1.4766
-1.63769	-0.921974
0.0729391	0.601207
1.05991	2.139
1.1813	2.43136
-0.696846	-0.403226
1.05509	1.21224
-0.564666	-0.883994
-0.174185	7.04249
1.35242	4.17357
-1.36046	-1.26185
-1.10834	-0.695949
0.727077	3.06169
1.18895	1.54503
-0.596453	-0.0854158
0.364463	0.64629
-0.312827	-0.864761
0.534404	0.160899
-0.710011	-0.193993
-1.70722	-1.02283
-0.776678	-0.472945
0.641992	0.708272
-0.463301	-0.672237
-0.53184	-0.516156
0.444444	1.10677
-0.523282	1.25854
-0.393368	0.0705194
-0.25518	0.0587869
1.03761	3.39133
0.965333	3.73169
0.051966	1.6886
1.24087	0.783162
-0.17607	-0.291888
0.265954	1.09764
-0.0503911	1.8602
-0.943274	0.386665
-0.147001	0.77798
0.66532	1.97246
1.7408	3.21665
-0.609847	-0.485789
0.305348	0.667377
0.515374	-0.14383
0.428245	0.837352
0.292169	1.44928
-0.65952	0.530541
-1.17268	-0.358603
1.25788	1.25572
-0.979581	-0.836324
0.368505	2.86337
-1.18557	-0.869769
-0.821847	-0.293689
-0.475052	0.783192
-0.928617	1.68283
-0.389747	0.939151
0.987309	3.30732
-0.345327	0.958188
0.679365	0.932175
1.04939	4.02361
0.834096	0.623078
-0.121638	0.96392
-0.528773	0.617031
-0.165276	0.92101
1.03587	1.37386
-1.22109	-0.821219
-1.0531	0.320623
0.263689	0.464001
0.333895	0.529598
-1.29011	-0.282097
-0.113216	2.33199
-0.921052	-0.736432
0.275349	3.13569
1.44174	2.2346
0.422905	-0.188382
-1.62497	-0.830495
1.8007	3.93493
-1.30648	-0.486335
0.649526	1.56268
-0.906426	-0.502145
-0.665582	-0.238745
0.982622	4.12342
0.00693292	0.813659
0.661563	1.33035
-0.875544	-0.718191
-0.339492	-0.0918627
-0.352242	1.81125
-0.841538	1.19007
-0.754333	0.988529
-0.215754	-0.0760478
-0.640718	0.524225
-0.483846	-0.431289
-0.445362	-0.48165
-0.470216	0.153233
-0.473628	-0.56066
-0.480026	0.883356
0.741552	1.59896
0.115262	1.70313
-0.424946	-0.367808
0.348736	0.801398
-1.38723	-0.70933
1.06919	1.81287
1.96305	-0.049088
-1.07224	-0.963258
0.758612	1.28058
1.61105	1.58358
0.0346637	1.75826
-0.861358	-0.101008
-0.164019	0.867846
0.0970271	1.27508
-0.336115	0.534518
0.624291	0.279676
0.567695	0.401275
-0.781346	-0.294051
-0.565545	-0.433712
0.9085	3.07613
0.381607	0.439423
-0.0225152	0.537349
-0.0427611	1.49404
-0.0737276	-0.315012
-0.0357673	1.72578
-1.53714	-1.17294
-1.17246	-0.266186
-0.692067	-0.257791
-0.051804	0.77616
-1.22996	-0.649737
-0.203086	1.12333
1.24336	1.61318
-0.335068	0.205243
-1.11695	-0.140021
-1.24476	-0.891681
-0.532896	-0.114676
-0.636841	0.44926
2.17259	1.60439
1.23059	0.391415
-1.4827	-0.704263
-1.51295	-1.04001
0.736863	2.60663
-1.683	-1.10893
0.534644	-0.632247
0.0950572	3.78893
0.112017	1.29512
0.98448	0.41613
-1.20371	-0.507807
-0.464523	1.71473
0.911476	1.45069
-1.38163	-0.553585
-0.501092	-0.237604
-0.937728	-0.518124
-0.547646	1.97009
0.148879	1.33773
-0.243373	-0.104458
-2.4037	-1.42301
-0.370997	0.16422
-1.2329	-0.428746
0.862206	2.1497
-0.776664	-0.426438
-0.100797	0.0689328
2.33012	3.68769
1.42327	3.06279
1.00748	0.503058
-1.07672	-0.836143
-0.364846	1.25803
0.74134	0.164354
-1.35345	-1.38106
-0.997141	-0.00754714
0.198445	0.557219
-1.4283	-0.755782
-0.1347	-0.0912577
0.483038	0.594276
1.77436	1.62039
0.720403	2.96289
1.02639	1.37239
-1.5165	-1.02931
-0.124722	-1.04016
-2.44983	-1.34533
1.26619	1.2741
0.499162	3.75919
0.20893	-0.112984
-1.07565	-0.736142
-0.807364	0.0978279
-0.739195	-0.473732
-0.341369	0.35715
0.0191881	0.377597
-0.995655	-0.832834
-1.16313	0.125624
-0.0565169	1.21301
-0.277064	-0.022276
1.45939	4.08606
-0.224873	-0.614766
0.811566	1.35881
0.443207	0.0200951
-0.0806685	-0.434705
0.367591	0.146052
-0.88245	-0.406753
-1.2927	-0.542161
0.608699	-0.0966793
-1.27771	-0.905012
1.88282	2.45065
1.0109	1.78197
-0.490448	-0.131393
1.45712	1.17355
0.864767	0.273818
0.663352	0.154836
-1.67621	-1.01821
0.145374	0.604285
1.02849	1.36272
-1.3436	-0.64478
-1.37036	-0.512749
0.598021	0.716594
-0.289131	-0.362752
-0.499759	0.318565
-0.975536	-0.311689
-0.215072	1.29724
-0.462987	0.814629
-1.50372	-0.802618
0.161757	1.83321
-0.557743	0.703663
0.418802	1.22562
0.592726	0.0561643
0.366756	-0.292622
-0.429696	-0.0509942
-0.0742805	-0.276408
-1.31329	-1.26519
0.411013	0.0667
0.503729	0.588211
-1.85498	-1.02645
-0.19213	0.505972
-0.0392807	0.255628
0.526195	2.63112
-1.0181	-0.550712
1.18417	1.27167
-1.78676	-1.06931
2.06642	2.06257
0.710558	-0.202247
0.0415578	0.296658
-0.992729	-0.58484
1.88637	0.214194
-0.810575	-0.512128
-0.988974	-0.629928
0.0997583	-0.310792
0.403876	0.547307
0.0547222	0.827314
0.579013	1.77749
-1.01806	-0.545689
0.246343	0.404545
0.476879	1.23926
-0.597457	-0.337299
-1.768	-0.685681
0.32144	0.963056
1.52328	-0.895799
1.00382	1.9879
-2.28887	-1.24531
0.0991222	0.500991
1.82925	2.92952
-0.492329	2.74947
-0.179052	0.445397
-1.60461	-1.05938
-0.644509	1.38309
2.44747	-0.426893
-0.571587	-0.170127
0.720944	-0.130534
-0.0929044	1.13246
-0.639107	0.0450122
-0.922498	-0.260348
0.754312	3.80918
-0.639183	0.162336
-0.765003	-0.707688
-1.25335	-0.267678
-1.50291	-0.921927
-0.743961	-0.257183
-0.332978	-0.46959
-0.336519	-0.487097
-0.869749	-0.660389
-0.3929	-0.0711673
1.01379	0.952432
-0.104834	-0.387276
-1.22674	-0.500889
-0.542672	-0.372686
-1.36863	-0.614308
1.05867	2.03521
0.923772	1.93107
1.31687	0.731018
-0.57896	2.42664
0.692022	0.697041
-1.27454	-0.606353
-1.71694	-1.08828
0.472539	1.25321
0.311691	1.1965
0.550957	0.251167
-0.0782248	-0.362951
-0.264337	-0.251892
0.0556595	1.79672
-0.459392	-0.0348318
-0.808809	-0.860705
0.0531012	0.260444
-0.775844	1.30471
-1.1868	-0.911646
0.290769	0.200043
-0.154136	-0.276402
0.190365	-0.666645
-0.0114346	-0.170265
0.658911	0.802015
-0.132205	0.167894
-0.37934	1.08727
-0.340539	1.13137
1.67699	1.24839
0.494217	1.19585
0.158063	0.917342
-0.818039	0.288895
1.87501	1.43133
-1.39622	-0.980791
0.983518	0.0923681
-0.671277	-0.334181
1.0773	3.75719
-0.826398	-0.351553
-0.540537	-0.507601
0.811318	3.48402
2.15528	4.68219
-0.162013	0.310237
1.24313	4.0379
-0.489602	1.11564
0.0484588	-0.289779
-0.00570324	0.828171
-0.59368	0.559635
-0.556539	-0.277796
2.08263	2.14034
-0.665259	-0.596294
-1.18016	-0.926046
0.660758	-0.36024
-0.0476667	0.137676
0.000161189	-0.0639266
-0.580156	0.770819
-0.379763	0.274943
-0.0680711	0.241861
0.355826	-0.285444
0.221944	0.0565577
0.86959	0.714751
