-0.47439	0.649308
0.457388	-0.549487
-0.348086	-0.706878
-0.420141	-1.12042
1.18596	-0.414993
0.285077	0.973773
1.90741	0.931121
0.306659	0.369292
3.10552	1.5796
1.75002	0.885122
-0.915826	-1.31819
6.00568	6.79472
-0.367815	0.724742
-0.212909	0.0483692
-0.775681	-1.18739
0.0703061	-0.649421
-0.0665593	-0.218943
0.820755	0.623666
0.188062	0.0675952
0.838139	-0.404312
-0.884761	-0.273535
-0.106956	-0.22281
-0.0776774	1.157
1.36885	1.05325
0.0216043	-0.931051
2.50774	2.15934
1.13375	0.805053
0.835577	-0.742455
0.617915	0.449821
-0.390729	-0.62518
1.22043	1.87559
0.279958	0.255109
-0.430235	-0.264066
1.09212	1.02323
1.17685	0.40676
0.472536	-0.0309253
0.019002	1.84347
2.42118	3.10698
0.155005	-0.262668
0.142773	1.48201
-0.190485	-0.711228
1.98131	0.417333
0.443811	0.577494
0.109271	0.344023
1.09793	0.829345
-0.68467	-0.642591
-0.12497	0.166444
-0.571689	0.173563
-1.22022	-0.440553
0.995848	0.033741
-1.16133	-0.931422
0.417765	-0.333723
-0.169185	-0.662331
1.25446	1.62938
-0.274862	0.544146
1.34915	1.50095
1.73272	0.451624
-1.25739	-0.345783
-0.899026	-1.17115
2.87336	1.1883
-0.508511	-1.08216
-0.266066	-0.821753
2.72902	2.27322
1.48877	0.338906
1.48445	0.377406
0.458784	0.821826
-0.594243	0.724621
0.219939	0.0483501
-1.24789	-1.41646
2.86969	2.47433
1.49568	0.89347
-0.735512	-1.28263
-0.805842	-0.74674
0.919698	1.0978
-0.787637	-1.04093
0.0890863	-0.291784
0.416431	-0.565134
-0.183101	-0.908354
2.20328	1.56814
-1.4015	0.0195658
0.168209	1.68179
0.383261	0.274135
1.41505	3.55898
-0.139151	-0.871877
1.04319	0.846088
2.15374	2.03591
1.34342	0.765842
3.48516	2.72262
-0.795491	0.417995
0.119314	0.407666
0.873268	-0.534237
0.940689	-0.270856
0.796828	-0.145887
0.544609	0.587512
2.02501	2.43232
0.842659	0.226464
2.71468	3.39348
0.00327349	0.00926495
5.33151	4.27855
-0.255141	1.91778
-0.296425	-0.617905
-1.30103	-0.533165
0.369761	1.0261
0.877119	1.11501
1.69829	0.92875
0.0961888	-0.613381
1.84477	1.866
-0.233471	0.21554
1.03568	2.50576
0.727408	0.676131
-0.459372	0.416477
-0.12678	0.218177
1.36394	1.79613
0.169704	0.508615
-0.251128	0.142469
-0.661265	-0.423415
-0.27348	-0.965999
1.3621	1.52948
1.89103	0.4382
1.24884	0.595117
0.396643	0.80792
-0.183152	0.467869
1.37216	0.638299
2.03298	0.828573
2.76676	3.3328
-0.990543	-0.477306
0.632524	-0.750396
0.774901	-0.548425
-0.274602	-0.397089
-1.01786	-0.909976
0.283777	-0.351843
0.0576079	-1.37501
-0.190613	-0.662096
-0.266573	-0.0467944
-0.256253	-0.119359
0.732639	0.408058
0.546741	0.0830698
0.777777	1.46119
1.63518	1.73106
0.636251	0.775003
-0.467468	-1.00817
0.15012	1.15839
0.115569	2.01489
2.97989	1.65824
-0.223256	0.105369
4.57042	3.47693
-0.722114	0.280992
1.25471	0.492896
1.82043	0.133333
-0.867672	0.266818
0.723712	1.74516
-0.567869	-0.0764799
-0.0181794	-0.677707
-0.946561	0.573945
1.87597	1.3504
1.68189	0.507869
1.18708	1.06501
0.810441	-0.620587
1.6474	0.885632
-0.714924	-0.718643
-0.280979	2.10685
0.0526881	0.870574
2.22138	2.25383
2.9535	1.24936
-1.18492	0.401474
1.81583	1.53518
1.07402	-0.159389
-0.8053	-0.534555
-0.720374	0.0105762
0.557367	-0.0183898
-0.87979	-0.349376
-1.13713	-0.67143
0.711727	1.23907
-0.405934	2.34044
-0.41204	-0.152798
0.521836	-0.349695
0.153261	-0.422714
0.589049	-0.759223
3.41344	1.13679
-1.64556	-1.31642
2.42465	4.82109
-0.731335	0.317355
1.47373	1.01768
-0.30503	-0.390712
0.855302	0.281088
0.135188	-0.247783
1.53759	2.14681
-0.0858372	-0.426154
0.833606	0.943749
-0.208848	0.300626
0.882733	2.37399
-0.603351	0.402635
-0.0783849	2.85496
-0.460455	-0.787533
2.54646	0.327638
-0.0991297	-0.225651
0.30092	-0.592051
-0.14829	0.197704
-1.15303	-1.10593
0.635097	0.734918
0.0352466	1.04672
3.34688	4.61226
0.605668	1.51535
1.44608	0.418217
1.67651	0.804659
-0.94224	0.716667
1.07273	1.0397
-0.641173	-0.7946
1.23791	1.02455
-0.152897	-0.124618
-0.641832	-0.0659794
-0.293449	-0.990679
2.72169	1.0037
0.345609	-0.286797
-0.448311	0.42818
0.596266	-1.08329
0.988357	-0.306582
2.14712	1.80905
0.180626	1.04014
1.84258	1.28494
-0.322731	0.343302
2.76187	3.77066
-0.0760347	-0.463229
4.62129	4.71935
-0.535199	-0.809748
0.763468	0.584344
2.68489	2.57174
-1.17995	-0.54882
0.141059	0.456748
-1.69181	-1.28454
5.30319	5.61851
-0.101154	0.642016
0.13625	0.201325
0.242804	-0.640177
0.573151	0.374098
-0.535883	-0.853129
0.397235	0.738102
1.00794	0.88164
1.21205	1.73213
1.26027	-0.624189
1.29787	0.248771
-0.246038	-0.68413
0.34084	0.604483
0.274606	2.08394
-0.921351	-1.32066
3.9471	4.01048
-0.128595	-1.10707
1.77057	0.430744
4.68249	5.60688
1.06105	1.51978
-0.693658	1.00131
-0.371984	-0.866264
0.786355	0.735307
-0.247956	-0.517555
0.543108	1.03389
0.0235188	0.0876546
-0.197001	-0.378058
1.37843	0.108536
0.0309384	1.02887
1.84951	1.51058
-0.753816	0.323045
0.813172	1.18868
-0.420632	1.39951
-0.433963	-0.562256
0.209922	-0.966013
-0.462912	0.06549
0.222774	1.12105
1.21418	0.32104
1.25529	2.16009
-0.310971	1.64377
1.50173	0.124964
0.560615	0.600678
0.896884	0.332303
2.05302	0.869995
0.910901	1.99959
-0.241294	1.32272
2.3228	1.20639
0.144346	-0.258049
0.790209	-0.112463
-0.595092	-0.537767
-1.16113	-0.851094
2.97295	2.19799
-0.305728	1.30394
0.832078	-0.0100207
0.752925	-0.285485
0.440615	0.630414
-0.719283	-0.713814
-0.611054	-0.0369006
-1.03037	-1.30828
-1.80351	-1.10146
-0.212939	-0.0752926
2.73475	1.73559
-0.591122	-0.0628889
-0.609981	0.084821
0.197237	-0.00263035
0.666772	1.22677
0.252764	0.156454
-0.980403	0.256202
1.2364	-0.0710553
1.01485	2.02074
-1.24291	-0.84716
0.378401	-0.122253
0.792452	0.690585
-0.623475	-0.191649
0.525917	1.78617
1.44535	1.63901
-0.727794	-0.198513
-0.70241	-1.39743
-0.304416	-0.139176
0.406339	1.2262
0.38807	0.186853
-0.44156	-0.0463885
1.73805	1.36175
1.68776	0.591029
1.50822	1.57568
0.365978	1.08102
0.238994	0.927669
-0.104692	-1.81689
-0.0134146	-0.0695014
-0.426483	-0.369368
0.0231159	-0.417317
1.50875	2.26024
0.867901	1.00605
3.33214	0.147688
0.197587	0.862707
-0.362691	0.225576
-0.0439692	0.415196
0.092473	0.0128973
-1.44728	-0.665843
-0.457449	-0.305959
-0.299344	-0.5316
-0.0449443	0.428728
1.2848	1.43155
4.06221	2.92866
0.885304	0.426627
-0.228876	1.0443
2.16737	2.29354
1.60528	1.80416
0.352451	2.93532
-0.0659114	-0.268853
0.287626	0.437591
0.10177	-0.338052
-0.668058	-1.53324
-0.313886	-0.918273
2.97867	1.39726
6.29744	8.63293
-0.658349	-0.298578
0.226682	1.68167
-0.722856	-0.840276
-0.659186	-0.374801
2.23669	-0.324767
0.0258327	0.818306
-0.758453	-0.181573
0.437453	0.682585
1.43653	1.57063
-0.313243	3.24697
0.528264	-0.30091
-1.06885	-0.912911
0.904363	0.626863
0.521609	0.445031
-0.0598335	-0.667629
-0.0640571	-0.394703
-0.722309	-1.07239
-0.022943	-0.0497514
2.50839	2.66266
0.288078	1.33299
1.09182	1.2267
-0.201033	-0.446314
1.09565	1.21207
0.431114	1.13345
0.47775	1.05104
-0.713391	0.4351
1.54713	1.36526
0.493463	-0.197444
-0.34166	0.360674
-0.603631	-0.355881
3.45989	3.58058
-0.316373	-0.65359
-0.585966	-1.29091
-0.16949	-0.568693
0.713644	0.640651
0.914644	1.05727
1.70996	2.28074
0.148002	0.714241
2.49173	2.1335
0.496572	-0.535097
3.65777	2.43907
1.9371	2.78374
1.60277	1.58481
-0.742807	2.6254
0.110558	-0.746497
0.6845	1.43046
0.431148	0.716525
-0.209998	-0.0401253
1.78384	2.14616
0.733738	0.99697
2.2671	1.91635
-0.104959	-0.120227
1.28746	1.84521
0.860815	0.349612
-1.06724	-0.20762
0.419812	1.30485
0.0841606	0.000395775
2.02284	-0.737575
4.13329	2.68918
1.12126	0.962143
0.901824	0.632651
0.191946	0.230274
0.324988	1.00122
-0.489923	0.676839
1.42405	0.894593
-0.180961	-0.0571334
0.666566	0.591959
4.03435	4.12239
1.25701	0.484039
0.0756133	-0.228524
-0.590073	-0.699164
0.136738	0.957714
1.23172	1.10135
-0.300112	0.160064
3.66085	4.15603
-0.321897	0.164657
1.73325	0.571361
-0.960739	-0.682822
-0.156543	1.71905
1.01597	0.694408
4.84231	5.6979
4.61999	3.8978
-1.0512	-1.04638
0.0996864	0.328736
-0.0957453	-1.02952
-0.00111938	0.338836
0.791389	0.0870931
-0.975735	0.22494
-0.221853	0.0617325
0.395246	1.20355
4.13348	1.07409
0.138708	-1.28805
2.93646	1.77638
-1.03502	0.750169
-0.116495	1.37384
1.58545	0.292143
0.97594	0.48069
0.40254	1.25454
5.15909	8.53351
0.91666	0.850359
3.68292	2.1978
-0.204417	1.7203
-0.0704175	0.148152
1.48906	0.349758
1.35617	-0.122739
0.824016	1.46017
1.04765	0.260479
-0.34994	-0.756854
-0.994644	-0.392354
-0.390394	-0.411575
0.674759	-0.397155
-0.000370145	-0.0127763
2.17985	1.95843
0.782264	-1.54815
-0.626876	0.097512
-0.183828	-0.47891
-0.784805	-0.349274
0.0428391	2.16284
1.10729	1.33041
4.48833	0.779152
-1.00925	-0.901029
-0.587247	0.227726
8.16599	4.9158
0.0796497	0.338417
0.481908	1.61933
2.6992	1.04933
-1.30477	-1.00783
-0.540348	0.0384772
-0.230427	-0.268984
-0.518693	-0.4737
0.808103	-0.0362235
-0.516936	0.141268
0.245394	1.1313
0.975653	-0.0527138
1.68551	1.01227
-0.427961	0.804704
2.98005	0.257965
0.682962	1.06035
-0.186687	0.195512
-0.732505	-0.392671
-0.607454	-0.179763
0.7212	0.421894
0.902309	0.877923
-0.24031	-0.75039
0.0866091	1.46573
2.54272	1.50724
0.0909626	0.424265
1.39291	1.76311
4.7469	5.05431
0.0763416	0.0910056
1.08182	-0.203373
-0.332768	-0.487006
4.85394	3.96824
-0.977382	-1.14384
0.0332963	-0.575195
1.40301	0.850254
6.69402	8.06113
2.62599	-0.100955
0.465784	0.730947
-0.782228	-0.91341
-0.214818	0.126709
2.28347	1.3857
-0.786885	-1.27971
0.437548	0.729965
2.64911	1.95113
-1.21641	-0.00663817
3.19162	4.24817
1.40495	1.5529
-0.4291	0.038271
1.35106	-0.102428
-0.820915	-0.978768
-0.482206	-0.870438
-0.359536	0.222765
0.381486	-0.695987
-0.135413	-1.37604
1.13956	0.407265
-0.579824	-0.447288
-0.507301	-0.021854
0.693603	0.282099
1.35732	1.84866
1.42507	1.48124
-0.467645	-0.835785
1.0768	-1.11726
-0.685651	0.402164
-0.111196	0.577831
1.55231	1.49517
-0.506465	-1.22021
-0.288823	1.10518
0.647063	0.887972
-0.384609	-0.601174
4.22359	3.4776
3.39388	2.41588
0.0565743	-0.241687
-0.22032	0.281951
3.45194	3.55217
0.787181	0.97283
-0.179108	0.557582
0.526932	0.150375
-0.0529748	0.756423
0.228704	0.298914
0.869585	2.55847
-0.595394	-0.361354
-0.733764	1.34291
-0.722214	-1.18544
0.894594	1.09604
-0.213346	-0.137342
-0.15869	-0.121052
2.069	3.65636
-0.293283	-0.941736
-1.34797	-1.32488
0.544279	1.15837
0.76607	1.31927
0.245023	0.135634
-0.763862	-0.339068
-1.07963	-0.362812
3.64079	3.24041
1.32448	1.44365
3.47134	3.75886
-0.267279	0.107783
-0.537309	-1.19634
2.39345	-0.0289482
0.0510943	0.704854
1.39494	0.912874
-0.483179	0.175089
0.301718	1.50145
0.679456	1.58032
0.610497	1.35908
0.889375	0.176457
-0.357599	-0.115815
-0.65178	1.27573
0.426705	1.1584
1.33483	1.78603
2.1276	2.23493
-0.333991	-0.673362
0.973229	-0.0117356
0.226222	-0.634396
3.85962	3.99746
-0.216312	-0.0139165
0.233861	0.353785
1.90661	1.13724
0.009619	0.278764
0.054208	0.314653
0.791954	1.59842
-0.434395	-0.0383103
-0.79345	-1.32339
1.8721	1.20089
0.986954	2.21102
0.21681	2.0378
-0.663224	0.656607
1.36822	0.63404
-1.58211	-0.289508
-0.943779	-1.41122
0.61355	-0.0206929
-0.425444	-1.24006
-0.936927	-1.10086
0.5598	1.50388
-0.0118417	0.299234
-0.0378114	-0.513372
-1.08128	1.14511
0.0738657	0.226712
0.550655	0.429953
0.556858	0.0262487
-0.933955	-0.528385
0.0807536	0.707208
1.5955	2.10405
0.204496	-0.662253
2.01939	2.12285
0.549209	-0.494728
1.55815	0.00914812
-0.282317	0.585196
0.534065	0.775019
0.69218	2.29645
2.38578	2.62139
1.30556	0.244627
0.206444	0.518283
3.43427	2.80084
0.66676	0.199575
-0.538356	-0.00342309
0.299621	-0.0930363
3.20397	2.77811
3.12934	2.77348
0.356996	0.743002
0.335546	0.914732
-0.435444	-0.0717443
-0.0174671	1.28416
0.0820875	0.632474
0.0223517	-0.0999516
1.53345	1.89747
3.65801	4.04722
0.240617	0.367305
0.250086	1.47214
-1.0048	-0.992315
-0.312182	-0.877082
0.293087	0.388408
0.30214	0.168301
0.42706	0.919695
-1.02359	-0.596852
2.50044	1.01628
0.400352	0.718921
2.1512	0.590775
4.68939	2.88855
-0.421207	-0.921851
0.212921	-0.708089
2.40712	3.39768
5.22494	4.04526
1.24396	2.50282
-0.539562	0.0782704
1.04717	1.08729
0.174763	-0.0797737
2.64806	3.0357
3.20944	2.39393
1.91252	1.588
1.86751	0.159736
0.705231	1.01442
3.6049	1.72699
0.473145	0.479258
0.250562	0.653865
2.06318	2.46528
1.6241	0.701509
-0.325701	-0.650953
-0.666132	0.779561
0.443907	0.244322
0.0488138	0.712895
-0.375133	-0.41829
0.282696	1.02081
0.436826	1.06957
1.20605	1.85653
1.3726	1.26681
2.39144	1.52827
0.712618	1.15757
0.705285	1.57182
-0.0815421	0.14673
-0.236076	0.791816
0.153561	-0.495695
-0.76663	-1.37528
-0.343874	-0.683329
-0.00421822	0.107651
-0.151454	-0.147647
-0.198442	-0.951647
0.804545	0.385911
-0.498855	-0.674075
0.915914	0.0535989
-0.734661	1.41248
0.984099	-1.03185
-0.329272	1.21635
-0.167291	0.893703
0.722146	-1.11088
1.29151	0.564483
0.182309	-0.198926
-1.0125	0.354199
-1.29206	-1.01254
0.447661	1.09434
0.885556	-0.787444
0.683296	0.110517
-0.821086	-0.514497
0.850773	-0.315452
0.468251	0.674232
-0.206473	-0.412928
-1.21444	-0.203016
3.41562	1.06624
-1.23305	-1.02175
0.853353	-0.649989
2.2725	2.4348
1.32386	0.884231
1.43339	2.86623
0.367612	-0.465734
1.51609	0.618544
3.75428	4.62639
-0.169798	-0.449761
0.0973713	-0.11484
-0.0665563	0.088464
0.150468	-0.841201
1.1993	1.28644
-0.155051	-1.10704
-0.81715	0.580281
-0.41757	-0.754719
-0.952891	-0.774053
0.186778	0.26955
-0.546398	-1.70678
-0.202111	-0.0739312
3.20442	4.24566
0.0864816	-0.384305
2.50967	1.43257
3.10085	1.97696
0.36465	-0.759662
-0.523152	4.20916
1.62339	1.81069
0.0550938	0.970863
-0.544896	-1.07551
-0.722202	0.64193
0.0750947	1.85871
-0.773681	-0.00961185
0.153279	-0.420383
0.263443	2.63103
-1.32569	-0.784354
0.268412	1.91537
6.24805	6.70192
-0.00136077	-0.361277
0.124857	0.00597239
-1.05618	-0.148864
0.339137	-0.278267
0.0284457	-1.06936
3.22305	2.37452
0.302767	0.191603
2.06726	0.242889
1.82275	2.61826
0.435395	-0.640826
1.80184	1.13121
-0.207167	0.440178
0.299106	-0.304525
0.322791	-0.0974268
1.26719	2.68831
2.66806	2.68956
-0.730229	-0.723321
3.03072	2.15781
0.522833	0.22663
0.176318	0.495638
-0.249559	-0.840876
1.76958	-0.513569
-0.728242	0.542024
0.245558	-0.217623
-0.742814	-0.785322
0.321199	0.90345
2.1738	2.23697
0.218563	-0.0460082
0.274191	2.19483
-0.659852	-0.737358
-0.247529	-0.94961
-0.0633252	0.362427
-0.607672	-1.02631
-0.530624	-0.543457
-0.0148219	0.133471
1.51277	0.407822
1.51945	0.2819
0.831271	1.57916
-0.756267	-0.52851
0.96507	1.22624
-0.553002	-1.01473
0.141226	1.32079
1.44813	-0.453377
3.76989	3.88575
2.49214	0.592922
1.4832	0.501834
-0.237186	-0.269116
1.07785	0.05669
0.563027	-0.268283
0.857393	0.29024
-0.119613	0.818923
-1.3749	-1.28215
-0.491229	-0.211102
-0.0226969	-1.16189
0.728518	0.365419
-0.422074	-0.78746
1.77376	0.0443673
-1.01438	-1.21217
-0.575865	-1.57628
2.67126	4.27584
0.320501	0.999309
-0.00632048	-0.231296
-0.247411	-0.451405
-0.623637	0.0434113
0.864856	0.256907
-0.353743	0.0835431
1.82555	1.62825
-0.618202	0.172963
-1.41093	-0.457681
1.41525	0.475521
0.32037	-1.31731
-1.2614	0.842235
4.17038	2.73957
0.893863	2.25336
-1.30054	-0.785151
-1.13967	-0.534185
-0.963064	-1.34547
-1.99452	-0.894523
0.127431	0.585619
1.4531	-0.0268513
1.55439	0.828933
2.43119	3.30967
2.33388	4.54801
3.72087	0.33795
0.0601506	-0.0196964
3.3582	3.74649
0.989205	0.164459
-1.85477	-0.647698
1.03156	0.187517
1.7349	2.15914
0.0782645	-1.11929
0.352145	-0.77209
0.747135	1.03788
-1.12105	-0.845425
1.23713	0.0987577
2.14235	0.991026
5.57432	4.90624
-0.0112575	0.64573
2.56606	2.62276
-1.42301	-0.606831
-0.581686	0.150422
1.0652	-0.214645
0.413455	-0.528248
0.622303	0.732095
0.009408	0.264599
0.838687	1.26328
0.393027	0.889266
2.49704	0.744368
0.0443983	-0.202042
0.380397	0.108726
2.00828	4.41395
1.99219	4.16624
-0.880103	-0.142412
-0.505547	-0.691175
0.540296	-0.112041
2.06053	1.13645
-0.874935	0.593408
2.29141	3.03338
0.654302	-0.0117689
0.747824	0.443561
-0.00377357	0.262885
1.70952	2.81929
2.33698	1.24177
-0.168058	-0.487945
1.37794	1.31077
2.08835	2.15129
0.209508	1.52915
-0.963812	-0.426381
1.16222	1.01889
2.7732	3.16411
0.316812	-0.555297
0.160205	0.748514
1.20543	1.47779
0.251583	0.310079
0.871152	-0.74451
-0.126187	-0.585487
-0.880933	-1.00369
1.41306	2.79627
-0.197846	0.00653386
-0.70758	-0.876666
3.05772	2.78322
0.837053	0.549687
1.33491	0.865611
1.2197	1.47907
-0.351492	-0.591975
0.240704	1.31375
0.208246	-1.02484
2.19254	3.91294
-0.120496	-1.09455
2.22252	0.661596
0.890559	0.991666
-0.436873	0.643307
-1.00408	-1.02052
4.14158	4.91875
1.08418	0.813061
-1.0014	-1.06785
3.36193	3.8802
-0.70729	-0.900488
-0.854165	-0.0152951
-0.435942	-0.445808
0.779384	1.8173
-0.162712	-0.92564
0.815976	0.741029
0.326071	0.61391
1.40715	0.142053
0.984658	-0.437537
0.756826	0.267932
-0.114546	-0.803488
-0.49983	-0.675136
2.20932	1.93833
-0.515298	-0.583002
0.578697	-0.837212
0.738466	1.07002
3.04851	1.24011
0.596268	-0.498732
-1.09466	-0.986739
2.37794	-0.711549
0.91545	0.205213
-0.253045	-0.530779
-0.0499177	0.141207
0.727502	0.723417
-0.613213	-0.0802261
-0.623683	-0.813221
0.886247	1.27995
1.99273	1.2814
-0.0814819	0.220139
0.894194	1.19561
0.473194	0.124542
2.59857	1.80394
-0.212562	-0.211707
0.913978	-0.6396
-0.871657	-1.21473
0.435209	1.25723
0.826058	0.744463
-0.728763	-0.597524
0.923686	-0.298842
2.04886	2.63533
-0.747188	0.195574
1.06879	-0.0328946
-0.31802	0.533035
-0.102578	0.0122046
0.30326	-0.026359
1.95594	1.90155
-0.21338	-0.247983
2.77763	2.95738
0.585337	0.639179
-0.56537	-0.541249
-0.253482	-0.752712
-0.0296944	1.36532
-0.495097	-0.924961
-0.529209	-0.718828
0.966425	0.703151
0.91452	0.7323
0.226896	-0.0491184
1.50403	1.4315
1.33138	0.241538
-0.813139	-1.12718
-1.02655	-0.607452
0.210481	-0.334688
-0.8806	-0.915023
0.165862	1.59055
3.2301	2.16787
-0.0324273	0.741515
1.88122	1.55544
0.991858	0.768245
3.63864	2.98959
1.98997	1.75529
3.72642	3.14081
-0.895266	-0.980715
0.530479	0.702534
0.90359	2.13768
0.719593	-0.0341672
1.25023	1.78355
0.675452	-0.348071
-0.367268	0.937971
-1.02719	0.0569248
4.97058	2.19838
-0.286078	0.295091
0.38211	0.197647
-1.6789	2.63193
2.45484	1.26559
-0.495486	-0.387632
2.81026	2.83711
0.343689	0.41617
0.0953543	-0.222389
-0.172374	-0.143899
1.59156	0.0554669
1.18121	-0.237586
0.751606	2.78485
0.65176	-0.478595
1.32112	0.70475
2.03049	1.19055
2.88235	2.81067
-0.881865	0.334362
-1.49194	-1.20165
0.224693	2.63879
1.26637	1.22892
-1.00411	-1.50267
-0.562332	-0.999016
0.130016	1.86128
0.23136	1.14596
6.45904	6.21207
-0.228179	-0.653632
1.75106	1.42852
-1.03081	-0.0487792
0.163362	-0.369267
1.10206	2.55768
-0.845971	-0.495215
0.169264	-0.309305
-0.439789	0.853251
-0.622001	-1.18288
-0.420942	-1.0755
0.488949	0.460063
-0.413869	-0.217075
1.46159	0.818273
0.953071	0.783445
0.0842869	-0.156208
0.938293	1.1355
-0.490543	1.45128
2.90919	3.94243
1.13046	0.820278
0.447359	0.768692
-0.289977	0.349978
-0.795766	0.0729334
0.505383	-0.0324625
-0.169539	1.00826
-0.227879	1.29756
0.620545	1.3928
-1.03104	-1.87057
-0.21946	-0.896443
-0.541386	-0.373169
0.905833	0.487463
2.85481	0.870062
2.06619	3.90152
-0.57317	-0.763498
1.49808	1.12926
1.54392	0.146878
0.684609	-0.982435
2.75691	1.57331
2.3441	2.5271
0.236444	-0.191986
2.21552	4.00735
0.0710917	-0.227735
0.0576174	-0.283474
-1.04558	-0.474716
0.893712	0.442727
1.1667	1.13054
-0.0913566	1.32283
2.79134	1.27599
1.78758	1.10695
0.156907	0.182171
-0.364828	-0.809814
-0.571581	-0.192441
0.201688	-0.638239
0.0511968	0.472754
0.281262	0.958869
-0.13661	0.114803
0.908296	0.0470221
-0.459537	-0.323424
-0.798044	-0.118628
0.221065	0.923012
0.513991	0.0234854
-0.216485	0.0745785
2.36754	0.693963
-0.0744402	2.04451
2.43561	1.11196
-0.177433	-1.19792
1.82438	0.766225
-1.08439	-0.53997
-0.616319	-0.876089
-0.151083	1.17511
-0.00234783	-0.0564647
-0.963156	-1.36949
-0.477584	-0.762032
0.937608	0.325497
0.0476146	-0.918189
-0.644161	-1.39495
0.603573	0.348498
-0.0718725	0.00917196
2.04017	3.51344
1.13722	-0.0771606
1.09491	-0.255036
1.89428	0.483258
4.20783	3.63757
2.14487	1.91716
-1.49415	-1.45232
0.575228	0.455499
2.58641	2.37943
6.83111	6.49824
3.36819	4.10586
0.841296	-0.958216
-0.0395679	0.140423
1.2467	1.57487
0.0906694	-0.91642
-0.700671	-1.10127
-0.138454	0.302634
-0.401527	0.302187
0.829787	1.99909
1.10484	1.24296
1.47488	2.31141
0.993211	0.471309
0.462909	-0.28699
-0.281903	-1.10313
-0.339126	-0.298691
0.705795	2.77248
1.51097	1.33845
0.290375	0.258957
2.85689	1.66299
-0.598708	-0.0861394
1.25503	1.03821
0.245608	0.82034
1.00998	1.23911
3.10169	2.37208
2.99264	2.53571
-0.783572	-0.990428
0.578789	1.78618
-0.203007	-0.646983
0.610688	1.69954
0.0922155	-0.542395
-0.0373018	0.566359
0.53993	0.0211406
-0.643142	1.1711
1.76145	2.85858
-0.700577	-0.510768
-0.244138	0.371753
1.88881	2.32165
3.12497	2.32883
0.332307	0.322769
-0.456116	0.17899
-0.604694	-0.203779
-0.814438	-0.511128
0.289522	0.408952
-0.0589913	0.703741
-0.592864	0.778897
0.114205	-0.401698
2.71964	3.27193
0.583136	0.906179
2.16878	0.153924
1.32735	0.612773
-0.644177	-1.05076
0.763435	-0.698143
2.85928	2.70369
-0.0470972	0.100869
-0.53093	0.459441
2.34963	2.20281
-0.0988507	-0.102549
1.70204	1.13842
1.70802	0.103619
0.23477	0.399792
0.93486	0.610648
-0.414693	-0.680366
4.50576	3.12485
1.37229	1.73874
0.807852	1.10746
1.52718	2.09195
-0.450979	-1.31845
-1.37524	-1.11168
2.37611	2.15208
0.667242	1.31671
-0.264006	-0.82002
0.976979	2.08337
-0.602645	0.552386
0.291491	-0.440888
0.815294	0.490595
1.40491	0.973054
-0.136375	0.229243
0.192052	-0.013262
-0.387629	-0.537577
2.39143	2.78522
0.659668	0.573628
0.914925	0.924889
2.19107	1.44658
0.579077	-0.549033
1.22531	1.50417
3.34267	4.05202
0.799974	0.309622
-0.339761	0.341166
1.06213	0.405787
-0.163612	-0.735981
1.39209	1.03904
2.00337	2.01556
0.493774	1.63462
-0.978813	-1.53087
1.17079	0.0617647
0.378354	4.43283
0.196007	0.104927
-0.366514	-0.733101
1.89152	2.79334
0.276678	-0.0814909
-0.148486	0.765527
1.71517	2.40582
0.627749	0.0584424
0.163138	0.421578
2.24867	1.62467
3.18411	1.82594
2.29751	0.779287
1.05831	0.460902
1.72552	2.7423
2.08029	0.313444
-1.16537	-1.12703
-0.0817943	0.670334
0.158303	-0.417946
2.00513	3.10236
-0.268665	-0.131104
0.818871	0.103194
0.655687	0.549064
1.40678	2.14013
0.358989	0.724304
4.40842	0.0397277
-0.256677	0.355356
-1.22217	-1.15703
1.33981	0.660552
-0.378978	0.986587
-1.12531	-0.895743
1.19903	1.74878
1.72588	4.23011
-0.395272	-0.545053
0.150959	0.0297928
2.5338	2.00625
0.549093	1.56648
0.0541472	-0.0700474
-0.0149125	0.294025
0.449089	1.12863
0.45352	1.91324
-0.398824	-0.787038
1.97482	2.14692
-0.0385946	-0.582582
1.48293	0.667133
-1.08797	-1.15533
0.0562024	-0.327154
1.67968	2.42733
-1.13611	-0.264866
2.4835	2.63959
-0.0736195	-0.325024
-0.214001	0.768275
1.25031	0.352784
0.403701	1.08501
-0.849034	-0.856881
-0.545399	-0.686082
2.08802	1.19478
1.17726	1.77394
1.5734	1.55705
-0.406074	-0.0715017
0.615302	0.756776
0.559344	0.954334
2.01196	1.41515
0.341434	1.28829
0.508626	1.89669
3.80842	4.91288
1.03692	0.75852
1.85565	-0.09601
-1.09222	-0.181057
0.992869	0.386194
-1.22326	-0.441982
-0.177858	-0.725835
0.987	-0.373293
3.05727	4.15821
0.562211	0.0592327
2.5869	2.42356
0.541626	-1.49673
0.424516	-0.231367
1.20393	0.695535
1.53655	1.9998
-0.379704	0.153975
0.356617	-0.0233573
4.32448	1.031
-0.365486	0.574943
-0.1982	-0.0552565
1.56522	1.80582
-1.41566	-1.07199
-0.134585	0.964714
1.55789	2.50153
-0.368069	-0.249825
-1.01928	-0.988522
-0.660305	0.35399
2.06354	5.52327
-1.2167	1.53419
2.67773	2.58735
-1.09463	-1.25903
-0.45463	-1.07531
-0.23459	-0.124455
0.0883853	-0.507969
-0.765342	-0.492497
1.01493	1.16762
1.73792	2.39481
-0.793666	1.25254
0.686918	-0.0286227
1.75239	0.0208437
-0.102789	-0.0364023
-0.0603515	-0.237043
1.60632	-0.21091
0.82683	-0.170882
2.51	2.69168
0.177799	0.877753
-0.207472	-0.00411391
-0.0959164	0.543722
0.603253	2.53739
-1.36898	0.132583
3.94051	3.13144
2.06461	1.97371
-0.25359	-0.801708
0.533516	0.496678
1.62937	2.89488
-1.04771	0.0735235
-0.0572073	-0.896787
-0.573175	-0.0941783
1.28312	0.0112474
0.70712	1.54935
0.0154507	1.46013
-0.12475	0.550382
-1.07604	-1.10285
1.60994	1.26193
-0.708898	-0.149426
2.93781	3.6914
-0.00254631	-0.456305
1.08641	0.925
0.214641	0.742322
3.38493	3.31508
-0.331094	0.794643
3.78732	2.71994
-0.308467	0.20932
-1.33385	-0.807391
-0.192323	-0.524189
-0.0923496	0.555379
-0.830239	-0.0441968
0.275849	-0.00187337
-0.146924	0.236639
2.27291	0.899736
3.70803	1.42869
0.178896	-0.107189
-0.279638	-0.40207
0.722266	0.887119
1.08062	1.41491
-0.270142	-0.454898
1.91025	1.76042
-0.583236	-0.376987
1.13139	0.0834358
-0.126798	0.502297
0.606991	0.324299
0.220159	1.3763
1.35365	0.850422
0.00473261	-0.965732
0.15542	-0.186957
0.67066	0.498693
0.278673	-1.27744
-0.226797	-0.365248
1.45874	-0.481359
0.588497	-0.0195646
0.758328	1.68694
0.849327	1.6378
-0.428753	0.467385
0.00466228	0.647867
-0.935221	0.111916
-1.0896	-1.58987
-1.1659	-1.23457
2.70764	3.02041
2.21155	1.3135
1.68424	-0.390751
-0.0567305	-0.00953853
0.123663	0.764204
6.01499	5.44994
1.25024	0.0601065
-0.0186467	1.25531
-0.449769	-0.327563
-0.0749803	-0.0681287
-0.718129	-0.578858
-0.512493	0.328437
-0.00546277	0.0540674
-0.775416	-0.570467
-1.11515	-0.138742
1.1518	0.959762
1.16988	0.661063
-0.639102	-0.628243
2.9306	1.50274
1.81755	1.76432
1.75655	-0.173269
1.80996	4.14207
-0.0740641	-0.020082
-1.11275	0.609772
1.61938	1.48784
2.86519	3.91458
-0.224444	1.29197
-0.419924	0.0815094
0.44808	0.930262
-1.30976	-0.773317
1.42435	1.61457
0.411251	0.41423
-0.126674	-0.606996
0.247043	0.241607
0.324572	0.903077
-0.593489	0.230259
-0.109811	0.69944
-0.414519	1.27196
-0.544915	-0.902206
-0.489153	-0.32524
1.9404	1.99982
3.78719	5.55733
1.85618	1.5195
1.53489	-0.0872493
-0.280581	0.867566
-0.913731	-0.992131
0.0397766	0.259247
-0.241193	0.431558
1.40956	2.21709
1.06455	0.489229
0.742105	0.99836
-0.866578	-0.444496
-0.506288	0.060544
0.342727	1.05577
-0.279065	0.18944
1.30094	0.972764
0.603113	0.624152
-0.276493	-0.98344
-0.329009	0.439233
-1.00652	-0.328327
-0.354655	0.136408
-0.672709	-0.270537
-0.421089	0.349355
1.40757	0.888704
-1.27221	-0.130039
0.214094	1.69006
-0.382233	0.234147
0.959365	0.859178
0.717357	0.708405
2.0151	1.96626
0.979122	-0.285324
-0.0773454	-0.322409
2.70889	0.929304
2.02255	-0.846382
0.352545	-0.145914
-0.00549495	0.815556
1.80279	0.76292
-0.730476	-0.0617546
-0.336487	-0.144494
0.309379	0.532706
0.948168	2.75677
-0.35032	0.72776
2.08474	1.30733
0.452895	-0.293719
1.50308	-0.23254
1.06947	0.700182
0.0947869	0.876156
2.54149	2.73489
1.78663	-0.729913
0.227025	-0.688334
0.834322	1.69024
0.693705	2.72857
-1.12516	-1.63784
0.333397	-0.553204
0.938547	0.246218
2.12408	1.20683
0.41407	-0.749849
1.81419	2.90612
0.621792	-0.37772
0.997194	0.0163853
-0.477892	-0.412154
-0.523564	-0.425532
-0.909683	0.203851
1.92725	2.82905
-0.960004	0.0567842
-0.251324	-0.617821
0.837741	0.460089
-0.557019	-0.518093
-1.05567	-0.922295
0.935251	1.72558
0.639151	0.106593
0.571951	1.42025
-0.316153	-0.480197
-0.782667	-0.207938
0.648367	0.472221
0.121189	0.386423
-0.515061	0.582722
1.21156	1.69484
0.439073	0.401331
2.89903	1.53536
7.41326	7.60388
-0.857688	-0.591248
2.16544	1.54876
1.11264	1.47128
2.04058	1.73105
-0.633034	-0.281353
-0.451097	-0.791878
-0.158544	0.0688672
0.118496	0.965246
-1.01462	0.0196874
0.203702	2.16494
0.345689	-0.183271
-0.495988	-0.473025
1.58312	1.13325
-0.14997	-0.504546
-0.0407845	-0.171109
0.932204	0.716184
1.18594	0.212537
0.170628	-0.262873
1.56427	1.47124
-0.871057	-0.926789
2.90841	0.340823
2.24868	0.964638
0.376099	1.69308
-0.419227	-1.22877
-0.128171	-0.771838
0.978478	1.16711
4.81225	4.34697
2.22702	1.69066
-0.135361	1.0492
0.457875	1.45074
0.452477	-0.393547
0.259494	0.121266
0.504901	-0.455542
1.58351	1.95093
1.22089	-0.363532
2.29507	1.5266
-0.991582	-0.725682
-0.546594	0.414149
1.7268	1.07496
0.388569	1.35019
-0.673885	0.984962
-0.557076	-0.23662
-0.178023	3.09177
5.04499	5.6556
1.33078	-0.805137
1.05739	0.322431
-0.140215	0.638506
-0.840603	-0.169944
1.17411	2.34648
-0.183603	-0.996256
-0.115453	0.133476
0.667599	0.429771
-0.797932	-0.377917
1.02605	1.46077
0.473918	-0.421109
-0.123317	0.670336
-0.863423	-1.25752
-1.44016	1.19908
0.595883	0.494646
-1.17025	-0.891189
-0.704751	0.0413442
-0.273774	-0.0472474
-0.65955	-0.488884
1.60036	3.16425
-0.0652045	-0.139754
-0.192235	0.24424
-0.195861	-0.0244242
-0.191523	0.952322
-0.288227	-0.632952
0.59414	-0.713194
1.25841	1.42012
0.369251	1.12743
-0.418146	2.97754
-0.441126	0.611819
-0.0622767	1.21609
1.50455	0.332289
0.119674	0.134457
1.13312	0.294895
-1.28238	-0.696691
0.789745	0.00656366
-0.470988	1.46601
-0.0953817	-0.307495
-0.576938	-0.56529
1.66714	0.82935
-0.963119	-0.504434
-1.31841	-1.15297
5.13524	3.80111
0.876963	0.531658
-0.147306	0.0193059
1.54627	1.25225
1.46749	1.91669
-0.12691	-0.453764
-0.801735	-0.112615
-1.06195	-0.210481
1.40335	1.76807
-0.332258	-0.601955
0.0192475	0.694276
-0.781078	0.397356
0.345931	0.13743
-0.304089	-0.119922
-0.0180697	-0.311489
0.360552	-0.534889
-0.429867	-1.05359
0.152174	0.108904
2.65949	2.14966
-0.469622	-0.233534
-0.952092	-0.831825
2.31044	0.668859
4.55146	3.41381
2.40342	2.44489
0.537233	-0.375345
-0.209639	-0.342479
-0.238293	-1.35529
-0.2299	0.863764
0.969861	1.58352
-0.944102	-0.861916
1.92225	1.1417
0.414627	0.113289
-0.606397	-0.305929
-0.0122178	2.40005
-0.0752348	0.869833
2.45884	3.89315
0.193787	-0.158322
4.61058	2.938
1.74743	1.93048
-0.0933957	0.357736
-1.78211	-0.713407
0.468854	1.35918
1.29025	1.25359
0.346587	1.22679
1.72455	-0.0506651
1.61732	0.760741
-1.26194	-1.29321
0.761189	0.177816
-0.228918	-0.437418
-1.49961	-0.94085
-1.14751	-0.370103
1.57011	2.49032
5.8867	3.85064
1.17429	1.57675
2.61881	3.69693
1.45974	0.193752
0.0469279	0.928204
-0.135884	0.641543
1.11907	0.035491
1.44309	1.27189
-0.207594	-0.301991
0.441029	1.83646
0.290327	0.433383
2.07329	0.538343
0.0359356	1.56622
0.0120294	-0.0869071
0.942972	0.0886953
-0.311014	-0.163344
0.489879	1.79936
0.684499	1.76955
-0.31096	-0.531063
-0.489053	-0.229167
0.461475	0.69188
0.863646	1.52624
1.38789	1.36987
-1.1555	-0.251459
2.40165	0.686771
-0.763665	0.0821733
2.77296	-0.0327194
1.81579	-0.0595552
2.65379	0.674144
0.837073	0.911835
-0.140443	0.822334
-0.602312	-0.604807
3.26867	4.43339
-0.558448	0.770303
0.931147	0.803024
0.540798	1.78653
0.75187	2.37213
2.14661	1.68022
-0.758187	-0.779373
1.92181	0.348039
-0.322588	-0.111757
6.41006	4.48129
1.6868	1.17894
-0.569173	-1.54357
-0.774181	0.78755
1.94423	1.82431
-1.08249	-0.550326
-0.641352	-1.31663
1.0455	-0.982317
1.26471	-0.659195
-0.976848	-1.72774
0.250447	3.42761
1.64211	0.0448477
-0.917931	0.0644469
-0.43254	0.976251
-0.432578	0.495772
-0.660594	-0.16718
-0.73634	-0.795261
1.47322	1.86996
-0.18964	1.21525
2.01634	-0.458357
0.360899	-0.511864
-1.08755	-0.934644
1.77412	1.50981
-0.569665	0.851738
1.26202	2.35002
0.20028	1.4862
3.51809	3.06079
1.18243	2.16972
-0.416523	0.0105238
5.90201	5.23939
-0.443963	-0.327305
-0.835556	-1.18374
3.98882	4.60399
0.708107	0.406969
0.948433	1.27597
1.34483	0.311399
-0.444464	-0.411748
1.41024	-0.749688
0.954754	-0.0705153
0.208055	0.42087
-0.651689	-0.60746
-0.0557184	-0.163325
1.35317	1.40156
0.326781	-0.216849
0.363754	0.34327
2.47129	2.05249
0.719802	1.23621
-0.324214	-0.772889
1.64987	0.982548
-0.777709	-1.42047
4.05277	4.74773
0.613502	0.728827
-0.113827	-0.530657
0.20263	0.715501
2.50508	1.31345
0.370896	0.463614
0.321743	-0.398248
0.307869	-0.632861
0.0841272	1.32947
1.81774	1.29182
-1.43157	-1.22641
-0.356566	-1.03004
-0.0615889	2.17497
1.0284	0.544308
2.3214	3.26427
0.304419	2.96071
1.06045	0.484505
0.605099	0.938911
-1.04986	-1.06187
-0.996377	-0.940644
1.08963	-0.0363243
1.61543	0.264468
2.76481	1.05711
0.108383	0.352674
-0.0975752	-0.496684
0.279332	-0.816543
2.36618	1.04703
-0.273024	-0.0478047
-0.0789005	0.424895
2.38879	2.58898
0.342354	-0.399534
2.35337	3.65817
0.258421	3.77119
1.46609	1.93099
-1.12212	-0.376902
1.89281	3.32729
1.49263	1.40622
0.362258	0.178751
0.5216	-0.00737071
-0.64945	-0.700597
0.218329	0.435725
2.00433	2.36542
-0.37293	-0.802539
1.1986	-0.216472
4.8964	3.93234
0.799125	1.00011
3.4302	3.37057
2.11623	2.18889
-0.0134814	1.66651
-0.0904566	0.924344
3.12168	-1.03962
-0.2982	-0.00199199
-0.570037	-0.818101
0.131507	0.948291
0.295172	0.719391
0.48236	-0.0288057
-0.0132614	-0.605114
0.123765	-0.756938
1.6511	1.10455
1.64845	-0.906442
-0.531155	0.413872
-0.582366	0.282761
-0.960702	-0.890716
0.705558	-0.340793
1.16249	-0.863879
-0.862128	-0.954269
-0.198389	-0.456071
-0.169904	-0.0762451
0.875244	0.739048
-0.884262	-0.393252
-0.847031	-1.05771
-0.70186	-1.24756
1.32896	2.08641
1.77023	1.56502
0.651553	-0.197858
-0.102374	-0.679739
-0.290553	-0.309827
6.1193	5.47061
0.688435	0.737227
-0.278289	0.438348
3.24414	1.79873
0.11761	0.0156164
2.56168	2.07271
1.04946	-0.569276
0.117142	0.225325
-0.228521	-0.824916
0.203247	-0.114226
1.73355	0.12032
1.16693	0.947939
-0.0329971	-0.517353
-1.38799	-0.94168
0.0350821	-1.0115
1.25933	0.0862539
0.8608	0.210314
0.161222	0.925403
-0.715548	0.0551057
2.47236	3.194
-0.340315	-1.34823
1.24552	0.259732
0.214362	0.627879
0.190715	-0.785583
-0.665944	-0.706177
-0.301134	1.37527
-0.698712	-0.496687
1.1778	1.09217
1.62336	0.661805
2.16622	1.96559
0.161084	-0.29917
0.910654	2.22698
0.569633	0.282491
-0.344069	-0.537925
-0.177966	0.305592
-0.519122	-0.325562
-1.12853	-1.41052
0.518479	0.207404
1.56855	1.23733
0.980549	1.4138
-0.268986	-0.856045
0.901026	1.27441
-0.0549823	-0.408409
4.84593	5.0834
1.56024	0.385177
0.776719	0.0866854
3.22135	2.14521
0.927615	0.0119448
3.96264	5.78051
3.39025	2.55693
0.0349844	-0.444499
-0.223486	-0.454966
0.00900984	-0.566182
1.31072	0.153632
-1.28893	-0.672176
0.70107	1.05217
-1.11197	0.252948
0.180787	-0.26276
0.827699	1.09092
-0.260034	0.105789
0.952234	0.289389
2.4865	1.55704
-0.140478	-0.619827
-0.749055	-0.570588
1.20289	1.70752
0.267769	-0.219116
0.169723	0.514444
-0.352062	0.989573
-0.828406	0.0550389
-0.01257	-1.30625
-1.45357	-1.31045
0.425694	-1.01549
-0.0252151	-0.495836
-0.0329196	0.735673
0.0510204	0.547677
0.430923	0.386389
-0.855722	-0.548874
0.202581	0.735564
0.888438	0.14219
0.389359	0.778592
0.625421	0.00128508
-0.00504076	0.0794017
-0.478962	0.730661
0.525094	0.610969
1.54544	0.160112
-0.315663	-0.855801
0.559109	0.0510371
-0.752183	0.042963
-1.82784	-1.09085
0.678668	1.78851
0.867051	0.737902
-0.817929	0.548376
-1.72612	0.272896
1.41489	1.15386
-0.241721	-1.10516
1.73429	-0.249986
0.0454068	-0.164301
-0.019275	-0.0334513
2.08283	1.29341
2.60689	2.72352
1.50458	-0.152025
-0.667092	0.293217
-0.0360996	0.119489
-0.571097	-0.0370079
-0.862256	1.526
-0.0795245	-0.280023
2.07784	1.32847
0.369347	-0.179206
0.705578	0.685105
1.61528	1.50751
1.3496	0.613061
-0.726299	0.238651
-0.160952	-0.597904
1.1292	0.724653
2.92895	0.454046
0.091908	0.298837
-0.585994	0.246922
-0.82329	0.702195
0.867683	0.373336
-0.0658745	0.839385
0.208474	-0.203744
0.740073	1.01682
3.05363	3.50625
0.424918	0.26832
0.881503	0.71728
1.70618	2.92015
-0.741579	-0.318062
-0.467892	-0.0756383
3.70301	1.59217
2.52583	5.15294
-0.962089	0.621701
0.65309	0.533559
0.0967443	-0.411831
-0.547354	-0.327878
-0.771425	0.6016
-0.0602466	0.726397
-0.307175	0.00470996
4.58659	4.2373
-0.645704	-1.11831
0.536796	0.16039
2.37412	2.91123
0.946977	0.131197
-0.207071	-0.338847
-0.171808	0.112309
-0.179694	0.395086
-0.106997	0.660554
1.29058	0.755594
-1.17831	-1.15575
1.24913	0.709447
1.41309	0.88695
-0.0809866	2.33685
4.01921	1.85359
4.9125	4.83239
-0.0773531	2.08898
-0.885667	-0.239661
0.0749469	-0.839897
0.850065	-0.436829
1.35182	-0.360295
3.78284	3.97979
0.898993	-1.12752
-1.03717	-1.21432
2.03541	0.837415
0.39189	0.184711
1.10404	0.674899
-0.327123	2.10995
3.36831	1.81824
0.55051	0.0504076
1.19443	1.70965
1.20723	0.182797
-1.20972	-1.25907
0.365589	1.34936
1.09964	1.12405
4.36811	3.84179
0.165871	-0.0918984
-0.53565	-0.0784248
-0.933517	-0.90363
-0.77736	-0.685118
2.43784	2.49842
-0.463741	0.957148
0.737153	0.0376272
-0.261897	0.777767
-0.00393093	1.43904
1.36553	0.270901
0.570476	0.405732
-1.11276	-0.946087
1.06006	1.82604
3.2977	2.95588
-0.849627	0.798512
3.54631	3.04062
-0.234994	0.31131
0.770675	-0.303824
-0.144964	-0.329865
-0.404388	-0.202128
-1.00547	-0.407668
0.0292563	-0.381421
2.27581	0.520148
0.374721	0.50624
0.280865	0.851873
1.81445	2.0671
0.323563	3.09344
-0.454282	-0.378344
0.193273	-0.153977
1.08863	2.13722
-0.519795	-0.984315
0.436287	1.22773
0.0590348	-0.110295
0.00856876	0.510631
-0.383735	-0.0569159
0.36882	0.213952
-0.362058	-0.523393
0.345083	0.97227
-0.27696	-0.0705218
-0.525283	-0.157471
-0.00795424	-0.280095
-0.173315	-0.707723
1.11379	-0.695385
1.07838	1.26653
0.045104	0.163677
-0.607781	-0.552615
-0.846777	-0.890475
-0.151337	0.414815
1.70079	2.82963
-0.275882	-0.0619763
2.30205	3.29417
2.66473	3.05109
1.32529	0.511394
1.37473	1.62534
-0.309519	-0.969355
-1.14109	-0.410553
1.45664	3.51923
2.60515	1.01236
-0.025692	0.0452626
2.69921	0.262419
0.489883	0.504253
1.83651	1.49542
0.0505662	-0.126762
0.622559	0.587652
-0.520181	-0.207182
-1.14425	-1.36656
-1.15445	-1.06242
-0.061968	0.309324
1.56377	1.46849
1.00818	0.577039
-0.192813	0.518198
0.94855	-0.402089
0.557933	1.87969
-0.725068	-0.875336
-0.63728	0.859733
-0.916662	-0.842187
0.33419	-0.0529528
-0.613726	0.615503
-1.32878	-0.593151
0.337921	-0.00249386
0.0203419	-0.463157
-0.673233	-1.34643
-0.58635	-0.103009
0.146363	0.22905
1.86979	2.11228
-0.487741	-0.498058
0.152932	-1.31925
-0.292624	0.330377
-0.299618	0.0191772
0.354605	-1.32396
2.12667	2.94403
0.454707	-0.121207
2.01826	1.99729
0.450081	0.552535
-0.975868	-0.0414962
2.09104	-0.101939
1.57953	2.45809
-0.376121	-0.581133
0.0975633	-0.871429
4.22938	2.19316
-0.775826	-0.41936
1.05816	0.378023
-1.83073	-0.289195
-1.05493	-1.1332
0.0945008	-0.757271
0.0691164	0.234767
1.76005	2.05017
0.721481	0.857178
0.197684	-0.0327343
1.31925	2.26586
0.251738	0.0202811
-0.920835	-0.655666
0.265245	0.220062
1.19777	0.564773
1.54845	1.22664
0.805832	2.24857
0.710427	-0.423504
-0.564897	2.09119
3.04659	2.57367
-0.917761	-0.852806
-0.233476	-0.0816506
1.3047	0.354241
1.0806	0.717115
2.07866	1.46125
0.105869	0.355998
2.27032	2.85527
-0.650099	-0.233452
2.80717	3.39872
-0.414636	6.67572e-005
0.25564	1.93326
0.81971	0.854379
1.2554	-0.0169396
1.60095	-0.679513
-0.99488	-0.824358
1.48783	2.21617
-1.36553	0.0437248
-0.0826031	1.79116
1.99177	1.51324
1.66663	1.16311
1.24182	1.42531
6.17651	6.22414
0.354006	0.0748956
1.72218	0.526181
-0.611622	-0.170074
-0.921214	-1.04447
0.18931	-0.598181
0.0505686	-0.939786
-0.00623345	1.46927
0.405269	-0.122868
-1.04093	-0.960993
-1.02087	-0.760472
0.345981	-0.547462
-0.584401	0.53543
1.23133	0.420052
0.333147	0.576664
0.509037	-0.698319
1.40153	0.562569
2.75647	2.71422
-0.559134	-1.12194
-0.24052	0.659651
1.94093	2.65234
0.802313	-0.0293648
1.34895	1.58967
0.282137	0.318402
0.042212	0.101013
0.657644	1.23817
3.089	3.47719
2.30498	2.77633
1.33659	0.635089
1.04702	0.72089
2.64957	3.40062
2.20486	2.07232
-0.822528	-0.680882
0.606745	1.3429
0.0787747	0.228955
1.80559	0.988382
1.42006	1.13495
2.83738	3.97599
-1.0408	-1.90147
0.14975	-0.208851
-0.879713	-1.29139
-0.120484	1.21607
-0.366292	-0.121095
0.615953	0.191576
0.590726	1.97366
0.883753	0.505167
0.344601	1.41566
4.2492	4.90104
1.48282	3.12362
2.07924	1.46813
0.333848	0.572015
-0.253765	1.54162
2.52179	3.71688
-1.08119	-0.677707
1.28695	1.10276
0.610708	1.04208
1.31973	1.29928
-0.289273	-0.209458
-0.13106	0.494838
-0.183814	-0.635246
0.00502944	0.276189
4.90461	5.8025
1.84189	-0.416562
4.78646	3.75025
2.12404	1.33035
-0.443572	1.18466
-0.6776	-0.97951
2.79846	1.43966
1.5812	0.563776
0.0736058	0.456945
0.0511479	0.66306
2.81786	2.31022
1.01796	1.94791
-0.788695	-0.507063
0.892445	1.24472
0.741452	-0.899616
1.30011	0.139153
0.822037	2.57289
2.03292	0.490738
-0.379662	-0.567136
0.78491	1.73825
-0.263462	-0.918885
1.52924	1.5045
1.43601	3.13752
1.05985	1.33167
1.98156	2.02441
2.77469	1.81565
1.67327	1.57399
0.173055	1.35209
-0.560554	-0.106879
0.310203	-0.62991
1.88619	2.64731
0.654807	0.936571
-0.213904	0.511844
4.09586	6.01453
1.30108	1.00746
0.441797	1.81777
0.199496	-0.163747
0.962816	-0.0552261
-0.0732863	0.592633
3.67866	3.17394
-0.112534	-0.254554
0.607914	1.58626
-1.09191	-0.970975
0.113317	0.191563
0.147972	1.28017
1.71091	-0.867479
0.916095	0.31472
1.20664	1.24811
-0.0666404	-0.114177
-0.396948	-0.355913
-0.0660384	-0.492969
-0.792311	-0.922486
2.93759	6.73769
0.00630379	-0.0964803
-1.47051	-0.741476
0.684026	0.231954
1.42635	2.18668
0.898128	3.31037
0.643883	-0.283388
4.07573	5.14752
2.05675	1.92979
1.63221	1.34519
0.386915	-0.68919
-0.30082	0.685059
1.21804	1.20983
0.966684	0.574925
-0.144891	0.313231
1.03171	1.48374
0.0526226	-0.543002
6.48186	8.0688
0.297488	-0.00303984
-0.729613	0.257868
-0.975279	-0.495282
-0.827627	-0.658564
-1.51496	-1.44266
-1.07323	-0.448464
0.779024	-0.179727
1.56055	0.640068
0.401558	0.227578
0.569408	3.7175
1.89286	0.862497
-1.12892	-1.16285
0.724602	0.614673
-0.836841	-1.01577
0.98403	0.391084
1.4418	-0.493547
-0.807441	-1.08075
-0.556	-0.217671
2.51943	2.60765
-0.136971	-0.931573
0.46545	1.50163
-1.35343	0.388285
-1.44806	-0.789641
4.09141	3.72351
-0.788399	-1.65355
0.223268	-0.127707
1.27513	0.668828
1.6927	2.32801
-0.00231445	1.1515
0.742769	0.6635
-0.47098	0.964445
0.754485	1.94938
-0.34132	-0.189638
2.21261	1.02263
-1.41556	-1.18524
-0.183461	0.388824
-0.0927341	-1.15098
-0.0697058	-1.52459
3.18272	2.65051
1.70859	2.18977
-0.348284	1.1496
-0.171797	-0.556017
2.4577	4.49093
2.95971	1.66822
1.09973	0.559998
0.602804	-0.147607
-1.21894	-1.36232
-0.947328	-1.07101
-1.60411	0.671161
1.59508	0.693101
1.03666	-1.37703
1.84579	1.16586
0.0446737	-0.668758
0.688819	1.01602
1.49137	0.727469
-0.0608879	-0.0362802
-0.172763	0.349946
-0.134953	0.46697
-0.26661	0.0179148
1.24797	-0.439792
-0.488183	-0.0547874
0.834498	0.860149
0.303142	-0.696154
0.47274	0.975386
0.445557	1.20078
0.867659	0.298157
-0.0983715	-0.480797
-0.859028	-0.381907
0.746461	1.0718
1.12337	1.38466
1.95148	2.329
2.50723	1.84824
-0.288894	-0.0870609
1.2282	-0.11525
-0.463868	0.294827
-0.741725	-0.374583
1.6978	0.501533
1.07432	0.655136
-1.10884	-0.728278
0.320692	0.151284
0.962245	1.09513
1.46136	1.57246
-1.2958	-0.652646
0.933735	1.09691
0.0541294	-0.302663
-0.416449	-0.168881
-1.00766	-0.849899
-0.282369	-0.173615
1.31913	-0.156696
1.40468	1.02336
2.90637	2.93555
0.981289	1.84493
0.400162	0.301672
1.20069	3.79738
1.19299	1.12625
4.10439	1.32402
0.0553846	0.825264
-0.649828	-0.425082
1.27143	0.116829
-0.094499	-0.99462
-0.401221	-0.206239
0.426267	-0.248575
1.11927	0.676454
-0.655496	-1.51984
0.336187	3.18937
0.596963	0.155408
0.859406	0.458739
4.13771	4.00961
-1.18224	-0.301535
0.670472	0.14241
0.329965	-0.420839
0.107358	0.579489
-1.19418	-0.034579
0.276703	-0.551281
2.4307	4.89942
2.5471	1.50679
2.53693	2.26296
0.503385	3.02454
-0.163969	0.283201
0.381457	0.50102
-0.206479	0.216573
0.661321	2.70189
2.28874	0.421557
1.33993	-0.440114
2.18521	1.18241
-0.142595	1.37549
2.95658	1.15524
1.20122	0.702823
0.360957	-0.118185
1.00034	0.963618
0.496004	0.959218
5.74435	6.81993
-0.10819	0.780442
3.52012	2.62857
-0.104318	-0.082233
0.990734	0.336101
0.102451	-0.290053
0.592035	0.781562
2.15642	2.18227
-1.07236	-0.578287
0.513291	-0.807248
-0.356642	1.02473
-0.233445	-0.411969
3.88622	3.36737
0.590751	1.94546
0.674791	0.0101972
0.04022	0.753841
0.254191	0.692819
2.12775	1.17151
1.58709	2.23297
2.03677	1.2674
1.10327	0.909661
-0.0298011	0.682704
0.0442767	2.22808
1.06487	0.111164
-0.429254	-0.101163
0.509731	2.46446
-0.870984	0.151154
0.336121	-0.951648
0.138955	0.346907
-0.47061	0.255749
2.2717	0.096947
-0.635242	-0.313792
1.60011	0.489956
-0.771263	-0.580251
-0.425965	-0.415067
1.20766	0.753927
-0.128296	-0.726387
-0.0710803	-0.26095
-0.482898	0.869495
-0.168059	-0.325633
-0.0125504	0.372173
-1.25199	0.889666
-0.607131	-0.0147516
0.212851	-0.156987
0.697373	0.199325
1.10451	1.40748
-0.505235	-0.936824
-1.12187	-0.367129
1.55645	1.01053
-1.12511	0.104512
1.39219	1.19116
1.71728	1.74414
0.577086	1.17417
3.75176	2.76854
0.453285	-0.186516
5.61186	4.76768
1.33333	-0.960715
-0.256491	0.162508
-0.58583	0.279264
-0.66565	-0.440797
1.70019	1.18494
0.354242	-0.745729
-0.558063	-0.00890315
1.03311	0.686804
-0.687624	0.00043273
-0.144428	0.347923
0.0115228	-0.00803769
-0.894686	-1.61301
0.349854	-0.338039
-0.615048	0.022794
1.20585	1.07196
0.375984	-0.422392
-1.15791	-1.05058
2.18737	3.69491
2.50481	1.48809
-0.222025	0.266743
0.251315	1.14102
-0.453368	-0.824853
0.839982	0.33564
1.40248	-0.36452
2.80288	-0.796238
-0.0325948	-0.447016
-0.131096	0.0672829
0.591913	-0.140194
1.82498	1.10179
0.18175	0.0255191
1.69846	1.136
0.13208	0.00782132
1.94866	2.82239
-0.080182	1.08291
0.593369	0.0594008
-0.0488746	-0.21001
0.705653	1.01328
-0.9051	0.187627
1.53057	1.08624
-0.328559	-1.36448
0.973798	1.04283
-0.216022	0.904039
0.44379	-0.418704
-0.543641	-1.39183
1.39338	1.87589
3.53753	2.25622
0.954324	2.34809
0.435672	3.06084
1.61264	1.65072
0.97837	1.1735
0.381262	-0.862579
0.863791	-0.319104
-0.692064	-0.549806
-1.81412	1.21925
2.94618	1.88736
0.620503	0.350851
-0.563992	-0.256235
-0.627146	-0.698504
0.899359	0.270956
0.583534	-1.27981
1.49514	2.68234
1.83053	1.0853
-0.191718	-0.651816
0.194317	0.78527
-0.426144	0.0592744
4.83011	1.59351
0.199622	1.9595
0.338103	2.88544
3.13446	3.34138
-0.949156	-0.706354
0.990705	-0.30083
1.75138	1.71231
-0.823537	0.514704
-0.875825	-0.949803
0.417467	-0.0226933
0.329534	0.501248
0.880339	0.971406
1.05287	1.94168
0.0975859	-0.742344
0.82215	0.52596
-0.841078	-0.324192
1.5064	3.51267
0.589168	0.501524
0.640812	1.50496
1.11363	3.45462
1.41737	-0.0573307
0.685427	-0.201475
1.03875	1.60332
0.103891	2.77547
1.84976	1.37897
1.91617	-0.217924
-1.40635	-0.75578
2.02773	1.75185
0.941247	0.0955427
0.237757	0.0033772
0.342295	-0.635805
1.27494	0.717466
1.39885	0.701393
4.12549	2.96075
1.0769	2.28853
0.432217	-0.0889623
1.12614	0.866038
0.83974	-0.215073
1.21507	-0.342379
1.52138	1.27379
1.05683	1.229
1.34829	1.53434
0.420817	0.068717
0.25359	0.867034
-0.707327	-0.413938
-0.803617	-1.10036
1.00262	1.19742
0.548105	1.27748
0.0166285	0.94229
-0.145934	-1.14533
2.15758	1.30202
-0.269394	0.703381
0.0120962	1.08059
0.266491	-0.429979
1.38294	1.25503
1.52379	1.1845
0.476284	1.65465
0.796902	0.785255
2.41607	1.71299
-1.18047	-0.756064
0.0567925	-0.278834
-1.06707	-1.1287
0.442343	0.114077
-0.220711	0.276626
2.94275	1.29047
0.389264	0.204589
-0.653374	-0.453433
-0.0285482	-1.08933
-0.718189	0.1603
1.60841	0.805689
0.0190687	0.198531
-1.05592	-0.140126
0.103607	-0.637909
5.28899	3.00913
-0.498137	-0.548881
-0.185499	-1.00304
0.749663	0.869468
-0.734451	0.133115
0.165859	-0.365888
1.20625	0.701431
-0.496192	0.255046
0.168239	-0.34873
0.388255	-0.234669
1.24127	0.137758
-0.24899	-1.25321
1.59371	-0.766434
0.576928	0.484952
0.416018	0.504571
-0.516999	1.20054
-0.076983	-1.07806
4.36919	2.21585
0.23321	-0.307213
0.125699	0.097909
-0.845485	-0.667668
-0.957413	-1.27994
-0.237749	-0.242119
0.257659	0.302824
0.62047	1.2792
3.27481	3.69571
-1.34529	0.0679827
-0.539466	0.0503731
1.10452	0.605762
0.431962	0.724968
-1.13872	-0.880238
0.706589	1.24163
1.54081	0.520252
4.49208	2.39826
-0.573761	0.34416
0.543439	0.0240183
-0.363824	0.453918
0.208502	-0.537494
3.94126	1.02549
0.830873	0.343616
-0.799032	0.405514
-0.0950038	0.421926
1.94902	0.826052
0.322618	0.0034976
-0.571695	-0.180624
0.454499	1.4558
6.77456	4.34142
-0.630597	0.182515
4.28681	5.37574
-0.758479	-0.794883
0.490204	0.979275
-0.441537	-0.748004
2.1176	2.78527
2.0691	3.12642
0.425305	-0.652444
-0.222724	0.65879
3.59698	2.10638
1.15602	1.85241
1.04622	-0.452429
-0.217011	0.144391
-1.24044	-0.620287
1.90153	1.22701
0.0833368	0.440418
0.132263	-0.461512
0.511023	0.482764
3.77631	2.59405
0.108082	-0.830104
0.78477	0.337263
4.39237	2.36773
0.240129	1.03914
-0.204079	-0.0118762
0.793452	2.74356
-0.0121057	0.30723
0.524435	-0.395987
1.14141	1.56414
0.0127745	0.295209
0.427341	0.979017
0.494323	1.03338
-0.346805	0.188304
1.14551	2.5323
2.89631	3.33001
0.850277	1.05735
0.679007	-0.520245
0.802317	1.4817
1.9125	3.43874
-1.49592	-0.278952
0.0552344	1.12084
4.78852	1.44
0.571082	2.37005
0.921234	1.83281
0.851005	1.1994
-0.532317	-0.939621
1.63298	0.73127
0.573261	0.813068
1.13053	-0.15186
4.08849	3.5874
1.11789	1.65694
-0.254239	0.50553
-1.31001	-0.741346
-1.41509	-0.71233
0.585066	0.269345
0.671391	-0.23751
-0.868234	-0.858915
-0.0505155	-0.262977
0.034107	0.144607
-0.0720334	-0.0707567
2.60151	2.6344
-0.60391	0.127721
0.27303	-0.973075
0.382733	-0.0132716
3.02378	3.81344
2.67172	2.33145
0.180836	1.81526
1.32991	0.960896
1.23931	1.04922
-0.371242	-1.07591
-0.531701	0.130436
0.939492	-0.429453
0.13086	-0.187043
-0.489362	-0.261138
-0.890424	-0.719516
1.1025	0.951555
0.490749	-0.521275
4.30256	3.84498
5.65991	4.43354
1.41466	0.392207
0.241743	-0.039162
-1.70906	-0.677478
0.289711	0.452093
-0.0489533	0.0101721
0.582707	0.0633395
-0.319495	0.115027
-0.127389	-0.372863
0.776026	-1.22389
2.6119	1.54439
0.363284	2.07459
0.778089	0.513219
1.79318	0.433381
0.667435	0.461649
0.0842237	0.523175
-1.19374	-0.93734
0.893942	1.87446
-0.551438	-0.325842
-0.103331	2.17733
2.10681	3.41056
0.336511	-0.810601
1.64502	-1.14394
0.403016	0.86628
-1.27127	-1.11811
0.00214458	-0.271487
-0.344309	0.173866
2.28938	2.16605
-0.991653	-0.994516
0.508555	0.992436
2.70206	4.26431
0.555514	0.683621
-0.638784	-0.68899
2.88017	1.92284
0.560353	1.07892
-0.453208	-0.99591
1.44753	0.359869
3.32884	3.74809
1.26371	0.756176
0.265017	-0.116243
0.0567687	0.544534
1.412	-0.205677
0.199616	1.00564
0.560842	0.539271
0.526482	1.99217
1.35734	0.605077
-1.09966	-0.167853
0.596583	0.519817
1.57098	0.78104
0.263475	0.321892
0.426025	0.814503
0.299546	0.0351202
0.655757	0.522223
3.1677	0.860025
2.0318	4.21748
2.16123	2.7196
-0.561031	-0.388296
-0.649104	-0.511643
0.157032	-0.116589
0.54765	-0.470085
0.691084	0.781901
1.44994	1.59058
1.81111	2.46293
1.412	2.93156
2.18642	1.15859
2.70921	3.39532
1.13711	2.37822
3.35827	2.87511
-1.41721	0.52806
0.122738	1.42273
-0.407763	-0.666672
-0.147673	0.227226
1.08836	0.842522
0.899075	5.6318
-0.621623	0.813605
1.87739	1.55124
0.771706	0.609607
1.08235	0.149384
-0.527923	-0.586587
-0.0854516	-0.663993
0.336239	0.0135255
-0.293657	-0.369881
0.530832	1.3261
0.107255	-1.09108
1.36117	-0.0988978
0.401688	0.271764
-0.401744	-0.269555
-0.52792	-0.755755
1.76082	0.715336
-0.191718	-0.373883
1.3934	1.67536
-0.132582	-0.354165
1.0895	0.0914633
-0.931888	1.11024
3.99012	6.55343
2.75592	0.683244
0.153767	-0.70645
0.547789	3.0311
-0.849688	-0.634091
-0.636935	-0.0785017
-0.953105	-0.577167
1.36255	1.65712
0.586705	-0.481624
0.288578	-0.296188
2.26282	2.00335
0.398741	0.757363
1.43328	1.15808
2.62751	0.79067
0.395399	-1.01174
1.34804	0.79879
-0.0589716	0.887705
0.816122	0.410334
1.8393	0.199913
-1.03059	-0.729013
-0.671639	-0.00542283
0.444238	-0.25391
-0.836909	0.651534
0.12632	-0.567824
0.921214	1.44172
2.03051	0.11489
-0.341871	-0.247238
-0.684287	-0.622289
-0.325289	-0.623497
1.88908	0.772742
0.504085	0.703795
-0.134379	-0.678172
-0.469136	-0.351544
2.50547	1.12442
-0.19246	-0.490872
-0.363168	-0.541745
1.2172	0.147597
1.99075	1.90588
3.22482	0.645218
0.543575	1.44618
2.07812	3.44062
0.485291	-0.0129402
0.0749815	0.0751412
0.13626	1.27783
3.81599	2.30276
-0.838447	-0.240317
0.315417	0.9403
-0.287486	0.738868
-0.86692	-1.1167
0.0886166	-0.1237
-0.598598	-1.31405
2.36835	1.48335
-1.10826	-0.755831
0.783759	0.352614
0.514543	1.26339
0.0262606	0.508697
-0.443559	-0.636359
-0.674509	-0.31278
-0.17163	-0.399333
0.703245	0.643872
0.268089	3.9565
4.77603	6.09836
0.788581	0.027386
-0.906562	-0.401368
1.6841	1.94752
-0.259284	-0.795682
0.723852	-0.3198
-1.06455	-0.127006
-0.707198	0.00572205
4.8344	4.46916
1.21651	1.56232
1.69676	1.17096
0.853878	-0.428742
0.71623	1.10909
1.6485	1.64222
0.936686	1.1012
1.02213	1.45278
0.130479	0.158046
0.262281	0.307286
0.451345	0.364611
-1.56755	-1.57489
3.25817	4.05498
1.77171	-0.355875
-1.10611	-0.176187
-0.191121	-0.658364
-0.0383061	0.33275
1.60145	-0.755619
-0.998736	-1.14659
0.653248	-0.546455
0.346391	0.244697
-0.789516	-0.382944
5.52512	6.11841
0.329595	0.56409
-0.818391	-0.421547
-0.413348	1.14597
-1.20378	-0.116683
-0.39412	0.0270021
3.98492	3.19358
1.05384	2.19156
3.21207	2.34904
0.556611	-0.206968
2.09364	1.76239
3.0953	1.4648
0.614253	0.859729
0.272017	2.68946
-1.42293	-0.626541
1.9813	0.953312
-0.533165	-0.221257
0.218419	0.629261
0.782384	0.0281072
-0.276555	-0.680603
0.227883	-0.478519
1.41199	2.77037
0.461016	-0.233657
0.148782	1.07642
0.0898361	0.272443
-1.0026	-1.28476
-1.45361	-0.516423
1.12896	0.833428
-0.540249	-1.45664
-1.17223	-0.0312477
1.17836	0.738194
0.114828	-0.212464
-0.477051	-0.623472
-0.208991	0.0112665
0.607928	-1.02663
0.140927	1.67222
0.566094	2.84292
0.920219	1.10098
-0.255253	0.433506
0.740064	2.21748
-0.274166	-0.876834
-0.074361	0.30929
0.315429	4.30015
0.0562632	-0.0449532
1.02594	1.31135
1.36834	1.336
0.836467	-0.0296426
0.252151	0.963247
-0.323424	0.464027
-0.670974	-1.31135
1.99296	2.40628
2.00681	1.27633
-0.5088	-0.371411
-0.0962532	1.17964
-0.364593	0.0191605
0.308911	0.538085
4.38123	5.48394
-1.13634	0.0933886
3.13494	2.48409
0.011847	2.5646
0.191792	0.75507
-0.0178665	-0.747955
-0.103458	1.28218
-0.58975	-0.00579894
-0.649772	0.15878
0.990808	1.19054
2.01644	2.89278
-1.37597	-0.223592
4.4475	1.11925
0.978718	1.40114
-1.23792	-0.918097
2.09535	3.13144
3.17984	4.44079
-0.677264	-0.62624
0.608243	0.894518
0.929543	2.33532
0.558847	0.573016
-0.112058	-1.13304
2.90471	3.57528
0.962061	-0.196003
1.58021	1.8302
-0.781818	-0.451407
1.40282	0.763036
3.24049	3.43233
-0.507391	-0.889074
3.59681	2.48235
0.118974	0.356132
-0.660167	-0.216478
-0.046078	-0.0131261
0.341201	-0.493483
0.976294	-0.715865
-0.180257	0.365101
2.01886	2.5291
-0.0602204	0.279523
0.100911	0.482948
2.8692	3.64495
-0.0295967	-0.386685
0.652707	2.18526
0.721188	1.14673
-0.577824	0.625955
0.159237	-0.674952
-0.159437	0.108386
0.696781	1.13862
0.148466	-0.467172
0.818775	0.696675
2.17135	2.32903
0.243242	-0.364754
1.29136	1.20481
0.0107265	0.176589
-0.373227	0.460043
-0.169746	0.121597
1.22603	2.10714
-0.336179	0.802493
0.432465	0.678577
-0.209702	-0.268202
0.983313	1.80864
0.614125	-0.123152
-0.97883	1.76534
1.60415	3.10915
3.61637	3.92653
-0.119364	0.850316
1.70651	1.36416
0.525993	1.06367
0.329257	-0.957898
-0.183967	-0.364338
-1.10623	-1.17491
0.0595415	-0.373759
0.586128	0.41822
0.255038	0.495534
-0.877227	-0.150967
1.57249	2.79602
1.65752	0.812203
0.182363	0.657839
4.02563	4.18108
1.05688	0.64449
1.98101	2.07114
-0.846384	-0.175461
0.00188828	1.42035
-0.7284	0.428134
1.31277	0.989056
-0.114661	-0.884234
0.333517	1.67114
0.885582	1.00106
-1.11674	-0.162978
1.76262	-0.204087
0.539441	-0.228185
0.484245	-0.338589
-1.38288	0.555657
-0.149049	0.750557
-0.828726	-0.0450754
-0.647591	0.209119
1.29379	0.431535
-0.394265	-0.832394
0.57843	0.802394
3.37347	3.05688
-0.592008	-0.466555
-0.863857	-0.852723
0.178401	-0.690867
0.628649	0.219489
-0.449985	-0.83985
-1.08029	0.0189996
0.303919	-0.453504
-0.0260854	-1.20862
0.507898	0.542796
0.247327	0.261334
0.0288069	0.407587
-1.07774	-0.391629
0.0516117	-0.284147
3.353	-0.0415725
3.43449	3.12544
0.94288	-0.146856
-1.27126	0.0991333
-0.298235	-0.728961
-0.0708741	-0.314679
-0.303223	0.750667
5.33293	4.74465
4.73572	0.0986969
0.453269	-0.0642443
-0.967726	-1.48041
1.4212	0.327094
2.65014	0.279164
1.34384	-0.0953943
-0.235783	1.16174
-0.996726	-0.712846
-1.51471	-0.962586
0.189818	0.336879
1.50362	0.503664
-0.304125	-0.299771
-0.943288	2.16571
-0.56853	-0.67158
0.460755	0.866272
1.69777	2.46283
-0.405893	-0.326689
1.39626	0.53898
2.02904	1.43234
0.997039	0.563626
0.612007	2.05627
0.964839	1.8927
1.30937	1.88061
-1.18213	-1.21708
-0.450199	-0.543649
0.852841	1.88405
-0.0902236	-0.921764
6.9037	5.0816
2.23277	3.5825
1.77598	0.528978
3.89596	2.68475
1.43953	1.33124
-0.62474	1.55265
2.84197	1.72931
0.216714	2.87389
0.27475	0.282631
0.534574	1.54179
-0.21581	0.867764
-0.21059	0.717832
1.19092	2.15486
-0.0247502	0.852926
-1.3123	-1.06772
0.814168	-0.305255
0.104897	-0.89393
-0.199664	0.645913
-0.198858	-1.07375
-1.62653	-0.369049
1.59634	0.279298
-1.0382	-1.09658
2.04902	2.11682
0.36171	1.28076
1.10936	0.705588
0.507839	0.196781
-0.826314	-1.12225
1.12878	-0.46079
-0.939897	-0.332594
-0.640751	-0.279649
-0.582631	0.480019
0.0934577	-0.387328
2.55071	1.90412
0.583073	1.44378
-0.126569	-0.0929457
-0.11461	-0.190213
-0.206128	0.383999
1.02317	-0.10774
1.79401	0.412042
-0.247934	-1.11126
3.93701	4.65467
0.268935	0.152165
-0.529521	-0.41724
0.423741	2.12167
3.56723	3.08627
-0.464397	0.369096
-0.820742	-0.756384
2.73	3.03193
-0.0985116	-0.618752
5.30275	6.14101
1.99997	0.589046
1.89489	0.384403
-0.66054	-0.61703
0.234753	0.337124
-1.34663	-0.747287
0.0442791	0.346932
1.93196	1.46225
-0.29242	0.895391
-0.681756	0.33958
-1.18124	-0.610195
-0.566223	-0.849546
-1.11033	-1.38735
-0.575837	-1.49296
2.18258	1.50326
-0.775975	-0.581377
0.0819564	0.339953
0.0951684	-0.521336
1.13542	-0.057705
0.811743	0.748299
-0.932499	-0.642352
-0.0541455	0.089047
0.937591	3.62644
0.248532	0.405376
0.906647	0.840664
2.30535	0.635897
1.22317	-0.547666
0.823458	-0.00229597
-0.116444	-0.52123
-0.235643	-1.02416
-1.69848	-0.369331
0.498688	-0.326313
-0.0960386	0.935956
0.240641	-0.741293
0.394659	2.23644
-0.746921	-0.412226
-0.173101	-0.730308
1.09451	-0.24477
-0.430439	-0.526886
1.0002	-0.255513
2.16975	-0.215504
0.273367	0.250686
1.06649	-0.103013
0.960519	0.971202
0.114672	-0.0437725
-0.355316	-0.640387
2.57858	3.06612
-0.457711	0.818454
-1.06058	-1.10231
0.077641	-0.200272
3.52076	1.13265
-0.823147	-1.33826
3.71217	4.0048
-1.0219	-0.647929
0.968016	2.34215
2.40143	2.15034
1.27979	1.04334
0.721773	0.0609684
4.27628	4.65362
2.83145	2.39412
-0.724796	-0.249974
0.13085	0.289234
1.49516	2.07191
2.98954	2.8367
0.743779	1.12557
-0.181525	0.0903773
-1.14673	-0.273049
0.759811	1.24383
1.3936	1.62171
3.04767	2.71077
1.65667	2.71138
-0.0260365	0.1266
-0.389936	-1.14673
-1.18065	-0.638834
0.784657	1.21727
1.8615	1.0131
-1.31247	-1.14855
0.585141	1.62928
2.48305	2.34305
1.44591	1.10155
1.11188	1.42189
2.57836	3.28672
-0.591871	-0.315988
-0.463364	-0.0334013
0.733109	0.362878
0.281169	0.957643
-0.205117	1.43787
-0.0440353	0.567025
-1.09885	0.233895
0.560851	0.815989
1.32514	0.729425
0.249734	1.12931
1.35197	2.05153
-0.498239	-0.871554
0.950505	1.26439
0.416683	0.0486326
-0.101784	-1.11364
1.00367	0.960968
1.05679	2.09378
2.55062	1.67457
-1.07486	-1.23824
1.66041	1.50422
-1.02952	-1.20664
1.13924	-1.22729
-0.940647	1.50677
0.933269	0.241705
-0.182404	-0.787364
4.11546	2.8839
0.595915	1.20556
0.884422	-0.674279
1.70472	0.761464
0.115029	0.767126
-0.849882	-0.887312
1.257	2.02235
1.78755	0.402083
0.852306	2.12855
0.880605	0.949682
-0.393289	-0.3902
-0.352169	-0.701407
1.68658	3.69341
-0.112087	-0.469866
2.69416	0.527246
1.46217	1.41592
1.44073	1.53375
0.463103	0.600196
2.76598	2.12558
-0.556529	0.153867
-0.174038	0.288196
-0.0275958	-0.258881
0.686162	0.19379
-1.45043	-1.561
0.0545907	-0.693104
0.112511	1.0222
-0.134099	0.102494
1.4391	0.139887
1.33229	1.92951
1.3169	1.75344
0.60295	-0.571322
0.938171	0.95576
-0.235162	-1.33366
-1.60912	-0.830123
-0.710235	-0.0594705
-0.66695	-0.798431
0.089134	-0.764729
3.0651	1.39111
-0.074299	-0.323327
-0.162845	-0.653086
-0.752723	-1.04031
-1.19581	-1.28079
0.521097	1.23258
-0.28868	0.911971
1.65758	3.15847
-0.608029	-0.245073
0.951723	0.873095
1.26375	0.799105
0.938497	0.409
4.9548	4.07011
-1.06566	-0.682756
-0.296476	3.33116
2.09252	1.32463
0.747859	1.53244
0.946033	1.1542
-0.246717	0.680691
0.20314	0.243243
5.29648	5.69408
1.11251	1.47994
1.35798	0.371172
0.616418	0.203202
0.26915	1.4806
-0.22189	-1.0306
1.19872	1.05627
-0.571205	0.33129
-0.188512	-0.835456
-0.140434	0.984519
-1.0659	-0.773084
-0.147153	-0.0681895
1.04928	2.37953
-0.746677	0.293584
-0.649614	0.167361
0.462929	0.268581
0.118746	0.558424
0.877656	-0.0487047
1.93739	1.29723
-0.594077	-0.37405
0.0281787	3.14859
-0.267918	-0.14397
1.58252	1.04799
1.46863	1.80954
-0.468957	-0.865206
1.34726	-0.539433
-0.252451	-0.737563
-0.0217408	-0.312409
-0.655739	-1.30041
1.45563	1.19108
-0.955932	-0.798786
-0.00738621	0.428249
2.14393	3.36612
-0.75887	0.0244951
0.56826	2.71449
1.43579	1.20485
0.615021	0.948339
-0.250629	-0.207989
1.05698	1.59482
4.59249	4.18464
1.01318	1.87088
1.58549	0.826278
2.24206	2.59694
-0.493684	-0.613697
0.210745	1.29812
1.20391	0.564523
0.592021	0.586808
-0.0138158	1.00602
-1.81783	-1.12959
-0.857198	-0.469444
2.81047	2.18724
2.49582	1.81872
0.497408	0.739601
-0.322159	-0.426332
0.789467	-0.109451
0.0554287	-0.201681
-0.933691	-0.389474
0.209463	-0.182152
0.601376	1.35726
-0.50743	-0.37725
0.136486	1.39213
1.49983	5.23289
0.219048	1.5544
0.744927	1.22281
-0.403148	-0.357757
4.58361	3.01231
1.45661	0.257162
-0.326014	-0.342332
2.66947	2.34389
0.759845	0.395834
-0.477911	0.386169
2.96611	4.26282
2.53276	1.92208
2.26706	1.73251
1.35532	1.1201
0.633531	-0.560972
-0.143727	-0.873339
1.2806	1.12247
1.10124	1.67321
-0.210312	-1.10039
0.0874376	1.04857
0.99825	-0.658857
6.55814	8.52459
2.59105	1.05996
2.57626	1.53509
1.1003	0.79792
1.88535	2.66178
0.689451	0.375671
-0.762319	-0.249529
-0.793977	0.0736654
0.042181	0.124326
-1.11937	-0.217094
-0.569127	-0.155585
-0.909626	-0.113649
1.25959	0.0987196
4.45844	4.52667
1.60345	1.31435
1.38862	2.04544
2.42758	1.37657
0.770938	3.33622
3.21783	4.08271
-0.0728142	-0.333011
1.77694	1.33944
-0.175413	0.217162
-0.821962	0.108318
-1.26395	-0.434355
2.25531	0.423809
0.0868499	0.219115
5.16458	5.33935
1.21078	2.52667
2.89184	1.01089
0.210068	0.600125
1.07038	1.09269
1.99378	0.745046
-0.402943	-0.330509
-0.408765	-1.12291
0.545566	1.04154
-0.761046	-0.138069
5.93153	6.43319
0.686456	-0.545676
0.745581	-0.720049
0.610198	0.0306726
0.0599456	-0.164877
-1.42293	-0.459586
0.172596	-0.471213
1.9097	1.39608
-0.895923	-1.5766
-0.137491	0.421462
-0.543635	-0.507489
0.0269985	-0.224298
0.167272	-0.457389
-0.308387	-0.212134
-0.599046	-1.27992
2.84878	3.84126
0.351083	-0.659628
-0.0896007	-0.8267
0.307659	1.47272
0.753268	0.741554
0.153954	1.36718
-0.356541	-0.207588
0.286289	-0.515775
1.65175	1.28121
-0.0430632	-0.924146
-0.652352	-0.707956
-1.10866	-0.323082
-0.165467	-0.115195
1.781	1.24114
-0.869768	-0.779579
1.97177	1.55795
-0.817931	-1.57037
0.663767	0.238699
2.78587	2.53629
1.24891	1.42584
4.73962	5.13341
1.44747	1.06959
2.74003	1.09324
4.76768	7.33354
-0.0139356	-1.12749
0.809844	2.28827
0.691864	-0.236443
3.37902	3.90167
2.57961	2.17779
-0.79698	-1.07887
-1.26463	-0.443208
0.214602	2.33544
-0.37149	-0.716903
4.94806	4.71306
-1.09221	-0.837069
0.0874531	-0.348948
-0.892279	-1.07865
0.24116	0.0532532
0.352515	1.11983
3.01866	2.74492
0.0686944	0.0167692
2.74523	1.24183
-0.79716	-0.076685
-1.80827	0.752678
1.30086	1.56514
0.557697	1.79101
0.49487	0.654606
-0.678679	-0.602433
-0.267709	-1.29255
-0.255685	-0.0042659
0.138228	0.512997
-0.0929379	-0.417384
-0.250425	-0.82528
1.96613	0.901748
1.77908	1.74855
4.19159	4.46604
-0.193654	-0.446591
0.0716102	0.525985
-1.21125	-0.360059
-0.566792	-0.576281
2.17531	2.16242
-0.43555	0.0227058
2.61935	1.5181
-0.338413	-0.664649
-0.386039	-0.575545
-0.0242507	0.229019
-0.289559	0.382143
-1.00112	-0.746439
-1.04902	-0.461558
-0.026781	-0.592504
2.1656	1.6949
-0.152805	0.453249
0.141242	-0.75263
0.6408	-0.329207
-0.179488	0.350509
5.36629	3.84944
-0.218874	1.11138
1.32337	0.95041
2.60046	0.436374
0.704725	2.60696
0.0926721	1.16124
1.86658	1.23842
-0.849247	-0.796396
3.82547	2.49258
-0.833222	-0.38594
-1.08716	-0.746437
0.0976956	0.13296
0.535891	0.713727
1.60025	0.564457
-1.16064	-1.5731
1.31975	0.464249
1.45285	0.576719
-0.450459	-1.12266
0.685418	-0.468545
1.39817	1.25729
0.0688398	-0.324846
0.249919	-0.281615
0.483202	1.27608
-0.235513	-0.771454
0.388767	0.218227
-0.483298	-1.15461
-0.363564	-0.126641
1.91776	1.0472
-0.194865	-1.07119
1.56976	3.17006
2.3896	1.65785
2.69129	0.91815
0.268521	0.454235
-1.02697	-1.14067
1.1607	1.43644
0.782491	0.97528
-1.77169	-0.849232
1.42355	1.68761
0.307522	0.122287
0.773864	0.463463
0.983163	1.40487
1.26261	0.544529
0.798959	1.11007
-0.326158	-0.0891995
-0.031122	0.474604
0.875312	0.748585
0.352906	0.922593
0.832822	1.34851
-0.39461	-0.581166
-0.164033	0.384713
0.185657	-0.943273
-0.867767	-0.935465
1.93905	2.71055
-0.457249	-0.827534
-1.24991	-0.832264
-0.538555	-0.50898
2.43777	0.796139
0.193022	0.465791
-1.13389	-0.0674659
0.560573	0.677129
-0.530998	-1.52084
-0.0201225	-1.24949
-0.86331	-0.600582
-0.622831	-0.961657
-0.18872	-1.21322
0.383871	-0.962304
0.616541	0.512018
1.74293	0.829711
-0.776983	-0.0668395
0.140669	0.613219
3.45224	3.59451
2.7328	3.44958
1.30061	2.2194
-0.570159	-0.197499
-0.353618	-0.584704
5.14996	5.36267
1.49913	0.893548
0.00101089	0.0114381
1.0025	1.47838
0.20143	0.784937
1.40198	1.67931
-0.472247	-0.415155
-0.395113	0.733879
-0.00554502	1.98694
0.464324	2.52174
-0.301871	0.998433
-0.682938	-0.885042
0.59618	0.153229
-1.11132	-1.55245
1.21694	0.321978
0.122834	-0.19895
-0.391425	-0.831202
4.41539	0.117985
-0.368404	-0.664238
-0.731403	-1.46791
2.33501	2.36308
1.85893	3.69497
2.25373	3.18308
2.38809	0.00393867
-0.108867	0.689453
2.10405	-0.235599
1.90366	1.19766
0.146785	0.0807273
1.53519	-0.17524
1.7911	2.87742
-0.0757116	0.180602
-0.83369	-0.247688
0.392401	-0.398375
0.0151885	-0.0720894
-0.017994	-0.317518
5.88427	6.45279
1.92728	2.97124
-0.822342	3.72145
-0.755163	-0.482831
-0.312302	-0.220154
1.74746	-0.114878
0.12316	-0.987248
0.805937	1.29821
0.282428	-0.286765
-1.08297	-0.279779
0.537162	0.587614
-0.11332	0.777158
0.349586	0.560249
3.502	2.60667
-0.0781578	-0.585291
-0.923283	-1.37304
1.44808	1.48921
0.825784	-0.200219
0.581765	0.702754
1.89206	2.02105
0.168254	-0.573939
0.278745	1.09903
0.302505	0.491636
0.0978339	0.225681
0.289297	0.0640702
3.45469	1.63769
-0.169151	0.45948
2.20417	1.56484
0.465575	-0.342717
-0.579984	0.418564
-1.07989	-0.298424
0.356606	0.323577
0.904851	1.80035
-0.0288069	0.187193
-0.226448	-0.141457
0.48435	-0.250268
0.480825	0.515836
0.310643	-0.929443
1.31467	1.93284
0.0971043	0.116688
0.243694	0.354713
-1.5545	-0.895165
3.25065	3.52348
7.02626	4.38763
1.79584	2.01554
0.874153	1.57346
0.915639	1.86505
4.43986	4.09163
-1.30288	1.53537
2.39329	1.15004
6.91851	6.99528
2.32394	1.65287
1.24302	2.39504
1.39541	0.442772
1.0566	1.50955
0.232562	0.228983
1.53838	0.966984
-0.162525	-0.189472
-0.397289	-0.723789
2.41169	2.34652
1.15778	0.0572073
0.133327	0.53534
-0.935615	-1.26934
-0.704845	0.394613
2.40453	2.61913
1.10655	0.189826
-0.0122559	-0.526491
-1.37076	-0.39994
0.657969	-0.883537
-0.00693619	0.018487
2.14181	1.51996
-0.211185	0.121787
1.05721	1.9383
0.213137	0.196571
-0.977387	-1.38756
1.76088	1.33618
0.0571716	-1.102
5.00423	4.66322
-0.752403	5.35049
-1.0714	-0.778644
-1.73674	-0.921214
-0.448048	-0.509828
-0.4976	-0.572762
2.56019	-0.205054
-0.324916	-0.241773
-0.628617	-0.565175
0.297962	0.147169
-0.0634116	-0.821368
1.27745	0.783371
1.05593	0.337449
-0.649173	-0.44102
0.846045	0.628484
0.28254	0.830041
0.6671	0.137942
-1.12492	0.358428
0.77991	0.654736
-0.565949	-0.0803578
1.74801	1.64857
-0.385573	0.0953746
1.02211	2.47789
-0.230438	0.193396
-0.626118	-0.445333
2.05421	2.66164
1.45955	0.242988
1.232	2.71297
-0.886738	-0.538796
-0.596698	-0.476719
1.50541	1.52539
-0.399534	-0.0727391
0.779026	0.21713
3.95338	3.35415
3.95893	3.66266
1.08691	1.23492
-0.0205642	0.550236
-0.835576	0.402493
-0.810333	-1.08595
0.616367	0.408677
-0.1027	0.776677
-0.346958	-0.29829
2.39091	0.178437
-0.143358	0.280749
-0.0974387	0.511769
-0.680518	-0.0499123
0.79926	0.861173
0.658869	-0.322961
0.229149	0.382036
0.714037	1.31031
-0.619218	-0.883388
2.22099	1.84513
1.47097	1.77289
-0.842291	-1.03757
2.10551	2.95714
2.75843	2.2423
1.84851	0.622442
0.218987	0.0129306
1.49713	2.59604
5.45656	4.06812
-0.599614	-0.0184035
0.342764	1.7059
-0.349877	-1.26133
-1.69849	-0.102977
2.03042	1.6921
1.39726	0.702192
0.563395	0.464114
0.767652	0.689709
1.19181	2.16808
1.7412	1.57047
0.45343	-0.230274
-0.547476	0.153005
-0.710306	0.428454
0.550267	1.37243
2.8927	1.87384
1.33628	-0.502091
0.608915	0.784112
0.0770259	-0.161085
-0.0623119	1.31348
-0.288877	-1.26085
-0.195527	1.78579
1.89013	1.34498
1.04205	1.68149
-0.353059	-1.01098
-0.0597459	-0.13163
1.04448	2.00914
-1.51883	-1.14097
2.2518	0.886692
-1.30687	-0.959123
1.98557	2.52708
-0.0796133	-1.02719
-0.452251	-0.126215
0.155873	0.394889
1.49937	2.55395
-0.347301	-0.671855
-0.395142	-0.408596
0.429723	2.97874
-1.37727	-0.433009
0.97082	0.252877
4.55596	5.34697
3.42871	2.33053
0.813504	1.32598
0.357013	0.509661
-0.0573653	0.93663
0.00348926	1.61229
0.984417	1.16092
-0.44242	-0.303157
0.974876	0.387197
1.07686	0.874093
-0.335119	0.24045
3.83154	0.482749
5.09847	5.18739
-0.952316	0.143298
1.51183	2.69173
1.26272	0.507339
0.74301	-0.540217
-1.16507	-1.54433
-0.725707	-0.342385
-0.30423	-0.295332
3.99864	5.09836
-0.503493	0.315996
1.57541	1.54036
0.574571	0.204071
0.621204	1.528
-0.594296	-0.15242
1.80451	0.868918
1.21497	1.39963
-0.342594	-0.960011
-0.624446	-0.658108
1.8542	1.05608
4.31651	1.78225
0.705614	-0.753876
-0.727209	-0.359156
-1.27696	-0.492879
0.185372	-0.51774
4.17819	3.63222
0.90104	0.771043
1.36811	2.53168
1.60188	-1.05536
0.748942	1.0753
-0.345051	-0.00283897
-0.407124	-0.627116
1.04455	-0.726796
-0.747217	-1.02298
0.997212	0.328158
1.38338	-0.318661
0.62835	0.978087
-0.147417	-0.298566
-0.00476956	1.88827
2.71699	1.92716
0.556086	0.512233
0.989941	0.483611
-0.122865	1.6015
1.46094	1.14484
-1.26316	-0.754231
2.95563	2.81694
2.42067	2.05449
0.616691	0.450189
-0.566221	-0.150241
1.77124	1.18411
0.221663	0.433881
-0.137851	0.0212765
0.113091	-0.190464
1.00205	1.60794
1.15639	0.893838
2.12329	3.15211
-0.41899	-0.212902
-0.655072	-0.273694
0.699925	0.184374
0.936983	1.45249
-0.718918	0.842004
0.973802	2.00885
0.308485	0.394528
-1.3107	-0.96131
0.0468409	-0.220076
0.0611377	-0.356369
1.56733	1.59587
-0.0968665	1.23865
-0.490293	-0.34477
4.58636	3.21358
0.284344	1.11778
-0.354974	-0.72832
0.92929	0.397067
-1.00128	-1.32465
-0.403481	-0.0634861
-1.09554	-0.997839
-0.296629	-0.931713
0.903509	1.32808
-0.0608659	1.33802
0.321937	-0.686896
1.00247	0.650918
-0.354922	0.43225
0.295923	2.14148
0.366356	1.15191
-0.625709	0.528284
2.50588	1.23394
0.58041	0.478926
1.16437	1.14301
-0.0632572	-0.334684
1.63901	2.60469
1.781	1.66502
-0.322608	1.18704
1.32753	2.56132
-1.45013	-0.649975
-0.900841	-0.970218
0.230801	-1.52438
-0.573393	0.169742
-0.395822	0.0928152
0.49042	-0.429125
0.0976455	1.13813
-0.64708	-0.812591
0.791603	-0.917607
0.295559	2.75942
1.55625	0.881732
-0.588662	0.682019
-0.532062	0.482042
0.920838	0.638314
2.40408	-0.382824
0.431207	0.00210762
1.45491	1.23964
2.62419	4.59444
0.545691	0.0614333
-0.153335	-0.406199
0.0292695	0.306326
-0.834217	-0.205242
1.32704	1.3226
0.377843	0.194962
3.49171	3.63922
-0.0657302	-0.0197005
0.597477	2.42679
0.640609	0.814985
2.58969	3.38809
1.28967	1.21334
-0.569115	0.867053
0.847183	0.720888
0.425482	0.752962
0.366194	1.93256
-0.978902	-1.12281
2.39855	0.558352
1.142	-0.41163
-1.07069	-0.771076
1.39353	1.22308
1.32931	1.44236
-0.145239	-0.0397938
-0.893077	-1.16606
0.580381	-0.710163
3.49678	3.11795
-1.63318	-0.889304
5.38302	5.58337
-0.349064	0.265779
-0.0598818	0.363678
2.41162	1.20457
0.126855	0.164486
2.40266	2.89016
-1.20613	-0.558926
-0.297592	-0.146091
-0.0183153	0.737522
0.224777	0.00652671
-0.379063	-0.32541
0.3359	-0.569553
0.494791	-0.146235
0.542068	-0.134728
-0.68023	-0.595267
-0.964255	0.0330102
0.919901	0.477989
0.810937	1.82556
-0.902813	-1.14313
-0.248812	-0.68515
0.576015	0.679042
-0.470176	-1.41196
-0.522316	-1.00667
1.06264	3.4861
-0.617496	-1.17577
0.623504	-0.337585
-0.178303	-0.10891
-0.616493	0.743533
4.71821	3.34378
1.44025	0.305996
-0.869063	-1.01631
-1.30333	-0.647734
4.2672	5.35258
6.33348	5.63143
1.63599	1.96045
0.381054	1.49701
2.49805	1.9629
-0.227605	-1.10311
2.40022	1.40481
0.998331	-0.25853
0.157393	0.472299
0.488361	-0.661032
1.58671	1.93029
0.612454	1.30116
-0.480597	1.08183
-0.112159	1.86539
2.8377	0.85242
0.907115	1.54881
0.258451	-0.874466
-0.807895	-0.431965
0.118142	1.90592
2.56802	3.63304
0.191287	0.969718
-0.241796	-1.49249
0.449053	-0.0874263
1.83024	4.42013
0.966164	0.916951
-0.268382	0.60133
-0.317432	-0.0879776
0.483797	2.66078
0.346262	-0.450174
0.218087	0.274091
0.173596	0.626572
2.63264	4.49631
1.15563	1.13787
-0.743199	-0.77447
1.03053	0.788577
-0.76597	-0.874641
-0.582932	-1.14521
3.8865	3.64137
0.547823	0.689189
0.0556755	0.0365698
-0.0265753	-0.0835782
0.121552	0.42308
0.356951	0.234373
0.0229752	-1.3
-0.69685	-1.52254
-0.130992	0.617996
-0.324209	-0.166782
3.02536	2.42042
-0.586782	-0.255221
1.02374	0.9983
-0.26075	2.97033
-0.0271344	-0.863504
0.212768	0.398234
-0.255641	-0.487143
0.903149	1.23576
1.56413	-0.929937
0.472841	0.505716
-0.579646	0.122691
0.963893	0.926843
-1.14176	-0.75046
0.277871	0.714928
1.97117	2.39607
-0.740221	-1.28808
1.11983	1.94251
0.586637	1.18947
0.356803	-0.524561
-0.0478947	-0.614848
-0.293756	-0.59977
0.400699	0.65989
0.399828	1.51416
1.02897	0.701768
1.71986	1.32134
2.38192	0.441229
1.23038	0.540022
3.78205	2.35328
0.78451	1.11219
-0.102283	1.43384
0.0998402	-0.104616
0.778927	2.30361
-0.0101674	-0.0210035
-0.0225246	-0.370902
1.11665	1.74276
-0.0238937	0.114564
0.551342	0.330969
0.169108	1.46941
0.840032	0.519049
4.37471	2.1702
0.257027	-0.152018
-1.061	-0.426773
1.63977	0.923377
0.310677	0.547061
1.68312	2.25469
1.33022	0.596092
-1.32852	-1.06968
-0.306908	-0.356829
-0.475506	-1.26744
-1.1612	-1.08049
3.24299	3.15156
4.3214	2.41733
-0.213117	-0.631006
-0.20173	0.482244
-0.799587	-0.782459
-0.0987279	-0.898319
1.12171	1.65969
-0.0732517	-0.864726
-0.181539	0.132415
0.586228	0.241131
-0.413938	0.362934
-0.114257	2.53859
1.08925	1.10735
0.642337	1.14842
-0.382028	0.0396824
-0.145937	-0.629203
0.155981	0.697678
0.578336	-1.02376
1.98599	2.18919
0.435798	3.23655
1.93206	1.17007
0.269623	-0.396087
0.173072	-0.947431
0.0750613	-0.27944
0.00918269	-1.06679
-1.12825	-0.36781
0.2846	0.695782
0.0721276	1.88699
-0.181717	0.941234
0.48239	2.61822
-0.0653386	0.0848269
0.756134	0.640249
0.963246	0.445291
-0.0100946	0.312108
3.24042	2.26167
1.38724	1.8099
2.10346	-0.408372
-0.55141	-0.968383
2.25111	-0.871388
-0.0772971	1.17342
0.255188	0.925761
1.49663	0.660748
1.77097	1.05402
0.129209	-0.654196
-0.496556	-0.859794
0.942072	0.612216
-0.000869632	0.29233
0.503482	0.0235498
1.00946	-0.330968
4.63939	4.03705
-0.363075	-0.56232
1.76808	1.72517
-0.116399	0.53394
0.755708	0.00575304
-0.424608	0.0232017
-0.769269	-0.779513
1.84525	1.90574
0.483924	-0.222685
0.327514	1.03947
0.691351	0.0617909
-0.751076	0.728638
-0.924144	0.900763
-0.369274	-0.134935
0.487999	0.469582
-0.319903	-0.0820285
-0.912043	0.30131
0.920292	0.968397
-0.547978	0.64266
1.6997	0.178927
4.46881	4.87531
0.386171	-0.238296
0.375609	0.266893
0.642245	0.715744
0.986358	1.67317
0.289531	0.0533271
0.05476	0.227066
0.257332	-0.0929248
1.10574	0.900695
3.73344	5.16173
4.51959	1.11877
1.39464	3.64351
-1.75177	-0.491998
-0.39822	-1.10245
0.90827	1.79972
-0.724123	-0.375907
-0.718241	-0.373495
-0.113974	1.60171
0.489683	2.52704
1.97814	2.755
1.60384	1.25361
1.28267	0.800477
-0.376561	-0.459368
-0.546866	0.0994778
0.0651348	0.325651
1.9587	1.29214
0.029304	-0.0854808
0.671941	0.723226
0.138036	-0.366604
0.226835	0.0851977
1.17417	0.480145
-0.765929	-0.717397
1.76626	1.11457
0.640131	0.907493
-0.459448	-0.212836
1.11127	0.346211
-0.0587064	-0.869671
0.981935	1.84329
0.671219	-0.0373703
-0.796266	0.153623
2.06505	1.14313
0.999571	0.126827
-0.342005	4.21153
-1.72615	-1.04609
0.731297	2.49061
0.510535	-0.288479
-0.434888	-0.401873
-1.22868	0.297159
0.687435	2.4297
0.163683	1.25395
1.41817	0.0730491
3.85246	1.65033
3.91031	3.19523
0.153816	0.308723
2.0059	3.03295
0.041461	0.513635
0.545945	0.728116
-0.13586	-0.759757
-0.0622022	0.930113
2.17457	0.957208
-0.292882	0.195248
-0.776273	-0.713186
1.55658	1.07462
-0.0495446	1.04058
-0.585767	-0.226973
0.464334	0.074085
-0.263795	0.526882
0.710554	1.04906
1.29391	0.554557
2.56601	1.9928
4.54841	4.4494
3.98667	1.48815
4.86727	4.56355
1.31288	1.53542
2.34636	1.52484
-1.11781	-1.00012
-0.314524	0.191071
-1.06162	-0.667884
-0.785066	-1.17985
0.919926	0.315858
0.447079	0.497917
-0.431468	0.207974
0.577098	0.854331
-0.984418	-0.523805
0.225368	2.16895
4.81745	5.40555
1.0708	1.60637
-0.20399	-0.271894
0.775253	0.872644
0.000299215	0.440735
1.70014	0.422142
-0.519723	-0.350263
0.086726	-0.229096
1.44486	0.793149
-0.189447	-0.478465
1.16591	-0.614143
0.851005	0.0728798
0.0497878	0.861558
-0.347972	-0.0128245
-0.245835	-1.02547
-0.591905	-0.905001
-0.836723	-0.574384
2.46031	3.76316
0.487313	0.245554
2.71729	1.7123
-0.58274	0.232172
-0.868257	-0.670156
0.696263	0.68581
1.43782	0.30862
0.105619	0.763918
-0.838627	0.0761855
1.30758	-0.0225145
2.5065	3.17286
-0.0761914	-0.0626534
-0.392517	-0.0919437
-0.0236291	0.0210488
-1.10161	-0.458391
3.04961	1.85828
0.382097	0.200336
0.562927	-0.161966
-0.039891	0.19976
-0.912902	-1.11988
0.340478	-0.799519
-0.551373	0.385039
0.462648	1.12032
0.0175798	0.218893
1.57608	2.12103
0.597708	0.837917
2.69817	2.69116
0.11922	0.206724
-0.978614	-0.470579
-1.04468	-0.32984
3.50565	2.09635
0.60981	0.140135
0.688065	1.86507
-0.0842315	-0.414099
-0.147292	-0.73745
4.35375	4.91389
1.87021	1.16449
-1.00675	1.35415
1.1322	1.37757
-0.904762	-0.286881
-0.97831	-1.16959
1.09374	0.5452
2.50564	1.19556
1.16259	0.638514
5.97338	3.614
0.239178	0.215201
0.882571	1.02833
-1.31123	-0.0532049
1.08464	-0.398873
0.717907	0.241739
1.93293	1.08021
-0.337543	-0.252904
1.50735	0.674719
-0.0227225	2.21227
-0.242475	0.121492
-0.083521	-0.1556
-0.344558	-0.150421
1.8817	-0.211603
0.387001	-0.881408
3.17137	2.5907
-0.886054	-0.454357
0.47935	1.12035
0.842696	0.885179
0.981551	1.18929
1.48431	-0.381643
3.78426	3.57097
0.760798	1.51358
0.164746	-0.287079
1.05676	-0.881179
3.57803	3.09377
1.70404	0.852896
1.50558	1.09445
1.19908	-0.816236
0.831649	-0.477176
0.899127	0.602821
0.70474	0.203915
1.83801	0.979993
-0.260645	0.204461
3.85873	2.28235
0.412005	-0.287082
0.214974	-0.22975
0.595167	1.18273
0.135492	0.575047
1.41231	1.42373
-0.162866	0.92298
-0.0353336	0.677283
-1.07935	-1.00841
0.548778	-0.628172
1.22397	2.38849
-0.17424	-0.711039
0.345308	-0.342163
-0.929974	-0.502791
0.644073	0.0269568
-0.633364	0.362694
-0.432562	0.386672
0.928125	0.587239
-1.01258	-0.677919
-0.772199	-1.14277
1.04667	0.915666
-0.200212	0.875165
0.00562787	1.73557
4.81495	7.16604
0.456911	-0.0513595
-0.201697	-0.267419
-0.119495	0.196346
0.420803	0.17673
-0.674829	-0.436906
1.07526	0.98592
-0.319224	0.375466
-0.530534	0.452968
0.333128	0.234119
-0.457208	-0.0418818
-1.46762	-0.457686
1.7812	-0.275215
1.24852	0.823983
2.81075	1.45561
-0.272484	0.13887
1.61505	1.52028
2.54404	2.61247
-0.682577	-0.19868
0.782647	-0.0505334
1.15913	1.05043
1.15927	1.21156
2.45872	2.53672
1.61316	1.05649
2.35449	1.01078
-0.96979	-0.849595
-0.653101	-0.878932
2.37073	3.81522
-0.402136	-1.17306
0.349998	0.680225
-0.219873	0.60186
-0.179979	-0.279213
3.21953	2.04752
2.36716	1.48263
-1.27298	0.222391
1.94708	4.18233
1.8551	1.62021
-1.21614	0.737283
-0.624605	0.14407
0.2948	0.257101
1.69059	2.32548
0.776821	2.08924
-0.0105721	0.985001
2.32597	1.28396
1.54317	-0.237587
0.147384	0.130523
0.45141	1.09235
-0.678012	-0.258163
1.31333	1.52918
1.06851	1.38386
3.5875	1.51135
-0.212964	0.0605619
-0.741082	-0.0954705
0.0325656	0.114654
0.765845	-0.112683
-0.31347	-0.108976
2.55674	2.08089
0.366634	0.951554
1.08799	0.0217736
2.3796	2.66036
2.8093	1.81689
0.282928	0.386622
2.8761	3.28315
1.28306	0.857238
1.84688	0.139948
-0.0747079	-0.359859
1.57745	0.889217
1.38766	-0.0113809
0.323936	0.466363
1.48479	0.71788
4.08969	2.57033
2.8579	2.51012
0.635352	1.49354
-0.294062	-0.721576
-0.356182	0.215821
-0.729004	0.102686
0.99041	1.13108
-0.420979	0.502578
0.779983	1.13894
2.32003	-0.0376999
-0.442298	0.599363
-1.13538	-0.861415
0.878304	0.797269
-0.506928	-1.34705
0.228622	-0.425293
0.827223	1.51733
0.553565	2.52818
0.23976	0.828665
0.676732	0.4204
0.015918	0.117602
3.86686	2.09921
-0.496715	0.152231
-0.40997	1.29509
2.78532	1.54014
0.394971	-0.349686
3.11487	3.16877
0.330956	-0.0609273
-1.18252	-0.425022
4.05694	4.26324
0.587119	1.5316
0.896641	0.297401
0.654609	-0.152801
3.05637	4.14681
0.475202	0.514431
0.748692	0.0140762
0.21695	1.60538
-0.343563	-0.529745
0.705681	0.990388
0.829411	-0.115033
-0.902995	-0.0995833
1.83197	1.17864
0.555463	1.10436
-0.8364	-0.808574
-1.08415	-0.537393
-0.42893	-0.539638
1.21281	0.417107
-1.54046	1.03891
1.36994	1.5124
0.404476	0.396085
3.2844	2.85745
0.641644	1.99908
2.70892	1.93946
0.141827	0.641403
1.53575	1.43296
0.134418	-0.886946
-0.304598	-0.546917
-0.3768	-0.296726
0.226177	-0.301546
3.83769	1.8619
0.427122	0.391477
0.240167	0.484809
0.337877	0.26884
-0.25382	-0.486898
0.110333	-0.624648
2.34106	2.76245
-0.739128	1.0035
0.0178444	1.77808
0.119718	0.0869024
0.461649	1.17355
0.891798	0.929981
2.03359	1.58383
1.72558	1.46902
-0.133873	-1.03982
0.866983	1.07463
0.689133	-0.550723
5.396	3.92923
4.26646	4.12102
2.17125	-0.0713801
1.25245	0.919484
0.786535	-0.207732
0.204561	0.338358
0.139722	0.339346
-0.682561	0.605813
0.312176	-0.777833
0.0910914	-1.03914
0.299462	-0.0893074
0.427359	-0.941251
0.0789845	0.0656891
1.98174	4.13486
1.69597	2.02894
0.000462532	0.400454
1.16642	0.0351095
-1.12822	-0.866935
4.57883	1.98252
-0.74545	-0.383028
3.20565	4.0489
0.611035	0.854059
2.1044	2.08957
1.31199	0.602494
-0.0793517	0.087173
-0.41961	-0.229523
3.17227	3.24653
-0.121698	0.573566
-0.425004	0.0818217
1.36109	0.950242
0.879971	0.365674
0.413719	0.395483
-0.721387	-0.553324
0.815437	0.598786
0.900863	0.20034
-0.591527	0.112745
-0.513317	-0.235409
1.05546	0.753021
2.23598	2.86183
0.340241	0.700482
-0.72605	-0.0459254
-0.105356	-0.185988
0.367275	-0.0988537
3.93534	3.22309
1.46382	2.73393
-0.871665	0.0847316
3.0649	3.49675
-0.176971	-1.02993
-0.737677	0.233276
-0.568836	-0.149689
2.08416	1.57715
-0.851044	-1.34533
5.64738	7.18712
1.01088	-0.284882
0.213112	0.116414
0.175847	0.692099
-1.03633	-0.476438
1.3388	0.271212
3.23798	2.22305
-0.302715	-0.735696
-0.745481	-1.12904
0.684237	0.962688
3.72709	3.4835
2.61251	1.19826
0.0132608	0.193155
-0.36881	-0.147002
0.837374	-0.102932
-1.08085	-0.112231
-0.337545	-0.981769
1.72265	2.25608
0.632317	1.06655
-1.00695	-1.04154
-0.433751	-0.26283
-0.70292	0.459347
0.325418	-0.076468
-0.0616908	-0.193806
0.436196	0.50402
1.01779	0.0566065
-0.930465	-1.09029
-0.550784	0.260903
1.96359	-0.517797
2.6733	1.41359
0.726289	1.19429
0.7152	-0.770715
0.52193	-0.151186
-0.455697	1.12458
0.992997	0.884923
4.84549	4.90772
-0.0323445	2.52465
1.50297	0.698782
6.512	6.10556
0.460527	-0.280184
-0.572069	-0.0614488
0.255736	-0.41094
2.60305	2.96431
3.91055	3.8494
-1.55525	-0.420906
1.38612	0.744328
1.98491	4.69068
0.957559	-0.0637043
0.0400245	-0.102116
2.21194	2.30249
-0.192431	0.688679
-0.484695	-0.370176
0.874505	0.575228
0.840116	1.8845
0.162065	-1.09824
1.94853	2.21582
-0.266004	1.23726
-0.435323	0.156919
1.23186	1.46448
5.34365	3.94217
-0.0153679	-0.500959
1.02626	4.84211
2.2147	0.397385
-0.176122	0.0684941
-0.473125	-0.0677538
-0.226632	-0.956641
-0.309645	1.01462
-0.263978	0.179796
-0.381523	-0.12158
-0.357304	0.914272
1.9384	0.863625
-0.758885	-1.00552
1.30219	2.15606
1.03272	1.22249
0.677023	0.830139
1.00978	0.945039
2.34388	2.6796
3.03935	3.98661
0.183116	-0.168987
-1.0729	1.29755
-0.443512	0.577192
1.39523	3.21488
0.815997	-0.203836
2.49076	1.48915
-1.81068	-1.5447
1.71791	-0.0629824
-1.10665	1.76096
0.146091	0.590601
3.25524	1.13057
1.72112	1.97925
-0.576118	-0.264927
4.38815	2.81965
2.05253	1.64613
-0.741375	-0.513227
-0.836297	-0.582897
0.942261	0.987188
-0.167854	0.216278
-0.866423	0.369389
-0.209582	-0.320581
1.29318	0.0812149
-0.326014	-0.0823635
-0.436522	-0.179142
-0.614119	0.106089
0.625068	1.08261
1.1873	0.575352
-0.460268	-0.572946
-0.515992	-0.94205
0.170436	1.50315
3.04636	1.88563
-0.432033	-0.690996
-1.19779	-0.908921
-0.176418	-0.547401
-0.0868154	0.58948
-0.670156	-0.966614
-0.461766	-0.608463
0.97261	1.11252
-0.522315	-0.598435
0.868491	-0.649927
2.096	2.37593
-1.0026	-0.747896
-0.425668	-1.80787
1.75549	1.36397
-0.0318426	-0.697507
-0.582076	0.451753
2.17073	2.48798
-1.01089	-1.3234
-0.939338	0.089047
-1.06174	-0.393992
-0.176044	1.77862
-0.524407	-0.396996
3.41068	3.72497
0.369818	0.621983
0.782269	1.00688
1.73623	0.757679
-0.881559	-1.54166
0.39238	1.81668
-1.21096	-0.379913
2.29406	3.25587
0.585454	1.12395
2.35445	3.14413
2.62851	1.88113
1.0058	1.57875
0.850992	0.488435
0.417659	0.317879
1.53247	3.22837
1.83587	2.00681
0.103482	-0.427587
3.86491	5.08442
-0.399062	-0.714094
0.95108	1.29581
-0.884055	0.17406
-0.524323	0.314676
0.372376	0.0197387
-1.14253	0.320212
3.43953	2.29273
-0.612794	-0.174723
3.93957	3.41133
-0.770852	-0.15713
-0.351381	-0.740849
-1.56701	-1.21374
-0.0804394	-0.4752
-0.200806	0.286679
-0.644966	-1.07615
3.9201	2.73897
2.41705	1.80237
-0.930193	-0.704881
0.90677	1.03507
2.42195	1.37526
0.257108	0.352012
5.70086	3.673
-1.03327	-1.24345
-1.07794	-0.783136
-0.836311	1.04097
0.665458	-0.0170392
-0.104844	0.646102
-0.660983	0.610912
1.8257	0.916494
2.48116	2.92347
-1.0962	-0.305642
0.198312	0.473553
1.01005	0.39138
-1.03237	-0.417135
1.84213	0.913057
0.898191	0.737076
-0.389236	0.180188
0.0126731	0.586581
1.70222	2.76177
-0.844707	-1.51337
0.81643	-0.476216
2.25427	3.38721
1.93748	-0.67252
0.615673	0.752085
5.67204	7.26208
2.16395	1.68836
-0.976855	-0.377853
0.0612736	0.479501
0.932366	0.558171
1.89183	2.19062
4.04612	4.68841
1.81456	3.08634
0.0817716	0.403873
-0.455916	-0.186061
-0.138367	0.353953
0.552849	0.224797
-0.909359	0.315416
0.108641	1.81346
-0.427044	-0.838472
-0.206662	-0.0571072
1.3712	1.70159
0.473324	0.709484
2.79881	1.69965
-0.656176	-0.0955945
1.49023	1.97551
0.32626	-0.881427
0.129943	0.283145
-1.26023	0.116389
-0.814567	2.48856
1.35218	2.81388
1.4102	-0.623936
0.785289	-0.540236
0.813949	1.25569
0.0447381	0.306896
0.232128	0.638338
0.491453	-0.76835
-0.406048	-1.40529
3.1196	4.002
3.90559	3.98276
-0.103598	0.0722408
0.794822	0.325459
4.55745	3.41591
0.526776	0.362874
1.20113	0.512664
1.23487	1.44323
-0.0255436	0.97662
6.04086	3.42976
-1.23571	-0.95683
0.514455	1.04547
0.625408	2.05635
1.11993	2.47561
1.84688	1.85466
1.3912	0.269177
-0.0199372	-0.405241
-0.668828	0.482278
3.74397	4.5536
0.0228429	-0.191685
0.487576	1.17007
3.30547	2.00958
0.296972	0.225395
0.938978	1.72835
0.42803	0.0745535
0.11274	-0.0669068
-0.0127578	-0.359164
1.30249	1.9068
-0.220264	-1.08813
0.076015	-0.219641
1.16385	0.514812
0.0231469	0.604973
1.10892	0.570236
-0.621036	-0.8112
-0.00344455	-0.270237
1.28725	2.03803
1.77123	0.141914
-0.147231	-0.916043
0.762274	-0.409573
0.379649	0.153167
0.0446498	0.43694
1.28554	0.563034
-1.29627	-0.478885
-1.07935	0.585587
0.180413	-0.147537
0.271835	0.20118
0.481428	-0.196351
-0.175892	1.09274
0.178459	0.928948
-0.499012	0.0093174
1.79257	1.29027
-0.0995368	1.1866
0.256863	0.294213
4.80534	4.53137
0.541196	0.567422
-0.313407	-1.21637
-1.25365	0.420332
0.733393	1.04519
-0.551327	-1.1804
2.07322	2.06016
2.46088	1.13704
-1.18633	0.203061
0.5322	0.0504756
0.298543	-0.289761
-0.281543	0.816396
0.304492	-0.688134
1.31319	1.60622
0.81619	-1.34287
-0.557232	-0.220503
-0.864121	-0.950131
0.111246	-0.225059
-0.444339	-0.61769
0.504711	0.677224
-1.25101	0.375733
2.3567	1.94671
-0.407905	-0.319815
-0.592251	-0.99251
1.61899	1.58519
1.29986	2.29199
-1.49804	-1.3223
4.52831	3.4107
0.348653	3.52837
-0.420157	-0.295245
1.73451	1.74847
-0.492433	-0.814421
0.196731	0.100764
0.692173	0.70472
2.36177	0.164551
-1.32956	0.976819
1.88069	2.65948
0.484319	-0.40686
7.5904	6.43968
0.580206	0.142654
2.25336	2.92129
0.494049	-0.267169
4.19386	1.45165
1.76602	-0.101159
1.90113	2.92806
-1.08605	-0.955063
0.616058	0.54203
1.28019	2.90327
1.97101	1.63301
-0.802616	-1.1153
2.16661	1.37835
0.865079	1.2737
-0.122054	0.584532
0.681862	0.549235
0.850718	1.53019
-0.79712	-0.723638
0.783845	1.56671
0.845057	0.869845
1.27268	0.137228
0.761576	-0.262567
-0.51692	0.653083
0.866287	0.407326
4.52965	4.77693
0.867635	-1.07032
1.95755	2.22632
-0.266511	0.0463521
-0.435422	-0.508689
-1.14928	-1.74937
0.158011	-0.661529
6.0179	5.07044
0.02666	0.609312
-1.0715	-0.165757
-0.0173557	-0.442696
0.786426	0.691429
-0.509166	0.342567
0.861567	0.106049
-0.638506	0.38308
-0.319263	-0.011189
-0.173928	-0.265692
0.637029	0.341946
-0.449986	-0.982176
-1.7808	-0.431058
-0.711764	-0.548328
-0.811355	1.47238
-0.367198	-0.694611
-0.487481	3.42473
-0.0278324	-0.604722
4.73169	4.59897
0.575073	0.34794
4.38769	2.7599
-0.730602	-0.124657
-0.743837	-1.0818
3.17302	0.464078
1.00749	-0.178778
0.197382	0.401262
0.499891	-0.680808
2.81359	3.09972
0.445963	0.486701
-0.195189	-1.09749
1.12851	-0.173846
0.948181	0.686302
-1.76772	-1.06043
-0.791249	-0.689233
-1.00918	-0.552944
0.173689	-1.44469
4.45402	4.34453
-1.09078	-1.29156
-0.526334	-0.504436
-0.690392	-0.886279
-0.956614	0.353228
1.16829	-0.196586
1.61168	1.51723
-0.233124	0.466926
1.11642	0.333936
1.08686	-1.02672
1.05247	1.12407
-0.910428	-1.09279
0.0808883	0.370133
0.113534	0.611033
-0.404935	0.344629
-2.08601	0.343224
0.474498	0.791131
1.55123	2.31818
0.856403	0.538081
0.184826	0.484625
-0.0886476	-0.284743
0.832262	1.15138
-0.520481	-0.988165
-0.91857	-0.360345
4.53692	5.25339
-0.600092	0.0870466
1.41822	0.461544
-0.869188	1.22774
1.27124	3.21812
1.22198	0.796192
1.59424	1.64374
-0.585294	-1.23314
-0.347677	-0.0758022
3.88785	3.16931
0.228102	-0.0893766
0.244474	0.224063
3.608	5.04073
0.150319	0.893208
-0.697919	-0.382781
2.44949	4.13173
1.11799	-0.147552
0.694067	0.585643
1.7381	-0.906457
1.52425	3.97605
-1.30169	0.181105
-0.0304013	-0.117414
0.997276	0.857939
2.34474	2.93115
1.57072	1.39626
0.580062	-0.515212
1.25354	1.62253
-0.342791	0.0443459
-0.260505	-0.252234
0.985143	0.0694251
-0.284523	-0.392696
-0.662085	-0.0299847
1.51705	0.744461
-0.328597	1.09307
0.435728	-0.588077
-0.175557	-0.415569
3.13743	0.546857
0.12341	-0.331766
0.61233	-0.322307
3.33128	0.80884
0.219382	0.555854
-0.458193	-0.14038
0.0375164	-0.331123
0.461348	3.02193
-0.419055	0.35845
0.928547	0.154181
-0.180992	-0.626394
2.54375	1.79368
0.111712	0.694021
-0.416063	0.358191
0.473269	1.41527
0.850933	0.680757
0.801203	0.355886
0.0479925	0.299209
-0.89375	-1.4093
0.341107	-0.978822
1.21311	-0.139183
3.34212	3.99706
-0.411177	-0.627533
-0.333503	-1.59882
0.288445	-0.860785
-0.517061	-0.746469
1.74928	1.58752
0.21396	0.186367
-0.157643	0.0643599
0.941503	0.30843
0.21464	1.63937
0.995744	1.07584
3.3222	3.38242
-1.5543	-1.16202
0.563225	1.38941
-0.949391	-0.380238
-0.0120306	-0.660856
