-0.566654	-0.829865
-0.328697	-0.966995
0.664806	-0.192286
-2.07945	-1.10486
0.25799	0.502397
-1.76531	-0.103243
-0.167579	-0.609346
0.349613	0.527623
-0.606358	-0.236498
0.435825	-0.0714602
1.26543	0.807709
-0.478876	-1.03586
-1.20957	-0.972583
0.598719	0.88997
-0.0902599	-0.56195
-0.177612	0.115017
-0.709336	0.460963
-1.32207	-0.284374
-0.349779	-2.11195
-2.40221	-2.11987
0.0434223	-1.60678
-0.362223	-0.8794
-0.369839	0.28344
-0.28821	0.14121
0.0477077	0.0109222
-1.36189	-0.945163
-0.147948	0.283361
0.392125	-0.202779
0.0133938	0.314572
0.201225	-0.336221
-0.342401	-0.261262
-0.85883	0.279774
0.123447	0.190199
0.801215	-0.186364
-0.668081	-1.36201
0.150145	-0.288193
-1.21392	-0.295919
-3.26971	-1.72987
0.241344	0.932789
0.377259	0.285069
-1.30695	0.141756
-3.01324	-0.0857865
0.726557	0.567904
-0.586382	-1.75383
0.904237	-0.595376
-0.293579	-0.503735
-0.356369	-0.370365
1.08053	0.654347
1.31709	1.36575
0.778165	-0.490891
-1.09808	-0.0681489
-0.37299	-0.223746
-0.973229	-0.373891
-1.3715	0.790285
-0.416454	-0.628356
1.07812	0.675468
-0.00332238	-0.519422
0.261325	0.246141
0.839977	0.779824
0.688087	0.191799
-1.17815	-0.11584
-0.500224	-1.0075
0.552218	0.275371
1.44833	0.0665588
-0.249491	-0.0632954
-0.992216	-0.108544
-1.31468	0.258823
0.377699	2.03167e-005
-0.402703	0.357862
-0.14267	-0.54548
0.286653	0.479108
1.49663	1.66157
0.0427854	-0.0897788
0.387317	0.269953
0.889256	1.44487
-1.19921	-0.670778
-0.845425	-0.412531
1.72867	0.82724
1.28248	2.15588
-1.52257	0.198393
0.22217	0.130123
-0.244955	-0.778623
-0.943254	-0.681848
-1.24082	0.18302
-0.397057	0.276649
-0.65856	-0.332882
2.00145	1.89873
-1.06975	-1.77603
0.13267	-0.186111
1.21583	1.44135
0.43226	-0.212908
-0.549035	-0.694278
-0.511623	-0.23042
-0.519939	0.0181569
-0.444381	0.227783
0.652628	0.297948
-1.87937	-1.84009
0.627336	0.264181
0.725505	0.391095
-0.417932	1.19908
1.83133	0.966493
2.09202	2.0702
-0.414261	1.08349
-1.40621	-0.584145
-0.26547	-1.33875
0.365372	-0.808189
0.689409	-0.718765
1.75516	1.81886
0.399422	-1.79167
-1.64166	-1.94311
1.05751	0.356474
0.015501	-0.164031
0.536088	0.238529
-0.680996	1.09356
1.61293	0.948261
0.143427	-0.288792
0.593433	0.89111
0.601421	-0.165762
-1.93489	-2.02417
-0.00647714	0.687941
0.533252	0.548925
1.93791	1.77448
-0.181116	-0.428991
-0.928607	-0.415343
-1.47851	-1.43314
-1.24917	-1.12221
1.24413	1.27062
-0.840419	0.439151
0.284522	-0.301039
-0.6084	0.313978
-0.341315	0.740591
0.697544	-0.0875265
0.15899	0.0269795
-1.76664	-1.49781
0.507559	0.952302
1.5875	1.45888
-1.35296	0.328859
1.67544	1.49165
-0.579085	-0.0525646
0.308865	-0.654813
-0.483537	-0.684095
-0.769889	-0.543755
-1.59078	-0.773734
-0.309094	-0.743128
1.17129	0.119536
0.00117912	0.1085
-0.0788531	0.366641
0.946299	1.07292
-0.0420744	1.51178
-0.829044	-0.739564
-0.156311	-0.49293
0.526137	1.10657
-0.908897	-1.55732
0.0520959	0.614145
-0.280568	-0.447756
-0.329126	0.11199
-0.74581	-0.393722
-0.00376494	-0.137775
-0.720789	-0.913356
-0.023772	0.449353
-0.624971	-0.407375
-0.915702	-0.496581
-0.345253	-0.628434
-0.51321	-1.15277
0.542352	-1.13604
0.519494	0.637996
-0.293866	-0.183115
-1.02024	-0.949867
-1.34879	-1.41339
-0.490174	0.0344769
0.886371	1.40888
-0.623782	-0.398791
1.18328	1.58622
1.34139	1.49566
0.673558	0.112596
0.702982	0.84549
-0.661186	-1.53388
-1.81485	-0.777121
0.750752	1.66607
1.31636	0.47615
-0.362694	-0.293716
1.35571	-0.0949374
0.0954463	0.106918
0.957709	0.772959
-0.288641	-0.464683
0.199045	0.172285
-0.909375	-0.549153
-1.82028	-2.22773
-1.83786	-1.68282
-0.398783	-0.0542702
0.811468	0.757565
0.473374	0.164079
-0.533837	0.117992
0.433327	-0.767197
0.149226	0.979841
-1.17646	-1.39084
-1.05867	0.372146
-1.45283	-1.34209
-0.0330169	-0.389761
-1.02794	0.193663
-2.15472	-1.00139
-0.0298463	-0.339911
-0.317705	-0.839714
-1.10628	-2.18863
-0.992672	-0.440306
-0.198947	-0.124341
0.974786	1.09467
-0.86951	-0.88212
-0.192926	-2.13657
-0.642326	-0.0362628
-0.650116	-0.318831
-0.0157247	-2.14552
1.10155	1.45424
0.0670955	-0.458958
1.04912	1.0388
0.0633383	0.145011
-1.54406	-0.378346
1.08448	-0.439214
0.820235	1.25303
-0.736992	-0.986006
-0.244187	-1.38505
1.89632	1.13297
-1.24701	-0.787491
0.506317	0.00394144
-3.27681	-0.638517
-1.67056	-1.80134
-0.247058	-1.22101
-0.270989	-0.119275
0.917853	1.06471
0.273042	0.370358
-0.152345	-0.369655
0.669933	1.16672
-0.104306	-0.317763
-1.45917	-1.08291
-0.0924652	-0.132328
0.59552	0.154556
0.802906	0.613468
0.334084	1.15875
0.264904	-0.792386
-0.965369	1.08455
1.49394	1.30299
-1.4545	-1.35761
-0.577441	-0.418603
0.661175	-0.0160318
0.520937	0.269832
1.07852	0.753407
-0.236424	-0.0145472
1.16877	1.41915
-1.07554	-0.577415
1.39984	1.62377
-0.781924	-0.33741
-0.10088	1.00693
0.343954	0.368398
0.631184	-0.354071
0.832086	-1.11468
-1.57398	-1.31622
0.768631	1.14372
-2.22572	-0.295189
-0.419567	0.934173
1.03608	0.783072
0.867976	0.573752
0.622841	0.732623
2.40359	2.41427
-0.0162302	-0.265519
0.897794	0.124305
-1.02521	-0.509799
-1.45974	-1.65351
-0.159881	-1.00785
-0.28864	-1.48812
-0.343568	0.758013
0.0265955	-0.460669
-1.64775	-1.52087
-1.6154	-1.22548
-0.0230124	-0.943391
-0.99018	0.131595
0.616368	0.0387868
-0.0339043	0.16379
0.110724	-1.14001
0.718745	0.15284
1.37925	1.36191
-0.958084	-1.78218
-0.585077	0.227105
1.01078	1.33621
0.331575	-0.366322
0.6877	0.825853
-0.0777481	-0.0464869
-0.296638	-0.24096
0.225597	0.620588
1.51009	1.65143
1.18462	1.38734
0.680328	0.208567
0.499026	0.272607
1.33505	1.62444
1.13845	1.07545
-1.31358	-1.11652
0.186966	0.684091
-0.261854	-0.124424
0.941696	0.460165
0.729567	0.555886
1.41199	1.81765
-1.64754	-3.46617
-0.19584	-0.550939
-1.39734	-2.08403
-0.458215	0.606916
-0.725656	-0.458843
0.194008	-0.157839
0.174656	1.02711
0.388878	0.107647
-0.0241811	0.727003
1.90233	2.08891
0.765769	1.52317
1.07879	0.757359
-0.0333082	0.160184
-0.599501	0.799075
1.28073	1.7333
-1.7138	-1.11226
0.650431	0.535265
0.189999	0.495777
0.670225	0.657896
-0.638602	-0.551589
-0.469121	0.0994087
-0.524294	-1.056
-0.332571	-0.0829197
2.08988	2.31725
0.96048	-0.784192
2.05756	1.7444
1.10029	0.676595
-0.816227	0.587316
-1.11212	-1.54977
1.39632	0.740951
0.82116	0.153781
-0.266738	0.0689107
-0.288088	0.229665
1.40415	1.18701
0.479862	1.01427
-1.26519	-0.893179
0.394898	0.624622
0.287659	-1.4271
0.658401	-0.205573
0.345603	1.30265
1.05629	0.096131
-0.741089	-0.968205
0.319115	0.906336
-0.610116	-1.4562
0.792109	0.778118
0.738837	1.5284
0.507427	0.677385
1.03102	1.05213
1.38668	0.946918
0.871565	0.817159
-0.174586	0.689564
-0.959876	-0.44426
-0.0535148	-1.04901
0.983146	1.33411
0.223462	0.425185
-0.556353	0.112954
1.85532	2.36675
0.658985	0.472893
0.0565946	0.948018
-0.150717	-0.503153
0.442981	-0.392033
-0.41016	0.176125
1.7205	1.54201
-0.45005	-0.600363
0.187861	0.823967
-1.73163	-1.53641
-0.229482	-0.15785
-0.197471	0.646311
0.891783	-1.37921
0.411188	-0.0496399
0.601051	0.626707
-0.403473	-0.451735
-0.761188	-0.713742
-0.402868	-0.875893
-1.27032	-1.46168
1.45171	2.52541
-0.33133	-0.433651
-2.4373	-1.19906
0.245338	-0.121766
0.733225	1.12993
0.398825	1.59209
0.215223	-0.632078
1.84905	2.15447
1.0679	1.00519
0.849252	0.685457
0.0113602	-1.12768
-0.651457	0.246107
0.608141	0.603038
0.44559	0.162442
-0.48346	-0.0509171
0.488954	0.766299
-0.28668	-0.937798
2.47099	2.78305
-0.0644596	-0.340445
-1.1827	-0.0989245
-1.54314	-0.878723
-1.32095	-1.08675
-2.53102	-2.37985
-1.70063	-0.822073
0.314883	-0.519973
0.809673	0.212339
0.0235242	-0.125646
0.158161	1.73351
0.986539	0.374079
-1.79405	-1.85241
0.275333	0.193031
-1.33431	-1.60721
0.45725	0.0148293
0.742187	-0.876599
-1.2919	-1.71308
-0.95413	-0.560398
1.27971	1.31741
-0.475239	-1.47553
0.0757953	0.776487
-2.20217	0.0125007
-2.3909	-1.26653
1.85393	1.73551
-1.26477	-2.84025
-0.129476	-0.465658
0.643238	0.233989
0.882031	1.19508
-0.339735	0.566406
0.28862	0.229995
-0.849158	0.444081
0.297145	1.01501
-0.697088	-0.530465
1.14206	0.482951
-2.32489	-1.89154
-0.52392	0.0129486
-0.42984	-1.83186
-0.406554	-2.55166
1.54528	1.33544
0.890542	1.13138
-0.705021	0.565202
-0.511611	-0.954151
1.25285	1.97391
1.46037	0.868836
0.533311	0.150837
0.183944	-0.486287
-1.95139	-2.21945
-1.49972	-1.69697
-2.72685	0.235735
0.828845	0.252085
0.492215	-2.24825
0.962486	0.575491
-0.29428	-1.1003
0.248904	0.478578
0.770653	0.277436
-0.3977	-0.373169
-0.512628	-0.0196584
-0.473148	0.0770233
-0.613572	-0.320054
0.626624	-0.811716
-0.870049	-0.391594
0.354417	0.372437
-0.0595863	-1.13708
0.0816774	0.451449
0.0596583	0.597404
0.377683	-0.0638827
-0.435577	-0.861059
-1.36675	-0.743691
0.291311	0.515218
0.548495	0.708841
1.01606	1.19552
1.27444	0.963745
-0.638182	-0.424081
0.614433	-0.452837
-0.840571	-0.0667577
-1.19941	-0.735216
0.884768	0.104751
0.516856	0.22371
-1.76002	-1.18087
-0.0445278	-0.194436
0.442596	0.530341
0.753471	0.816305
-2.09229	-1.07891
0.423252	0.531492
-0.28524	-0.653515
-0.784059	-0.508544
-1.59426	-1.35336
-0.63095	-0.513525
0.669864	-0.49577
0.720589	0.483437
1.43944	1.45092
0.455413	0.962044
0.0223681	-0.0608525
0.597345	1.75995
0.592534	0.550335
1.85797	0.6728
-0.284042	0.34789
-1.07518	-0.794252
0.640984	-0.226218
-0.431634	-1.57357
-0.766181	-0.548144
0.0438922	-0.593838
0.545869	0.239691
-1.08268	-2.54147
-0.0313189	1.54775
0.179457	-0.190661
0.371918	0.070365
1.86828	1.8283
-1.88625	-0.652255
0.23522	-0.202577
-0.0366125	-0.789236
-0.235034	0.165978
-1.90729	-0.371483
-0.0824721	-0.948189
1.24098	2.08848
1.29162	0.77942
1.28726	1.16538
0.106228	1.48548
-0.503386	-0.0768247
0.00680923	0.104343
-0.548402	-0.135436
0.228359	1.35682
1.17721	0.0400254
0.682321	-0.812103
1.12924	0.585905
-0.481074	0.703433
1.45915	0.568776
0.597674	0.259288
-0.0103704	-0.455851
0.468153	0.443522
0.10034	0.440551
2.30342	2.54254
-0.445601	0.315903
1.66638	1.32624
-0.441643	-0.419192
0.461739	-0.031392
-0.239615	-0.639469
0.175665	0.316709
1.11567	1.12786
-1.69919	-0.982376
0.114103	-1.29162
-0.714577	0.484342
-0.577407	-0.778785
1.78889	1.61259
0.174676	1.01304
0.238449	-0.327542
-0.298549	0.296678
-0.102151	0.251875
1.10206	0.579051
0.824428	1.15153
1.05818	0.638527
0.535592	0.40677
-0.366753	0.244354
-0.29466	1.14926
0.510703	-0.231486
-0.799192	-0.438423
0.111276	1.25582
-1.38439	-0.194554
-0.0313748	-1.50639
-0.205755	-0.0222287
-0.84871	-0.100783
1.1694	-0.244765
-1.05599	-0.66598
0.831622	0.0955042
-1.24059	-0.98488
-0.795297	-0.782431
0.601687	0.296739
-0.466266	-1.17827
-0.407938	-0.607362
-0.863612	0.378963
-0.50768	-0.679313
-0.349759	-0.000954362
-2.01121	0.392976
-1.0194	-0.351921
-0.138759	-0.496074
0.255253	-0.150869
0.536386	0.72223
-0.890931	-1.48357
-1.78205	-0.72662
0.807382	0.474931
-1.78755	-0.23769
0.713268	0.591391
0.895186	0.909454
0.164117	0.58073
1.7449	1.38418
0.0659419	-0.527155
2.27147	2.05237
0.67838	-1.52044
-0.60248	-0.184179
-0.992007	-0.0802443
-1.09616	-0.812914
0.886046	0.58749
-0.0160302	-1.20496
-0.956732	-0.346182
0.489876	0.247405
-1.12558	-0.337052
-0.482979	-0.0213696
-0.326255	-0.345335
-1.4197	-2.74699
-0.019736	-0.69336
-1.02965	-0.315333
0.60056	0.515323
0.00223588	-0.791071
-1.84384	-1.66345
1.13026	1.72596
1.27339	0.768779
-0.565081	-0.0911564
-0.104678	0.55975
-0.827947	-1.31694
0.358283	-0.0317841
0.719305	-0.723618
1.39811	-1.27591
-0.369517	-0.820339
-0.469158	-0.272728
0.175571	-0.478581
0.951753	0.534638
-0.166708	-0.312699
0.885122	0.556557
-0.212093	-0.329852
1.01465	1.40597
-0.417118	0.52243
0.176692	-0.280217
-0.385691	-0.552179
0.261381	0.476758
-1.43535	-0.161399
0.792857	0.524588
-0.682618	-2.22366
0.450381	0.49627
-0.558626	0.402901
0.0582186	-0.786717
-0.9386	-2.27747
0.71397	0.977903
1.67241	1.16228
0.43724	1.20415
0.0515931	1.49938
0.838526	0.859342
0.453454	0.580303
0.0066461	-1.37198
0.374983	-0.671951
-1.13156	-0.946334
-3.23414	0.60889
1.45508	0.983744
0.197479	-0.0188938
-0.964223	-0.6022
-1.0454	-1.14026
0.399674	-0.0874792
0.169106	-2.06246
0.772798	1.34872
0.954619	0.523985
-0.532673	-1.07781
-0.155371	0.319373
-0.795509	-0.280337
2.06957	0.827982
-0.150603	1.02006
-0.0296921	1.43115
1.52725	1.60328
-1.50254	-1.15091
0.46172	-0.651468
0.913283	0.89253
-1.31504	0.115223
-1.39156	-1.50354
0.0366606	-0.359736
-0.0369807	0.104525
0.386509	0.448771
0.502861	1.01115
-0.244167	-1.20027
0.345684	0.124131
-1.34047	-0.677686
0.779194	1.6638
0.173455	0.104744
0.212902	0.778381
0.542253	1.64352
0.728004	-0.394137
0.246381	-0.543058
0.493592	0.833395
-0.23827	1.387
0.964526	0.705488
0.998333	-0.560669
-2.3064	-1.21893
1.05376	0.913533
0.428366	-0.24608
-0.11663	-0.33418
-0.0261352	-1.05673
0.643125	0.27009
0.717175	0.25823
1.8645	1.46078
0.518535	1.17711
0.0487676	-0.42601
0.550267	0.376552
0.358113	-0.557607
0.606297	-0.698293
0.787675	0.642425
0.505449	0.614927
0.687307	0.794983
0.0394173	-0.271369
-0.102678	0.377247
-1.15223	-0.781102
-1.28643	-1.74578
0.469673	0.595304
0.141545	0.644671
-0.321301	0.429076
-0.484545	-1.82213
1.11622	0.659552
-0.616633	0.2597
-0.325698	0.52093
-0.091376	-0.800052
0.707825	0.630957
0.789036	0.587216
0.0845313	0.86148
0.327708	0.319363
1.23451	0.892898
-1.88316	-1.21932
-0.282702	-0.627041
-1.69048	-1.79366
0.0570392	-0.228775
-0.563667	-0.082538
1.45374	0.652566
0.0133148	-0.146148
-1.07987	-0.828026
-0.365515	-1.72734
-1.16704	-0.186194
0.836196	0.333983
-0.318936	-0.151582
-1.67218	-0.478511
-0.238535	-1.05949
2.19098	1.47954
-0.882218	-0.945173
-0.526078	-1.58692
0.29364	0.378945
-1.18936	-0.211138
-0.181126	-0.725191
0.600812	0.258258
-0.879836	-0.1014
-0.178961	-0.705531
0.0124758	-0.578733
0.622501	-0.206856
-0.59429	-2.01344
0.828088	-1.23382
0.163994	0.0914951
0.0354679	0.107172
-0.905437	0.597248
-0.413888	-1.70862
1.93824	1.14357
-0.120652	-0.658603
-0.217991	-0.243864
-1.3469	-1.09885
-1.51531	-2.06271
-0.58207	-0.586814
-0.0991075	-0.0598595
0.197454	0.645721
1.57917	1.72622
-2.18642	-0.272066
-0.933373	-0.288829
0.536396	0.186212
0.0485595	0.275601
-1.81078	-1.39812
0.262072	0.62272
0.79862	0.119619
1.97424	1.2266
-0.976614	-0.0245547
0.137888	-0.31415
-0.722818	0.0664555
-0.142645	-0.930909
1.80658	0.484845
0.351857	-0.0250151
-1.27989	0.0267983
-0.432148	0.0403284
1.01483	0.348447
-0.042881	-0.334064
-0.973989	-0.52092
0.0669263	0.750272
2.53311	1.92999
-1.04991	-0.166016
1.91366	2.21298
-1.22269	-1.27398
0.0957027	0.454061
-0.813799	-1.20811
1.09722	1.39098
1.07389	1.52422
0.0431031	-1.07864
-0.565833	0.226458
1.69283	1.09185
0.569269	0.965885
0.498499	-0.826822
-0.559688	-0.200757
-1.99018	-1.03646
0.990933	0.613698
-0.257552	0.0554691
-0.211925	-0.837733
0.112301	0.08974
1.75301	1.31165
-0.234358	-1.32453
0.319014	-0.0304045
1.94508	1.21297
-0.114534	0.493846
-0.545837	-0.349098
0.32524	1.37397
-0.349323	-0.0560695
0.122926	-0.760065
0.560004	0.811673
-0.32504	-0.0664275
0.0447739	0.453888
0.0989979	0.490052
-0.703334	-0.160788
0.562605	1.28526
1.43546	1.59918
0.365521	0.505787
0.241597	-0.909455
0.331577	0.765134
0.996482	1.63793
-2.49056	-0.627171
-0.284188	0.546871
2.05813	0.741144
0.159461	1.21401
0.41471	0.9558
0.366032	0.596539
-0.92445	-1.48786
0.849676	0.28022
0.161152	0.339236
0.553066	-0.490719
1.85303	1.68955
0.544985	0.862725
-0.600018	0.107935
-2.11904	-1.19889
-2.32394	-1.15904
0.170289	-0.0888844
0.235907	-0.58181
-1.38032	-1.36658
-0.387328	-0.609585
-0.304422	-0.200559
-0.408897	-0.407612
1.31481	1.32869
-1.01524	-0.216122
-0.0856701	-1.53969
0.00787436	-0.350467
1.48519	1.76522
1.3443	1.19663
-0.167534	0.946715
0.676331	0.441685
0.621292	0.500465
-0.73136	-1.70505
-0.923684	-0.213611
0.427173	-0.799428
-0.21322	-0.527713
-0.871488	-0.607568
-1.41332	-1.16885
0.535091	0.435364
0.0961391	-0.910731
1.91839	1.77551
2.28313	1.95718
0.726419	0.0157652
-0.113109	-0.376028
-2.97185	-1.11195
-0.0711823	0.0649738
-0.38577	-0.327567
0.168467	-0.276472
-0.672392	-0.227891
-0.465329	-0.733229
0.312724	-1.96028
1.31921	0.800628
-0.00841388	1.07655
0.31421	0.114045
0.935226	0.0497201
0.232945	0.0727207
-0.256716	0.12193
-1.90652	-1.48436
0.395934	0.97717
-0.948386	-0.679547
-0.440635	1.12554
1.09205	1.62797
-0.0310439	-1.29642
0.856242	-1.81974
0.0247311	0.37672
-2.04663	-1.77569
-0.335382	-0.618936
-0.70049	-0.17385
1.1775	1.12023
-1.56888	-1.57341
0.110342	0.462877
1.35689	1.90689
0.147339	0.245036
-1.06064	-1.12742
1.42906	1.00169
0.151114	0.519844
-0.827756	-1.57561
0.745501	-0.0112862
1.59876	1.74368
0.636268	0.29837
-0.0926655	-0.453855
-0.282726	0.138746
0.724869	-0.547544
-0.150608	0.471681
0.151495	0.134615
0.124543	1.03627
0.692684	0.185687
-1.7446	-0.507463
0.179165	0.119274
0.815481	0.316334
-0.0940138	-0.0435009
0.0436945	0.340257
-0.0626849	-0.303448
0.224177	0.121177
1.53969	0.37235
1.05575	1.89271
1.11795	1.36413
-0.960479	-0.751108
-1.07423	-0.898821
-0.189176	-0.454211
0.141188	-0.848076
0.250587	0.316952
0.746888	0.826361
0.944561	1.25515
0.724867	1.44936
1.12981	0.570897
1.35985	1.62256
0.557262	1.21767
1.60934	1.42705
-2.3282	0.125789
-0.220734	0.731124
-0.773845	-1.09752
-0.486356	-0.125959
0.525965	0.360071
0.399479	2.27632
-1.0382	0.339618
0.978664	0.804464
0.30961	0.189157
0.522073	-0.196176
-0.918982	-0.992975
-0.422451	-1.09396
-0.031275	-0.32431
-0.643474	-0.72979
0.127974	0.674046
-0.23513	-1.73025
0.694957	-0.436112
0.0236319	-0.0867743
-0.766793	-0.616811
-0.918978	-1.21889
0.918263	0.268521
-0.532673	-0.734407
0.713981	0.872694
-0.470695	-0.711742
0.5267	-0.249909
-1.47602	0.540077
1.82213	2.48639
1.37903	0.244755
-0.192162	-1.15104
0.141297	1.488
-1.35305	-1.05448
-1.05821	-0.415421
-1.50864	-0.980949
0.695779	0.862824
0.171555	-0.862064
-0.0721626	-0.646292
1.16532	1.04179
0.0211897	0.299232
0.73725	0.570573
1.32579	0.323247
0.0184177	-1.60078
0.687157	0.329059
-0.39578	0.391618
0.341407	0.0307807
0.959143	-0.150342
-1.63103	-1.18188
-1.10415	-0.342775
0.0585845	-0.599659
-1.33441	0.220997
-0.217417	-0.969076
0.414696	0.742141
1.05512	-0.228018
-0.697716	-0.592382
-1.12109	-1.03907
-0.678924	-1.04064
0.984619	0.310357
0.106785	0.260007
-0.472554	-1.11288
-0.846928	-0.708744
1.27367	0.549164
-0.533461	-0.873331
-0.722064	-0.936224
0.607619	-0.197815
1.03557	0.993136
1.56086	0.216232
0.137994	0.744718
1.07825	1.63859
0.0917676	-0.350142
-0.265438	-0.265286
-0.208238	0.644886
1.76605	1.18361
-1.33664	-0.584857
-0.0490422	0.427723
-0.63662	0.285773
-1.37838	-1.7733
-0.252583	-0.461526
-1.00839	-2.12669
1.21325	0.766077
-1.75904	-1.219
0.318288	-0.017405
0.115095	0.636074
-0.311984	0.110454
-0.816212	-1.05746
-1.10798	-0.664843
-0.511436	-0.763973
0.2596	0.215216
-0.0899814	1.81144
2.05468	2.38592
0.32175	-0.310897
-1.43755	-0.766353
0.877406	1.01408
-0.605536	-1.27512
0.274782	-0.672736
-1.68633	-0.464935
-1.15205	-0.331896
2.07075	1.96758
0.607189	0.81066
0.884209	0.578705
0.368047	-0.798586
0.26918	0.539337
0.858133	0.854714
0.425263	0.534259
0.482622	0.748529
-0.213571	-0.188251
-0.0950584	-0.0560214
0.064366	-0.0072987
-2.64524	-2.66148
1.5731	1.84256
0.923987	-0.713699
-1.75542	-0.516236
-0.532039	-1.08648
-0.375179	-0.0342422
0.832364	-1.2187
-1.58009	-1.8243
0.222289	-0.942127
-0.0226654	-0.110504
-1.26636	-0.744893
2.25022	2.39047
-0.0369289	0.154025
-1.30762	-0.790073
-0.780408	0.562897
-1.92431	-0.454307
-0.757888	-0.311268
1.82048	1.54931
0.503494	1.13222
1.55615	1.20457
0.148195	-0.548925
1.08573	0.919087
1.51248	0.755444
0.19271	0.372144
-0.0865542	1.35167
-2.33975	-1.04461
1.03089	0.436555
-0.925508	-0.564253
-0.133792	0.204144
0.3173	-0.310202
-0.624525	-1.11614
-0.125376	-0.858291
0.724864	1.38492
0.0722081	-0.577637
-0.196728	0.518222
-0.251436	-0.0861823
-1.58622	-2.07168
-2.40232	-0.904725
0.552064	0.353661
-0.934354	-2.40855
-1.86874	-0.368184
0.583359	0.285281
-0.228077	-0.554809
-0.856511	-1.04061
-0.551088	-0.326504
0.187871	-1.62465
-0.203941	0.870996
0.155584	1.41421
0.414015	0.534114
-0.601126	0.0498226
0.286648	1.14433
-0.621888	-1.39306
-0.411243	-0.0542993
-0.0490325	1.91767
-0.283207	-0.381785
0.485144	0.665181
0.699208	0.679973
0.355805	-0.366597
-0.103942	0.443272
-0.676819	0.0746441
-1.10326	-2.12159
1.03666	1.23017
1.04349	0.643973
-0.895317	-0.731554
-0.433419	0.584164
-0.723702	-0.318848
-0.0546249	0.133683
1.94179	2.24004
-1.80672	-0.248101
1.52743	1.26438
-0.325939	1.29912
-0.157644	0.297568
-0.354983	-1.20804
-0.440764	0.64753
-0.997026	-0.343143
-1.07511	-0.187581
0.461789	0.591004
1.04822	1.43406
-2.24618	-0.566768
1.96127	0.545857
0.453687	0.718516
-1.9856	-1.45501
1.08655	1.52611
1.54421	1.9593
-1.11167	-1.04422
0.188112	0.396331
0.420391	1.19839
0.14994	0.160962
-0.449562	-1.80107
1.43878	1.6854
0.442471	-0.537229
0.820612	0.95445
-1.25546	-0.825597
0.719502	0.303342
1.56662	1.63567
-0.893583	-1.4113
1.69277	1.26363
-0.224224	-0.0144341
-1.08887	-0.559116
-0.382904	-0.350325
-0.0270626	-0.876521
0.452059	-1.16386
-0.520533	-0.00688647
1.04941	1.28389
-0.397031	-0.0800194
-0.241055	0.0898872
1.4247	1.70914
-0.366551	-0.749234
0.221881	1.12926
0.272826	0.563384
-0.981787	0.201631
-0.187163	-1.10857
-0.498638	-0.234074
0.254814	0.558227
-0.197018	-0.844556
0.34329	0.254735
1.12272	1.19554
-0.111786	-0.723888
0.653102	0.599913
-0.327028	-0.17138
-0.73365	0.0714212
-0.509453	-0.221791
0.613088	1.09221
-0.691248	0.331703
0.0489708	0.241276
-0.55185	-0.615323
0.456771	0.943279
0.192612	-0.460961
-1.5487	0.920639
0.83385	1.51772
1.69944	1.80186
-0.457063	0.365549
0.889433	0.696733
0.124156	0.509921
-0.0372159	-1.51606
-0.524455	-0.723408
-1.75563	-1.87341
-0.280086	-0.734264
0.171109	0.0372803
-0.101408	0.0999649
-1.39364	-0.489788
0.816324	1.39533
0.863037	0.338621
-0.166153	0.225743
1.83335	1.8816
0.505482	0.215682
1.03075	1.07488
-1.34822	-0.515471
-0.335633	0.729739
-1.18103	0.0454237
0.666035	0.460616
-0.452232	-1.40408
-0.0335902	0.870411
0.390146	0.468635
-1.77336	-0.502347
0.91921	-0.545846
0.134749	-0.571722
0.090928	-0.693984
-2.25978	0.14745
-0.487788	0.29429
-1.32254	-0.381907
-1.07223	-0.142092
0.654574	0.0482101
-0.758058	-1.32785
0.165157	0.331633
1.61477	1.49787
-0.999921	-0.843812
-1.37386	-1.35749
-0.169738	-1.12994
0.203679	-0.132838
-0.823894	-1.33869
-1.7123	-0.319004
-0.0589172	-0.828107
-0.363082	-1.93293
0.109819	0.137383
-0.108186	-0.0958869
-0.309528	0.0285124
-1.70809	-0.754985
-0.287645	-0.632919
1.60745	-0.378423
1.63644	1.52386
0.429477	-0.485506
-2.04662	-0.242718
-0.648573	-1.1818
-0.40773	-0.666975
-0.65414	0.294369
2.20216	2.04598
2.04349	-0.243127
0.0659293	-0.401066
-1.53134	-2.45795
0.730233	-0.0390611
1.33529	-0.0803311
0.684651	-0.432545
-0.57994	0.572891
-1.5769	-1.15974
-2.53048	-1.52334
-0.159423	-0.0307307
0.777617	0.10645
-0.655148	-0.650287
-1.4935	1.12007
-0.969972	-1.10407
0.0719969	0.376715
0.884749	1.2551
-0.771653	-0.680504
0.715657	0.134387
1.0544	0.736706
0.46595	0.153664
0.190993	1.06767
0.444347	0.986458
0.663991	0.980307
-1.88607	-1.94806
-0.82415	-0.938608
0.36732	0.982058
-0.42729	-1.46058
2.55981	2.13718
1.15143	1.68788
0.926228	0.126513
1.79203	1.34972
0.740877	0.677128
-1.04226	0.805254
1.41383	0.901591
-0.135311	1.42656
-0.084172	-0.0773191
0.130921	0.799168
-0.558398	0.377756
-0.5528	0.270359
0.591238	1.11493
-0.361765	0.367379
-2.12337	-1.69154
0.340018	-0.656412
-0.23733	-1.41857
-0.541127	0.216758
-0.540268	-1.70149
-2.77782	-0.728831
0.829542	-0.0802155
-1.64333	-1.73943
1.06415	1.09685
-0.00973812	0.646666
0.539507	0.261332
0.109772	-0.153155
-1.31905	-1.7827
0.551953	-0.836864
-1.48829	-0.687184
-1.06322	-0.627943
-0.987917	0.0875341
-0.248037	-0.749983
1.29317	0.992243
0.168749	0.743334
-0.464484	-0.430055
-0.452179	-0.531075
-0.548026	0.00893039
0.483312	-0.445141
0.935661	0.0321909
-0.59314	-1.76411
1.80522	2.02077
-0.0892425	-0.193629
-0.920969	-0.784991
0.0418193	1.09916
1.68264	1.50906
-0.841209	-0.00353316
-1.311	-1.21977
1.36841	1.48832
-0.435719	-1.03446
2.19449	2.3956
1.04012	0.173361
0.987568	0.00926666
-1.08937	-1.03223
-0.119287	-0.0305235
-2.18901	-1.20712
-0.294658	-0.0222069
1.00628	0.753981
-0.6421	0.396935
-1.11769	-0.028438
-1.8845	-1.02336
-0.967048	-1.35284
-1.76254	-2.26861
-0.979256	-2.48432
1.12801	0.777416
-1.24722	-0.986317
-0.258852	-0.0281212
-0.246433	-0.910805
0.556188	-0.394512
0.338293	0.292648
-1.47695	-1.06533
-0.390952	-0.252178
0.425879	1.70286
-0.107125	0.0266848
0.404696	0.358763
1.18479	0.20918
0.611318	-0.943646
0.346611	-0.339718
-0.454062	-0.910674
-0.579787	-1.62068
-2.94642	-0.729156
0.102483	-0.68008
-0.433201	0.424766
-0.114082	-1.19881
0.0178025	1.15314
-1.20661	-0.779088
-0.512984	-1.18366
0.529941	-0.589695
-0.800597	-0.917693
0.468057	-0.601411
1.12197	-0.55807
-0.0853761	-0.10523
0.511759	-0.44031
0.44143	0.448634
-0.228221	-0.38061
-0.713059	-1.06275
1.30508	1.5014
-0.83316	0.343062
-1.67981	-1.74905
-0.262925	-0.541775
1.6666	0.554423
-1.31447	-2.17288
1.73173	1.82678
-1.61705	-1.07268
0.446489	1.20147
1.22801	1.11279
0.646076	0.496606
0.273256	-0.278728
1.9105	2.02047
1.40961	1.22476
-1.17609	-0.595363
-0.213229	-0.0715944
0.772806	1.07525
1.47197	1.41172
0.289357	0.549901
-0.521873	-0.250928
-1.82455	-0.620659
0.301007	0.624074
0.714093	0.843503
1.49435	1.36049
0.862578	1.36074
-0.363034	-0.217157
-0.753015	-1.82454
-1.88346	-1.06071
0.318933	0.607664
0.970549	0.476641
-2.12369	-1.82767
0.170347	0.847647
1.26393	1.20187
0.744563	0.534484
0.541127	0.730635
1.30499	1.58351
-0.999745	-0.668447
-0.839964	-0.370316
0.281565	-0.00875545
-0.0785889	0.439486
-0.546946	0.739911
-0.380872	0.156308
-1.74323	-0.120047
0.151502	0.341312
0.673474	0.278869
-0.106068	0.552287
0.689497	1.06537
-0.882343	-1.38523
0.434653	0.636685
0.0360149	-0.290492
-0.439056	-1.76812
0.470372	0.441733
0.505426	1.0858
1.29313	0.872269
-1.70332	-1.98618
0.864605	0.777962
-1.62931	-1.9294
0.558621	-1.96638
-1.48944	0.779408
0.422934	-0.113143
-0.522803	-1.26331
1.8614	1.43054
0.178651	0.600383
0.389342	-1.10767
0.888473	0.302204
-0.22789	0.3063
-1.35333	-1.40867
0.632162	1.05112
0.932285	0.0239594
0.366944	1.10244
0.386693	0.434095
-0.75692	-0.753322
-0.709458	-1.14419
0.878738	1.72545
-0.449592	-0.84781
1.35362	0.125146
0.753938	0.727157
0.741567	0.794648
0.073897	0.181942
1.38313	1.10103
-0.954796	-0.19207
-0.513972	-0.0724944
-0.364574	-0.605096
0.246927	-0.155845
-2.39576	-2.6308
-0.284802	-1.13296
-0.230232	0.482667
-0.472264	-0.239575
0.740627	-0.204897
0.677754	1.00505
0.66852	0.914369
0.184056	-0.973515
0.426274	0.438213
-0.579266	-2.16406
-2.73818	-1.32456
-1.15619	-0.39628
-1.09789	-1.27903
-0.252095	-1.23143
1.50101	0.712631
-0.41118	-0.67671
-0.502207	-1.07949
-1.21467	-1.64675
-1.91017	-2.06428
0.120287	0.617143
-0.637944	0.408357
0.863069	1.53624
-1.02056	-0.590025
0.435479	0.381471
0.636296	0.329283
0.426496	0.0296793
2.10343	1.8473
-1.68815	-1.11903
-0.646613	1.5996
1.08519	0.673167
0.292328	0.793915
0.431619	0.568117
-0.591814	0.242852
-0.147447	-0.111786
2.19289	2.29137
0.541531	0.764126
0.693067	-0.0017931
0.194363	-0.147392
-0.0890545	0.764503
-0.564935	-1.63105
0.596117	0.505084
-0.973367	-0.0354848
-0.529271	-1.3323
-0.47883	0.457578
-1.68854	-1.24315
-0.485814	-0.405029
0.500508	1.21825
-1.20627	-0.0678319
-1.0749	-0.179759
0.0737564	-0.0895518
-0.224437	0.14961
0.384644	-0.385522
1.00901	0.65666
-1.00258	-0.734599
-0.310134	1.53255
-0.61501	-0.482503
0.821895	0.499658
0.757644	0.943747
-0.846712	-1.37585
0.68669	-0.933332
-0.598065	-1.19366
-0.358797	-0.664427
-1.083	-2.10095
0.75017	0.591337
-1.51302	-1.27954
-0.344697	0.0455172
1.10976	1.61215
-1.22324	-0.313688
0.157268	1.36202
0.738707	0.599941
0.193296	0.433184
-0.596077	-0.550016
0.505547	0.828702
2.00313	1.88269
0.476689	0.975344
0.82354	0.348607
1.15574	1.31288
-0.876767	-1.0279
-0.140639	0.657198
0.599355	0.154362
0.175653	0.171634
-0.351001	0.471933
-3.24374	-1.79519
-1.36406	-0.847301
1.40117	1.13019
1.26949	0.948511
0.101461	0.286309
-0.675392	-0.795731
0.322384	-0.446893
-0.284001	-0.543277
-1.47877	-0.752478
-0.141786	-0.522536
0.182848	0.692639
-0.893632	-0.738297
-0.208029	0.713233
0.775466	2.17659
-0.133231	0.806234
0.290193	0.611099
-0.768436	-0.715854
2.0006	1.48077
0.750737	-0.0995433
-0.679741	-0.698239
1.34337	1.20225
0.301031	0.0187783
-0.857554	0.010738
1.46287	1.90644
1.28546	1.00131
1.16727	0.903288
0.69149	0.546402
0.207386	-0.960404
-0.482251	-1.38788
0.646569	0.54792
0.534286	0.87153
-0.552503	-1.74582
-0.253692	0.500043
0.466759	-1.08713
2.4874	2.86285
1.31038	0.507498
1.30409	0.795402
0.533678	0.328437
0.98272	1.34016
0.249373	0.00197431
-1.22806	-0.594878
-1.27269	-0.266683
-0.296666	-0.219263
-1.77782	-0.559778
-0.97073	-0.494609
-1.44218	-0.451194
0.633747	-0.243105
1.96446	1.98426
0.833468	0.666987
0.711169	1.0624
1.2396	0.704068
0.309054	1.60142
1.55828	1.85122
-0.409684	-0.687657
0.926733	0.68203
-0.51542	-0.134911
-1.31276	-0.234138
-2.03315	-0.80525
1.16186	0.0418754
-0.254244	-0.133171
2.15891	2.20379
0.603632	1.28284
1.43369	0.475172
-0.141244	0.181887
0.514294	0.528767
1.03706	0.29028
-0.768196	-0.684824
-0.775022	-1.78382
0.139555	0.495425
-1.22628	-0.476378
2.34755	2.46043
0.247146	-0.941149
0.29067	-1.16958
0.189609	-0.307729
-0.279701	-0.504339
-2.33973	-0.835415
-0.175002	-0.84944
0.995064	0.71555
-1.42155	-2.66526
-0.475778	0.0399473
-0.938592	-0.893705
-0.311272	-0.567529
-0.17984	-0.832774
-0.659918	-0.554455
-1.00897	-2.06267
1.41656	1.7743
-0.0186975	-1.08816
-0.426658	-1.31961
-0.0557007	0.75999
0.296261	0.287734
-0.191991	0.698523
-0.714461	-0.549588
-0.074146	-0.903924
0.859906	0.646944
-0.379905	-1.4642
-1.07852	-1.15309
-1.75973	-0.676434
-0.504959	-0.45278
0.928861	0.622422
-1.38259	-1.2523
1.02617	0.80822
-1.30696	-2.65148
0.230196	-0.115798
1.39122	1.28698
0.627198	0.732934
2.04458	2.15078
0.745463	0.51378
1.37253	0.529121
2.05237	2.64571
-0.351119	-1.79161
0.336942	1.17699
0.251167	-0.580654
1.61676	1.79387
1.30552	1.12576
-1.27696	-1.70995
-2.03439	-0.815793
-0.137195	1.19844
-0.731645	-1.16528
2.10162	2.03717
-1.73215	-1.33464
-0.253677	-0.705779
-1.41609	-1.70959
-0.113623	-0.286078
-0.0174886	0.546229
1.48322	1.37453
-0.27139	-0.321164
1.37466	0.622844
-1.27722	-0.413587
-3.21905	0.295831
0.658854	0.812229
0.149043	0.934096
0.0994347	0.223311
-1.11356	-1.01333
-0.61478	-2.08621
-0.601599	-0.341643
-0.206425	0.113869
-0.430047	-0.78516
-0.595855	-1.31755
1.02336	0.401322
0.927852	0.911789
1.88482	1.96668
-0.534731	-0.819834
-0.268627	0.12415
-1.93762	-0.718494
-0.967769	-0.979821
1.12459	1.11851
-0.806667	-0.315418
1.32235	0.785821
-0.693784	-1.09483
-0.748485	-0.978884
-0.361272	-0.124367
-0.638921	0.00738213
-1.58387	-1.20594
-1.66091	-0.837788
-0.363769	-1.00056
1.12001	0.883213
-0.491706	0.0659126
-0.203651	-1.21454
0.212893	-0.68335
-0.519721	-0.0191827
2.2106	1.77697
-0.56169	0.540808
0.672411	0.434589
1.31437	0.0521678
0.260695	1.31712
-0.248774	0.572576
0.973146	0.620744
-1.3524	-1.27613
1.76915	1.26808
-1.32905	-0.74837
-1.72372	-1.20594
-0.244064	-0.21128
0.131958	0.267337
0.831705	0.154311
-1.84857	-2.65752
0.670238	0.074824
0.748569	0.163832
-0.824461	-1.7834
0.246374	-0.846214
0.716777	0.632338
-0.271251	-0.678423
-0.105905	-0.630116
0.0900911	0.643822
-0.579646	-1.24086
0.0129014	-0.133962
-0.864099	-1.83813
-0.72252	-0.464558
0.999132	0.49914
-0.536018	-1.69725
0.814806	1.54057
1.22275	0.863215
1.35243	0.412597
-0.089603	0.066713
-1.62519	-1.81412
0.572234	0.739085
0.317377	0.451377
-3.12595	-1.35238
0.731599	0.879295
-0.0558183	-0.221152
0.311166	0.0741886
0.45667	0.720703
0.6356	0.138743
0.329179	0.539966
-0.679906	-0.426251
-0.36806	0.083179
0.383014	0.292857
-0.0171581	0.41564
0.353234	0.687436
-0.758459	-0.986048
-0.503454	0.00952495
-0.163177	-1.49348
-1.37963	-1.48149
1.00984	1.3604
-0.832605	-1.32081
-2.0074	-1.32766
-0.932235	-0.89554
1.24409	0.327163
-0.156536	0.0760703
-1.80252	-0.404302
0.151286	0.240195
-0.922808	-2.54361
-0.357203	-2.00665
-1.37305	-1.01094
-1.03977	-1.5219
-0.529491	-1.94114
0.00882238	-1.5229
0.194457	0.113093
0.908811	0.351036
-1.24864	-0.403672
-0.204177	0.191919
1.64269	1.69198
1.36956	1.64175
0.6587	1.14522
-0.972039	-0.538821
-0.711116	-0.990568
2.1551	2.20969
0.775065	0.395661
-0.336489	-0.326336
0.469593	0.763234
-0.148981	0.319134
0.71901	0.874824
-0.850691	-0.782534
-0.759046	0.28213
-0.342894	1.03369
0.0748846	1.28071
-0.65263	0.46688
-1.11928	-1.40528
0.178855	-0.192654
-1.76421	-2.61208
0.607459	-0.0434279
-0.220645	-0.540366
-0.754749	-1.32612
1.95186	-0.225143
-0.728088	-1.09428
-1.18517	-2.43191
1.19824	1.21088
0.969233	1.72597
1.16113	1.54541
1.22208	-0.333633
-0.446294	0.249375
1.09073	-0.579739
0.992011	0.595453
-0.198559	-0.260011
0.795459	-0.515238
0.934141	1.42797
-0.412605	-0.167746
-1.32973	-0.592872
0.0159268	-0.762855
-0.322697	-0.408954
-0.355108	-0.670166
2.33651	2.46469
1.00393	1.46486
-1.31331	1.73482
-1.21807	-0.863531
-0.664306	-0.563067
0.911209	-0.452454
-0.220343	-1.56193
0.334159	0.657252
-0.0774953	-0.63582
-1.71677	-0.628086
0.132957	0.172256
-0.450856	0.31354
-0.0199624	0.151033
1.66009	1.317
-0.415074	-0.991318
-1.46289	-2.24042
0.74582	0.769419
0.348258	-0.541719
0.167738	0.259238
0.98613	1.05049
-0.178947	-0.976841
-0.080696	0.532854
-0.0601338	0.096849
-0.243935	-0.127331
-0.0715401	-0.275777
1.64355	0.852242
-0.508829	0.0709655
1.13812	0.812062
0.075896	-0.698677
-0.98454	0.0375636
-1.71165	-0.648785
-0.0140342	-0.0420626
0.40346	0.938968
-0.36577	-0.16179
-0.569846	-0.479893
0.091012	-0.595684
0.0881815	0.116121
-0.0531375	-1.47228
0.667182	1.00672
-0.244617	-0.226348
-0.111388	-0.0156333
-2.61655	-1.42042
1.57034	1.66755
2.58475	1.94369
0.936616	1.04778
0.382208	0.81686
0.410875	0.972367
1.95903	1.854
-2.1056	0.795562
1.22439	0.565484
2.56284	2.57848
1.19324	0.860516
0.623575	1.22517
0.715161	0.0573891
0.505297	0.780983
-0.121227	-0.1244
0.797253	0.445793
-0.501872	-0.53029
-0.761586	-1.17471
1.23257	1.20344
0.570387	-0.282308
-0.210942	0.131525
-1.48172	-2.04307
-1.14886	0.0177637
1.22939	1.32226
0.537704	-0.159415
-0.34947	-0.917203
-2.23596	-0.764683
0.225841	-1.40303
-0.344256	-0.3195
1.10875	0.786873
-0.553438	-0.221615
0.505697	1.00946
-0.138502	-0.153343
-1.54644	-2.26903
0.918295	0.680078
-0.282342	-1.74852
2.11667	2.02318
-1.21422	2.20661
-1.69761	-1.25098
-3.03926	-1.45974
-0.821575	-0.896585
-0.88156	-0.975345
1.29723	-0.546879
-0.678503	-0.586438
-1.04732	-0.965721
-0.0640509	-0.198207
-0.400231	-1.31191
0.644653	0.318009
0.50486	-0.0302466
-1.07432	-0.813179
0.362549	0.203554
-0.0773985	0.351269
0.232695	-0.206688
-1.78724	-0.0124996
0.315521	0.223409
-0.966701	-0.417296
0.911501	0.858174
-0.747944	-0.246239
0.482609	1.26168
-0.574155	-0.1562
-1.04406	-0.81833
1.06667	1.3401
0.752429	-0.112011
0.61678	1.3614
-1.40781	-0.932536
-1.00595	-0.856108
0.778635	0.789942
-0.764208	-0.409608
0.314884	-0.13494
1.81045	1.60786
1.81222	1.71512
0.525024	0.618584
-0.357638	0.143213
-1.33247	0.0242997
-1.29604	-1.72172
0.194324	0.0294129
-0.43999	0.313194
-0.703509	-0.648634
1.22333	-0.169705
-0.481867	-0.0789538
-0.434626	0.112895
-1.11603	-0.386726
0.329394	0.373153
0.226517	-0.676297
-0.124253	0.00729235
0.267566	0.664559
-1.03507	-1.40281
1.14596	0.962146
0.75899	0.924607
-1.34224	-1.64231
1.09143	1.45937
1.38005	1.15585
0.963884	0.198957
-0.133285	-0.324887
0.773931	1.3125
2.23323	1.84667
-1.0097	-0.355511
-0.0257378	0.889105
-0.70684	-2.02833
-2.94644	-0.440273
1.05507	0.881708
0.716241	0.258821
0.153484	0.0747149
0.306682	0.249566
0.591797	1.12118
0.907899	0.815199
0.0660596	-0.573979
-0.943408	-0.192859
-1.15628	0.0456848
0.143237	0.701624
1.43403	0.976854
0.680143	-0.887068
0.188627	0.318542
-0.263506	-0.500363
-0.399127	0.666465
-0.638164	-2.02744
-0.536722	0.931365
0.985152	0.685335
0.49576	0.875997
-0.710476	-1.59957
-0.396555	-0.46971
0.497353	1.04464
-2.53929	-1.81465
1.16024	0.390916
-2.11311	-1.51796
1.03301	1.28302
-0.416544	-1.62555
-0.826609	-0.464119
-0.190236	0.0179933
0.775205	1.29456
-0.7039	-1.10444
-0.759081	-0.774823
0.0467256	1.46778
-2.24872	-0.803651
0.448377	-0.103304
1.99268	2.20572
1.63439	1.19622
0.339547	0.673977
-0.0136924	0.111221
-0.394172	0.425225
-0.334071	0.838332
0.45751	0.572373
-0.814853	-0.654067
0.451106	0.0115941
0.518508	0.382166
-0.690046	-0.114251
1.77114	0.0897275
2.14162	2.16484
-1.50742	-0.201761
0.782276	1.35262
0.635666	0.109374
0.288797	-0.934313
-1.85627	-2.59435
-1.17734	-0.6983
-0.655267	-0.645339
1.82483	2.14159
-0.888789	-0.0485468
0.817949	0.798365
0.162168	-0.146613
0.198013	0.791411
-1.00286	-0.491305
0.941132	0.378561
0.606231	0.717632
-0.698539	-1.51934
-1.04188	-1.08614
0.966805	0.504959
1.92256	0.929516
0.261351	-1.21627
-1.1794	-0.717459
-2.05717	-0.875783
-0.163435	-0.906353
1.88072	1.70482
0.400834	0.309129
0.699073	1.285
0.832601	-1.67127
0.293115	0.517491
-0.701336	-0.340248
-0.773095	-1.04536
0.497405	-1.17883
-1.20702	-1.61878
0.466066	-0.0381533
0.708088	-0.671453
0.203451	0.453264
-0.486089	-0.648942
-0.342136	0.984204
1.36306	1.00387
0.147785	0.113262
0.461209	0.0904184
-0.460665	0.832389
0.75323	0.562183
-2.03169	-1.21677
1.45878	1.40378
1.23655	1.06681
0.194571	0.0634265
-0.967046	-0.489031
0.92374	0.586974
-0.130903	0.05013
-0.47615	-0.316799
-0.229691	-0.531342
0.469291	0.835938
0.569509	0.395862
1.09993	1.53386
-0.787054	-0.555278
-1.08212	-0.621369
0.257144	-0.164336
0.425465	0.748364
-1.16804	0.359706
0.450384	1.0445
-0.0549903	0.0176935
-2.12035	-1.52136
-0.292203	-0.562983
-0.278564	-0.714264
0.813452	0.829282
-0.434044	0.620884
-0.872624	-0.701016
2.00138	1.55671
-0.0758325	0.544914
-0.712667	-1.18093
0.420219	0.0198018
-1.58413	-2.14683
-0.768827	-0.400305
-1.73771	-1.57867
-0.646784	-1.47575
0.402536	0.675231
-0.397678	0.681182
-0.0434637	-1.1246
0.469569	0.220534
-0.712607	0.0487951
-0.0658107	1.10859
-0.00583224	0.566665
-1.04352	0.125965
1.27385	0.61798
0.16669	0.086656
0.574553	0.561021
-0.400076	-0.689553
0.852962	1.31616
0.928859	0.867105
-0.675898	0.588807
0.674903	1.29772
-2.39514	-1.07538
-1.42894	-1.53523
-0.122787	-2.5512
-0.976147	-0.177595
-0.759873	-0.248639
0.0958758	-0.79904
-0.244112	0.557911
-1.07156	-1.29928
0.323916	-1.45426
-0.0661247	1.38046
0.807266	0.387476
-0.995632	0.243843
-0.924134	0.0891593
0.414439	0.211011
1.22919	-0.744754
0.0479415	-0.335419
0.749756	0.621498
1.32439	2.00369
0.139654	-0.278284
-0.492259	-0.772011
-0.309081	-0.056846
-1.3305	-0.547079
0.67461	0.671945
0.00379071	-0.154791
1.6565	1.7072
-0.402558	-0.356788
0.179852	1.23925
0.212748	0.340599
1.3098	1.61999
0.652079	0.605219
-0.970715	0.377261
0.363348	0.272606
0.0432483	0.296038
-0.00596863	1.00658
-1.54882	-1.78365
1.22673	0.149554
0.560377	-0.778386
-1.69644	-1.24033
0.714053	0.611262
0.675972	0.742511
-0.483824	-0.376656
-1.41729	-1.85798
0.166668	-1.15609
1.65827	1.52104
-2.79306	-1.41164
2.21482	2.26452
-0.705912	-0.0919985
-0.396692	-0.00808306
1.23254	0.599763
-0.216922	-0.182377
1.22856	1.43302
-1.92849	-0.957821
-0.647856	-0.484709
-0.355425	0.284791
-0.128134	-0.331113
-0.740396	-0.67906
-0.0315633	-0.97127
0.0993714	-0.484859
0.136812	-0.472915
-1.11564	-1.00411
-1.52594	-0.305478
0.413797	0.085902
0.337721	0.95205
-1.43191	-1.81835
-0.594096	-1.12225
0.163286	0.241623
-0.848185	-2.31765
-0.91202	-1.59269
0.509248	1.65455
-1.03283	-1.87492
0.199765	-0.692844
-0.51847	-0.446337
-1.03153	0.289177
2.03861	1.60414
0.741293	-0.0571305
-1.38155	-1.60809
-2.10644	-1.07242
1.90776	2.20714
2.43855	2.27623
0.851314	1.02053
0.00647251	0.773862
1.27046	1.02175
-0.571095	-1.75039
1.22748	0.720668
0.466813	-0.604711
-0.188847	0.0813215
0.0942277	-1.09002
0.824214	1.00544
0.191335	0.659036
-0.860816	0.52173
-0.449665	0.97254
1.41212	0.367024
0.405019	0.803104
-0.0984136	-1.38955
-1.29255	-0.802409
-0.224997	0.993156
1.30058	1.7051
-0.158099	0.447635
-0.586463	-2.48333
0.0625028	-0.424452
0.95447	1.95325
0.44524	0.411775
-0.61552	0.182812
-0.670071	-0.425011
0.0905678	1.33974
-0.0227738	-0.82412
-0.134087	-0.0847466
-0.174094	0.202101
1.32795	1.97546
0.569023	0.557745
-1.20145	-1.2451
0.488171	0.321746
-1.23317	-1.38981
-0.988302	-1.82192
1.78898	1.70792
0.141323	0.24918
-0.283766	-0.302055
-0.363566	-0.420554
-0.221833	0.0412764
-0.0137446	-0.119623
-0.315158	-2.10019
-1.13802	-2.54725
-0.469051	0.195567
-0.677704	-0.506339
1.4858	1.23643
-0.993224	-0.601091
0.483686	0.466792
-0.607143	1.46451
-0.364118	-1.37334
-0.138831	0.0207699
-0.601551	-0.868781
0.402287	0.619106
0.811669	-1.47303
0.0817592	0.108083
-0.984109	-0.220777
0.443708	0.418547
-1.816	-1.21152
-0.0814555	0.268221
1.02586	1.22563
-1.19733	-2.07785
0.546227	1.01157
0.171503	0.590333
-0.0138688	-0.914806
-0.384714	-1.02939
-0.643585	-1.0099
0.022813	0.227285
0.0220914	0.783592
0.487145	0.258508
0.896557	0.671193
1.21932	0.0561311
0.615783	0.135205
1.7549	1.20648
0.318828	0.541329
-0.439565	0.737574
-0.242056	-0.441947
0.314813	1.184
-0.347422	-0.358071
-0.35957	-0.730967
0.544188	0.908725
-0.36092	-0.228322
0.144078	-0.0357585
-0.178171	0.758092
0.358319	0.118667
1.93987	1.12218
-0.0996618	-0.490885
-1.68049	-0.796252
0.853379	0.416177
-0.0531076	0.140727
0.876878	1.16157
0.676514	0.178787
-2.15422	-1.69477
-0.658261	-0.714792
-0.854637	-2.03957
-1.84953	-1.71264
1.56754	1.53366
1.92402	1.23507
-0.555509	-1.05045
-0.54333	0.0893223
-1.28068	-1.25637
-0.43594	-1.42515
0.547428	0.864213
-0.410125	-1.37514
-0.521888	-0.211784
0.171187	-0.11365
-0.781102	-0.00870772
-0.451817	1.28797
0.526536	0.538214
0.214055	0.564456
-0.743831	-0.299066
-0.484548	-1.04809
-0.190138	0.255479
0.165085	-1.62003
1.03322	1.13111
0.0516968	1.56517
1.00633	0.578144
-0.0886416	-0.760183
-0.174571	-1.49988
-0.265362	-0.627711
-0.328529	-1.69001
-1.79289	-0.727404
-0.0756105	0.254073
-0.268137	0.983556
-0.522076	0.428357
0.0894388	1.32188
-0.402165	-0.256148
0.298342	0.212476
0.443272	0.0594409
-0.34735	-0.0518795
1.56659	1.16479
0.710356	0.943933
1.09045	-0.774561
-0.948351	-1.53237
1.15992	-1.38499
-0.414204	0.580253
-0.101275	0.417808
0.773645	0.22793
0.923598	0.50361
-0.214745	-1.08096
-0.880281	-1.36788
0.428927	0.191153
-0.338324	-0.0689159
0.106305	-0.314602
0.474222	-0.685344
2.01645	1.83694
-0.721957	-0.962109
0.922083	0.899387
-0.454016	0.130423
0.298031	-0.331866
-0.79369	-0.314938
-1.23779	-1.25221
0.962207	0.993065
0.0906701	-0.565791
-0.038702	0.494064
0.250785	-0.277944
-1.21238	0.278293
-1.4642	0.400643
-0.729091	-0.473129
0.0939373	0.0791309
-0.672851	-0.418985
-1.44583	-0.0611643
0.414065	0.446745
-0.944039	0.214299
0.885785	-0.169262
1.96748	2.08193
0.0107408	-0.582664
0.00192232	-0.0910258
0.213985	0.268822
0.45881	0.871511
-0.0713381	-0.286005
-0.284641	-0.126101
-0.0993938	-0.430034
0.537181	0.400596
1.73881	2.15817
1.98221	0.545548
0.714705	1.70865
-3.0763	-0.874707
-0.762673	-1.74929
0.405813	0.938638
-1.17516	-0.736745
-1.16711	-0.733959
-0.451527	0.832508
0.0952867	1.283
1.02932	1.37865
0.833679	0.630087
0.647829	0.330264
-0.737501	-0.835153
-0.942643	-0.242395
-0.274767	-0.0402918
1.01966	0.653579
-0.309048	-0.42248
0.236318	0.274323
-0.206601	-0.726014
-0.126306	-0.255799
0.580726	0.087636
-1.23311	-1.16596
0.921125	0.542857
0.212387	0.405278
-0.83525	-0.555207
0.540736	-0.022818
-0.395514	-1.38245
0.455846	0.961198
0.235778	-0.37425
-1.27595	-0.192293
1.07193	0.561097
0.46764	-0.216947
-0.697867	1.8909
-3.01333	-1.65613
0.280239	1.26723
0.111915	-0.637722
-0.805881	-0.766944
-1.96889	-0.0647444
0.247874	1.24054
-0.183109	0.630292
0.728469	-0.267266
1.77795	0.859134
1.79665	1.54992
-0.192118	-0.054786
1.04304	1.48871
-0.297359	0.114375
0.139853	0.277909
-0.474088	-1.22448
-0.399017	0.42078
1.12424	0.439192
-0.642613	-0.154534
-1.24764	-1.16021
0.807451	0.51705
-0.386359	0.494793
-0.991926	-0.570413
0.074893	-0.266285
-0.610482	0.124859
0.264998	0.500363
0.65465	0.146591
1.29972	1.03658
1.99051	1.96182
1.82104	0.768812
2.07973	1.99486
0.666106	0.79559
1.20336	0.789628
-1.77518	-1.58228
-0.666801	-0.158294
-1.68151	-1.09914
-1.26005	-1.88206
0.413814	-0.0486645
0.0608973	0.101868
-0.801818	-0.143118
0.164126	0.368365
-1.55748	-0.913868
-0.12761	1.12159
2.0661	2.22048
0.514567	0.835076
-0.545743	-0.619385
0.312167	0.381158
-0.337183	0.0557279
0.886022	0.0405048
-0.908808	-0.707281
-0.254361	-0.572705
0.743957	0.325023
-0.530263	-0.858227
0.575519	-1.02848
0.366032	-0.267425
-0.289387	0.373422
-0.704666	-0.350029
-0.590854	-1.62278
-0.999788	-1.4352
-1.33414	-0.977408
1.254	1.74867
0.0933877	-0.109748
1.36318	0.892524
-0.988058	-0.121573
-1.38036	-1.10217
0.25443	0.246665
0.739883	-0.0548746
-0.236656	0.303983
-1.33691	-0.264299
0.66291	-0.35956
1.27412	1.54161
-0.413089	-0.39947
-0.75602	-0.429037
-0.360659	-0.31702
-1.74788	-0.833979
1.49509	0.968901
0.00734314	-0.149963
0.153119	-0.501286
-0.376752	-0.150479
-1.44713	-1.77868
-0.0276751	-1.28058
-0.948305	0.00979668
0.0735288	0.546539
-0.320378	-0.133368
0.818318	1.09886
0.18003	0.356828
1.35529	1.35238
-0.223996	-0.144236
-1.54837	-0.848672
-1.65385	-0.684067
1.66136	1.08704
0.189312	-0.204669
0.248343	0.972378
-0.421215	-0.781291
-0.48596	-1.1935
1.93366	2.0924
0.975004	0.574623
-1.59282	0.690793
0.554134	0.704662
-1.43484	-0.635949
-1.54789	-1.86412
0.529444	0.139268
1.27375	0.594141
0.573423	0.211162
2.35726	1.69863
-0.115374	-0.13666
0.388058	0.486722
-2.12135	-0.390013
0.523556	-0.763436
0.270414	-0.113113
1.00677	0.520681
-0.692797	-0.598561
0.779738	0.238395
-0.359765	1.1419
-0.5872	-0.221888
-0.420496	-0.494624
-0.700773	-0.489219
0.980863	-0.553886
0.0114316	-1.39987
1.54105	1.31023
-1.40678	-0.829133
0.0869966	0.546558
0.360194	0.389867
0.455589	0.590221
0.766623	-0.743385
1.75563	1.68393
0.301721	0.783269
-0.18214	-0.636168
0.505403	-1.39953
1.68635	1.5119
0.888111	0.367358
0.778731	0.529901
0.596339	-1.30452
0.352405	-0.856662
0.399514	0.183957
0.260706	-0.146753
0.958482	0.454543
-0.607028	-0.146263
1.77999	1.17429
0.0321601	-0.636172
-0.136864	-0.573412
0.178075	0.586106
-0.208945	0.162537
0.725051	0.731704
-0.502229	0.415905
-0.372231	0.24031
-1.71075	-1.59547
0.142072	-1.04674
0.611817	1.22225
-0.514185	-1.15728
-0.0235828	-0.698047
-1.47309	-0.887927
0.215368	-0.311312
-1.05353	-0.00890955
-0.803116	0.0111575
0.419423	0.171967
-1.60212	-1.11255
-1.24191	-1.81773
0.498793	0.410894
-0.541711	0.382912
-0.331988	0.904915
2.06541	2.61275
0.0688834	-0.38817
-0.543295	-0.614461
-0.457197	-0.153546
0.0394049	-0.171253
-1.10841	-0.80828
0.517466	0.458518
-0.672086	0.00180296
-0.922231	0.0656837
-0.0339201	-0.119849
-0.832557	-0.37873
-2.4313	-0.833131
0.928962	-0.623045
0.626959	0.346983
1.40128	0.750162
-0.620035	-0.205833
0.839851	0.787054
1.29031	1.31945
-1.11879	-0.540078
0.317489	-0.387346
0.571238	0.501261
0.571328	0.604117
1.2533	1.28716
0.83881	0.505229
1.20703	0.475097
-1.53456	-1.35291
-1.07951	-1.39618
1.21431	1.7658
-0.767251	-1.87019
-0.0196146	0.242505
-0.562764	0.18322
-0.520239	-0.62746
1.55891	1.06342
1.21271	0.765665
-2.0498	-0.130255
1.01386	1.88199
0.967268	0.842683
-1.94636	0.284616
-1.04209	-0.201052
-0.066781	-0.0995967
0.880894	1.19393
0.313297	1.08362
-0.347819	0.457902
1.19415	0.648613
0.799944	-0.581895
-0.198009	-0.21353
0.0644184	0.528547
-1.11267	-0.604309
0.666374	0.792077
0.513074	0.708372
1.68959	0.782003
-0.555345	-0.279112
-1.19852	-0.432623
-0.305906	-0.228239
0.305376	-0.450203
-0.665618	-0.446406
1.29576	1.07959
-0.00559957	0.435363
0.525723	-0.316319
1.21828	1.33956
1.4007	0.947561
-0.0770622	0.0111159
1.42744	1.58221
0.648069	0.3704
0.963044	-0.204841
-0.411592	-0.718265
0.81908	0.392665
0.710607	-0.348612
-0.0417559	0.0765321
0.766896	0.270394
1.8534	1.30156
1.4202	1.27569
0.208766	0.771885
-0.643926	-1.17167
-0.71405	-0.136107
-1.18186	-0.239396
0.461522	0.55342
-0.789402	0.105585
0.315571	0.55843
1.19146	-0.374577
-0.814707	0.181302
-1.80507	-1.37026
0.385095	0.327971
-0.893013	-2.18982
-0.12472	-0.794502
0.349276	0.785388
0.145817	1.28349
-0.11486	0.350296
0.239899	0.0390738
-0.321989	-0.225498
1.78263	1.08841
-0.880476	-0.193568
-0.776437	0.655365
1.39099	0.798243
0.0180618	-0.706621
1.51988	1.54009
-0.0357695	-0.397739
-1.88675	-0.794181
1.84318	1.90657
0.171874	0.793438
0.397798	-0.0645355
0.223313	-0.491702
1.49768	1.87108
0.0836604	0.115007
0.292934	-0.323776
-0.1351	0.83453
-0.699641	-0.921249
0.2614	0.461508
0.350823	-0.452614
-1.43218	-0.436811
0.955362	0.583539
0.147298	0.536294
-1.33367	-1.29352
-1.71871	-0.930783
-0.798808	-0.933589
0.604891	0.0363648
-2.58594	0.493692
0.70015	0.782599
0.0259401	0.0189863
1.58267	1.42002
0.213531	1.03969
1.35973	1.01004
-0.203113	0.213349
0.795777	0.737066
-0.209935	-1.40812
-0.655678	-0.942707
-0.737778	-0.646891
-0.126891	-0.652267
1.77314	0.97075
0.0445932	0.0151589
-0.1145	0.0913798
-0.029883	-0.0893251
-0.599561	-0.868483
-0.23226	-1.04214
1.20098	1.38169
-1.19582	0.470259
-0.320122	0.927331
-0.223534	-0.254195
0.0727206	0.580337
0.394451	0.420691
1.05662	0.822623
0.899603	0.757868
-0.47203	-1.64595
0.377211	0.517056
0.249138	-0.947487
2.21808	1.80273
1.90754	1.86312
1.12268	-0.408239
0.629371	0.413511
0.320281	-0.549742
-0.146173	-0.0294758
-0.205049	-0.0286364
-1.11877	0.186252
-0.0518221	-1.24984
-0.250257	-1.64485
-0.0627566	-0.42636
0.0447885	-1.49037
-0.261656	-0.274242
1.03111	1.8674
0.883785	1.05435
-0.337024	0.0226097
0.575845	-0.303459
-1.79285	-1.3784
1.99923	1.0315
-1.20457	-0.74499
1.55378	1.84066
0.190249	0.368174
1.0909	1.08377
0.665565	0.183706
-0.416279	-0.25394
-0.787786	-0.573167
1.54139	1.56884
-0.459464	0.161388
-0.794159	-0.25898
0.694915	0.434475
0.386253	-0.00640506
0.0335732	0.0184863
-1.17141	-0.95076
0.34092	0.180858
0.400712	-0.149959
-0.999304	-0.230015
-0.900888	-0.579533
0.504556	0.296082
1.15292	1.42176
-0.0278771	0.257556
-1.17781	-0.382753
-0.442703	-0.526595
-0.00506125	-0.436067
1.80469	1.56022
0.754884	1.37002
-1.3854	-0.256238
1.50093	1.65826
-0.517064	-1.62996
-1.19381	-0.120595
-0.97036	-0.488456
1.08117	0.818915
-1.35503	-2.1865
2.28009	2.61694
0.475163	-0.633733
-0.138525	-0.226603
-0.172053	0.251341
-1.64031	-0.855767
0.681644	-0.0872553
1.5657	1.14692
-0.653572	-1.19108
-1.20461	-1.79425
0.245496	0.442895
1.7367	1.65364
1.31947	0.595829
-0.324567	-0.156417
-0.728556	-0.485658
0.356445	-0.440227
-1.71323	-0.44974
-0.692799	-1.55332
0.898044	1.16221
0.206464	0.511796
-1.59314	-1.64874
-0.804532	-0.609422
-1.14625	0.0708571
-0.0404903	-0.413367
-0.398505	-0.534892
0.0520222	0.106733
0.479746	-0.282878
-1.47384	-1.72894
-0.947563	-0.0962647
1.0221	-0.906424
1.34496	0.725794
0.27657	0.59335
0.268421	-1.23982
0.120946	-0.490017
-0.830742	0.549264
0.463251	0.38969
2.07379	2.09073
-0.36927	1.28197
0.777248	0.256298
2.47749	2.38756
0.0718126	-0.628533
-0.974465	-0.398262
-0.100795	-0.777576
1.31547	1.46216
1.79673	1.77695
-2.61818	-0.789316
0.709697	0.289757
1.03268	2.0309
0.43943	-0.400524
-0.298737	-0.439395
1.14175	1.18349
-0.533431	0.2488
-0.865801	-0.73013
0.382453	0.162677
0.358377	0.982289
-0.184583	-1.74222
1.01458	1.14356
-0.612907	0.620031
-0.806397	-0.18928
0.616692	0.755261
2.20488	1.80687
-0.352526	-0.885678
0.485351	2.07286
1.14304	0.0200653
-0.516168	-0.271579
-0.851753	-0.404592
-0.570046	-1.51412
-0.661327	0.477647
-0.610682	-0.168475
-0.743245	-0.459343
-0.715335	0.409937
1.00951	0.374867
-1.22326	-1.59087
0.659657	1.1155
0.489617	0.610901
0.240116	0.351338
0.474435	0.430944
1.20225	1.34758
1.49116	1.82102
-0.165473	-0.508655
-1.70009	0.656849
-0.816155	0.164199
0.715052	1.55719
0.341318	-0.545578
1.26729	0.769383
-3.22526	-2.59516
0.895519	-0.3998
-1.75634	0.918335
-0.199197	0.17456
1.57203	0.553096
0.897229	1.02988
-0.979614	-0.611724
1.94384	1.40487
1.06585	0.856843
-1.19892	-0.900776
-1.33352	-0.988258
0.429056	0.459366
-0.507464	-0.135699
-1.37765	-0.00328787
-0.551722	-0.673615
0.654203	-0.259552
-0.679741	-0.419325
-0.807824	-0.519356
-1.02845	-0.236217
0.200955	0.522238
0.588971	0.162773
-0.836236	-0.975579
-0.904192	-1.4916
-0.176964	0.77735
1.49385	0.982861
-0.802489	-1.13012
-1.91369	-1.44112
-0.51648	-0.943314
-0.423833	0.173696
-1.10217	-1.52961
-0.838038	-1.02112
0.449582	0.541538
-0.912019	-1.00818
0.378263	-1.07532
1.08686	1.21664
-1.58622	-1.20796
-0.794945	-3.21802
0.91545	0.696621
-0.368773	-1.13891
-0.987209	0.0646972
1.12243	1.26608
-1.59942	-2.14445
-1.48743	-0.252179
-1.68171	-0.757739
-0.516085	0.927615
-0.914615	-0.761244
1.62801	1.736
-0.00292785	0.198607
0.317217	0.472505
0.905264	0.299461
-1.40009	-2.58855
0.0159086	0.947456
-1.93709	-0.74138
1.17964	1.57226
0.170589	0.548866
1.20701	1.53088
1.32621	0.980575
0.471791	0.819801
0.366023	0.0942869
0.0368193	-0.0469343
0.793932	1.56216
0.957377	1.04349
-0.238652	-0.797217
1.78199	2.13792
-0.763657	-1.16145
0.435043	0.655802
-1.40381	-0.173673
-0.914511	-0.0496778
-0.000783911	-0.318288
-1.81731	-0.0449385
1.63821	1.17904
-1.02673	-0.514693
1.80604	1.62825
-1.24002	-0.496224
-0.708558	-1.1982
-2.64404	-1.94207
-0.417379	-0.854266
-0.542345	-0.0738077
-1.06877	-1.70545
1.7998	1.37209
1.23494	0.940019
-1.47343	-1.14891
0.404781	0.491166
1.23711	0.703298
-0.0995908	-0.0179137
2.293	1.7186
-1.63535	-1.99564
-1.70841	-1.25732
-1.33354	0.49505
0.231464	-0.354169
-0.44218	0.216901
-1.08996	0.190156
0.952127	0.411461
1.26311	1.44618
-1.73881	-0.656846
-0.151779	0.0823328
0.474615	0.0150747
-1.6339	-0.784868
0.960602	0.409103
0.398869	0.284465
-0.752201	-0.16812
-0.325137	0.171459
0.887137	1.38142
-1.34577	-2.52762
0.341625	-0.855498
1.16138	1.61968
1.00905	-1.10532
0.193794	0.295402
2.28606	2.63173
1.11923	0.879695
-1.54561	-0.738996
-0.278436	0.0871183
0.422318	0.149413
0.986013	1.13178
1.83979	2.03026
0.946354	1.50908
-0.259026	0.0254407
-0.831005	-0.526673
-0.476685	-0.0162746
0.145256	-0.128117
-1.44178	-0.0490437
-0.233837	0.945784
-0.796574	-1.33668
-0.548598	-0.393914
0.700897	0.886795
0.0821477	0.264208
1.39646	0.885759
-1.08358	-0.432749
0.770002	1.02802
-0.0397716	-1.39989
-0.214066	-0.0768734
-2.0263	-0.226626
-1.30212	1.26633
0.68962	1.40255
0.723816	-1.04121
0.319387	-0.934337
0.339862	0.631358
-0.294219	-0.0563565
-0.121611	0.211029
0.0967032	-1.2365
-0.771833	-2.30429
1.52166	1.82589
1.79514	1.8198
-0.440907	-0.268031
0.326221	-0.0404555
1.99311	1.62987
0.124775	-0.00875866
0.597622	0.113605
0.618552	0.743014
-0.362547	0.452278
2.37279	1.63476
-1.9816	-1.51441
0.115026	0.498003
0.201214	1.06771
0.54629	1.26069
0.963047	0.967042
0.712685	-0.0890305
-0.357021	-0.770888
-1.1004	0.0893486
1.74231	1.992
-0.315285	-0.532638
0.0935979	0.578143
1.59032	1.04486
-0.0649056	-0.127585
0.426823	0.901076
0.0453382	-0.265843
-0.23002	-0.40374
-0.349963	-0.717468
0.659837	0.993599
-0.563185	-1.72534
-0.264461	-0.562515
0.574218	0.115309
-0.314991	0.185607
0.539225	0.158804
-1.03744	-1.29728
-0.34084	-0.617561
0.650611	1.05879
0.923738	-0.203032
-0.485896	-1.45189
0.30279	-0.775971
0.00529952	-0.192711
-0.294303	0.0526305
0.649571	0.153203
-2.09317	-0.858736
-1.71076	0.170692
-0.167918	-0.486214
-0.0867119	-0.149205
0.0886662	-0.537598
-0.515925	0.528796
-0.169686	0.419985
-0.883291	-0.328398
0.934909	0.652441
-0.436764	0.588534
-0.0998057	-0.0672879
2.06277	1.98561
0.136127	0.156617
-0.665547	-1.94677
-2.01425	0.0390179
0.281774	0.497824
-0.948247	-1.88303
1.07589	1.06956
1.25425	0.55722
-1.89346	-0.147517
0.129052	-0.288731
-0.0635497	-0.639144
-0.630037	0.341602
-0.0584245	-1.12626
0.666289	0.834995
0.341455	-2.18175
-0.955683	-0.563442
-1.37425	-1.50405
-0.23141	-0.56835
-0.817143	-1.03308
0.107283	0.240267
-2.00942	0.00202659
1.20802	1.01367
-0.774012	-0.672751
-1.00023	-1.57024
0.842012	0.823376
0.658252	1.1787
-2.49504	-2.14236
1.98473	1.62802
-0.0207522	1.66924
-0.788432	-0.645243
0.904349	0.911743
-0.875239	-1.30191
-0.1532	-0.241191
0.251396	0.260691
1.2103	-0.182318
-2.15621	0.452412
0.980348	1.3392
0.090987	-0.772786
2.69499	2.46184
0.166532	-0.202353
1.16096	1.44532
0.0987783	-0.614187
1.88551	0.747879
0.920997	-0.438418
0.99073	1.44797
-1.72187	-1.51167
0.194088	0.136783
0.64632	1.43821
1.02579	0.849687
-1.285	-1.77093
1.12049	0.705119
0.375882	0.642371
-0.459831	0.169876
0.243726	0.14243
0.36583	0.792647
-1.27716	-1.1745
0.318349	0.813105
0.361854	0.379208
0.641748	-0.207345
0.302284	-0.609134
-0.90534	0.222164
0.376726	0.0282967
1.98512	2.05493
0.377666	-1.69583
1.01909	1.14844
-0.613464	-0.292673
-0.806515	-0.895182
-1.82892	-3.07043
-0.188283	-1.09068
2.36753	2.13424
-0.311599	0.188931
-1.69777	-0.505263
-0.35448	-0.815182
0.320203	0.250844
-0.895768	-0.0259041
0.373429	-0.236255
-1.06028	0.00816313
-0.67213	-0.348424
-0.513856	-0.612564
0.210038	-0.0264314
-0.823895	-1.55396
-3.14895	-0.801333
-1.15827	-0.944478
-1.29751	0.759797
-0.726699	-1.135
-0.869194	1.63299
-0.364808	-1.01629
2.04237	2.00498
0.162557	-0.0213551
1.94371	1.38065
-1.18406	-0.462512
-1.20233	-1.71482
1.54167	0.0746856
0.472915	-0.51897
-0.152615	0.0232791
0.103443	-1.11642
1.40243	1.51416
0.0599886	0.0928964
-0.536363	-1.74097
0.551781	-0.513769
0.433077	0.247033
-3.11606	-1.67957
-1.26882	-1.12774
-1.5967	-0.950281
-0.17401	-2.38399
1.96317	1.93092
-1.72975	-2.08435
-0.917008	-0.889949
-1.12931	-1.40713
-1.51407	-0.0168866
0.577026	-0.537849
0.837999	0.785329
-0.577061	0.0769868
0.544044	-0.0332332
0.524992	-1.62478
0.5026	0.548944
-1.44339	-1.73311
-0.25986	-0.00266433
-0.22928	0.190248
-0.770528	-0.0241569
-4.00534	-0.0253472
0.0830933	0.323577
0.804458	1.19062
0.369816	0.13368
-0.163928	0.0912324
-0.425691	-0.633579
0.352838	0.566332
-0.909747	-1.56338
-1.45573	-0.718823
1.98721	2.18187
-1.01031	-0.254059
0.728499	0.072636
-1.38173	0.61415
0.640867	1.55839
0.610579	0.3272
0.828381	0.855541
-0.991322	-1.97695
-0.704329	-0.412696
1.78942	1.54029
-0.125181	-0.42643
-0.1107	-0.128768
1.69659	2.12638
-0.195319	0.395426
-1.13947	-0.744704
1.24925	1.86643
0.545048	-0.486231
0.252802	0.170735
0.906254	-1.4374
0.789297	1.81767
-2.10336	-0.167291
-0.367347	-0.455059
0.466109	0.370891
1.20264	1.44919
0.815339	0.715658
0.166421	-0.903228
0.630041	0.843953
-0.698762	-0.294594
-0.606874	-0.597829
0.457997	-0.270698
-0.633336	-0.756229
-1.09142	-0.366935
0.785226	0.289853
-0.682661	0.529009
0.0516397	-0.994883
-0.515572	-0.783022
1.52836	0.140567
-0.220111	-0.686247
0.19124	-0.67556
1.59964	0.336228
-0.132933	0.147604
-0.833741	-0.478775
-0.301145	-0.685518
0.0724774	1.48448
-0.78713	-0.0124805
0.419712	-0.191783
-0.52131	-1.04442
1.29019	0.935489
-0.230975	0.252767
-0.783604	-0.0127
0.0821031	0.726776
0.365981	0.242901
0.330782	-0.0146415
-0.291102	-0.0629749
-1.41829	-2.3123
-0.0271427	-1.54869
0.605078	-0.477533
1.60354	1.82433
-0.777855	-1.04591
-0.688214	-2.71493
-0.0722778	-1.36934
-0.905515	-1.20598
0.91217	0.824664
-0.137767	-0.162536
-0.496761	-0.275503
0.428541	-0.0550371
-0.137161	0.853165
0.465086	0.517847
1.59637	1.61797
-2.61611	-1.85096
0.153351	0.711636
-1.5029	-0.741757
-0.349249	-1.08979
-0.177733	-1.35428
-0.0165405	-0.56756
0.991983	0.876645
-0.230004	-1.00592
0.182783	-0.534949
0.155609	-0.0126376
2.26999	1.91229
2.06301	1.40384
-1.48993	-1.4874
-1.42939	-1.3401
0.593772	1.23229
-1.02489	-1.2108
1.42907	0.856259
-1.19642	-0.232619
0.09456	0.357855
0.831682	1.48219
0.111972	0.273665
-1.1663	-1.6687
0.871934	0.907388
1.04779	1.53614
-0.499268	-0.413082
-1.38392	-0.899053
1.38019	-0.023285
-0.6887	-1.47678
2.03306	1.94485
-0.38052	0.714744
0.874408	0.883217
-1.19598	0.0206627
-1.22598	0.135354
0.18306	-1.03258
1.13929	-0.374417
0.201003	-0.159521
0.0182033	1.15342
1.19977	0.698815
-1.20308	-1.08711
-0.909188	0.110458
-0.176512	-0.847834
1.62116	1.70956
-0.649851	0.347043
2.01279	2.10574
-1.03242	0.0754965
0.595136	0.294261
-0.561173	-1.03759
-2.03082	-0.748457
-0.651156	0.880482
-0.91743	-0.109003
-0.820655	-0.453289
-1.45846	-1.03679
-1.14629	-0.725333
0.882498	-0.549705
2.10411	2.06166
-0.479278	0.718553
0.736852	0.595791
0.817142	1.24262
1.04765	1.25873
0.365881	0.775647
-0.743811	0.0583694
-0.0562843	0.951625
-0.66156	0.022572
0.380122	0.0856048
2.07655	1.99882
0.0464552	0.900133
-0.384558	-0.732521
-1.61159	-1.51719
-2.10191	-2.27376
-0.465533	0.102564
0.24036	0.364396
-0.976479	-0.935215
1.48118	1.67739
-0.527776	-1.31193
0.595157	1.67774
0.533783	0.45254
-0.861174	-0.816485
0.371557	0.328077
-0.913082	-1.26231
-0.287371	-1.21799
0.283261	0.959963
1.81715	1.86156
0.851202	0.557775
-0.943488	-0.622948
1.17	0.528837
0.433224	-0.437151
0.696984	1.18588
0.425752	0.224423
0.558656	0.261966
1.3137	0.984149
-0.431681	-0.0621828
-0.107521	0.630448
0.400733	0.275793
-0.662191	-0.67342
0.414115	0.660354
1.41488	1.16439
-1.06988	0.287653
-1.61837	-0.739315
-0.608252	-0.57548
1.07045	0.556058
0.504819	-0.531999
1.10664	1.35973
-1.38769	-0.304369
-1.75953	-1.33393
0.300325	-0.28818
-0.294112	-0.958624
-0.690583	-0.245313
-1.60261	-0.850005
0.11471	0.544488
-1.25903	-2.88224
-0.263286	-0.138953
1.41896	1.38172
-0.621092	-0.147323
0.186901	0.578365
-0.138311	-0.219143
0.00610024	0.168377
-0.809867	0.801135
-0.0187434	-0.995139
1.28437	1.40649
0.309179	-0.205452
1.77155	0.0979725
0.0524398	-1.854
2.49274	2.11529
0.257751	-0.621449
-0.158171	0.00683224
-0.418971	-0.167402
-0.00217411	-0.195396
-1.73513	-1.27254
0.208839	-0.836014
0.341556	-0.0925193
-0.526363	-2.59877
1.11479	-0.00269577
-1.41446	-0.718687
-0.229087	-0.693753
-0.676552	-0.292834
-1.43863	-0.832343
-0.716857	0.487772
0.237874	0.155584
0.625208	1.06858
0.473122	-0.193877
1.55432	0.960587
-1.35482	0.146446
1.60048	1.15649
1.39616	1.44427
1.7016	2.10489
1.37377	1.48525
0.113407	-0.0465057
0.0539231	0.00832462
-0.00224044	0.495504
-0.183465	-0.35368
-0.00869234	-0.993278
-1.32867	-2.57372
0.228135	0.537663
0.256787	0.737287
0.0368357	-0.773317
-1.44045	-1.7005
-1.16454	-0.967309
-1.4873	-1.62413
-0.213035	0.482252
-1.00883	-0.352735
-1.18632	-0.845714
2.15403	2.19671
0.47711	0.518235
-0.0323424	0.436107
0.338639	0.526428
0.490764	0.374641
0.166869	1.01115
-1.15446	-0.502315
-0.655049	-0.577689
-0.285154	0.583103
-1.62167	-2.49606
-0.572952	-0.388063
-1.77005	-0.800617
1.40484	0.87158
1.30845	1.00139
0.0274945	-0.778102
-0.747454	-0.772067
0.372102	-0.209204
-0.406028	-0.265087
1.32886	1.26322
0.447439	0.0908521
-1.95473	-2.38041
-1.51425	1.28895
0.661176	1.0817
1.24505	0.786258
0.939894	0.759658
-0.687585	-1.09584
0.0486487	-0.0469667
-0.554043	0.216131
0.497523	1.58856
-0.112441	-0.290413
0.234294	-0.391134
-1.08164	-1.23081
-0.127595	-0.220931
0.229725	0.0559457
0.217628	0.145425
0.703535	1.44998
0.0245509	0.960064
-0.0687738	0.463803
-0.648125	-0.439368
0.901768	1.00714
-0.0199854	-1.73792
-0.958937	-0.327535
-0.176247	-0.81826
0.720061	-0.0245426
0.439961	0.0975864
0.227298	-0.229786
-0.58222	-1.31335
-0.425731	0.197773
-0.742513	-0.599843
0.778886	0.67639
2.26219	1.93129
-0.727784	-1.85999
0.5053	0.396147
-0.907721	-0.756288
-1.2886	-2.5739
-0.427683	1.27004
0.265319	-1.22222
-2.22515	0.178401
0.892417	0.832018
-0.941525	-1.73024
1.71244	1.11922
0.965575	1.17144
-0.434432	-0.786282
0.55766	0.357571
-0.32746	-0.67807
-0.943837	0.749943
-0.26054	-0.0652117
0.389843	-0.189018
-0.720028	-1.29846
0.235774	-0.225997
1.82659	0.264702
-0.545081	-1.55827
0.055767	0.424108
1.75437	0.568635
1.28687	0.927035
-1.01026	-0.751125
-0.555446	-0.717656
1.20946	0.180376
0.239512	-0.457523
-0.868223	-0.866314
0.978029	0.262777
0.042562	1.19839
0.478064	0.700756
-0.754771	0.0685381
-0.205409	1.01821
-0.286296	-0.254588
-1.38785	-1.18614
-0.689383	-0.0931037
0.333366	0.872966
-1.50522	-0.435049
-0.670553	-0.700671
-0.0361543	0.707791
1.12317	1.34039
0.947015	0.347753
0.292685	-0.299652
0.673295	0.157511
-0.362261	-1.32789
0.706139	0.102473
0.407373	-0.263384
-1.12803	-0.887538
-1.04226	-1.2749
-0.233099	-0.845065
0.56275	1.5165
-0.485554	0.176405
1.14883	0.574986
0.7999	0.682458
0.862239	0.310773
0.816979	-0.179414
-0.682896	1.34696
0.860843	-0.26458
2.76446	2.44579
-0.269359	-0.650295
-1.64379	-1.8287
-1.20347	-0.277219
1.56947	2.21605
-0.401167	-0.0189984
-0.626661	-0.731376
-1.59798	-1.30561
0.418947	-0.25029
0.550702	0.561519
-1.0005	-0.311858
0.937543	0.126203
-0.317731	-1.65553
1.90411	1.70717
0.386621	-0.0569923
0.479653	0.57198
0.14501	0.313357
-0.685158	-0.44151
0.0239271	-1.28614
-0.530626	-0.658569
-1.84687	-2.10941
-0.378813	-0.50901
-1.15692	-0.0344697
-0.774614	-1.37379
-0.904642	-0.523219
0.902361	1.44444
-0.522831	0.304776
0.5337	0.0778306
-0.545447	-0.554217
-0.456619	0.764449
-0.261087	0.0937067
-0.510609	-0.364949
1.65122	2.06591
0.921607	0.487512
-0.263643	-1.5156
0.210936	1.19496
0.337607	0.0978579
-1.02418	-1.21928
-0.895171	-0.715328
-0.570806	-0.132437
0.125688	-0.0289892
0.895219	0.049107
1.17231	0.318697
-0.778818	-0.146036
-1.75136	-0.864223
0.260965	0.683232
-0.469212	-0.642183
0.49741	-0.466834
0.952466	0.35203
0.856234	-0.0890769
-0.856675	-1.02569
0.217966	0.641962
0.251377	0.508409
-0.190223	-0.0595715
0.433964	0.271687
0.722846	-0.106556
0.396069	-0.632194
0.48415	0.391419
0.541174	0.260648
-0.763246	-0.268839
-1.30609	0.815585
0.797337	0.581854
0.944847	1.09133
0.636949	0.0641638
-0.608753	-0.853528
-1.12941	-0.74954
-0.597141	0.804473
1.34596	1.19888
0.0820028	0.611261
1.15579	1.70859
1.18301	1.48264
-0.485761	-0.206231
-0.544529	-1.23029
-0.27458	-0.800488
1.74354	1.79252
-1.80793	-1.89312
-0.517655	-0.223478
0.451722	0.306878
-0.37217	-1.18655
0.833992	0.84269
0.471546	0.228978
-0.0721659	0.209787
0.193512	0.3824
-0.272413	-1.20625
0.15994	-0.128423
-1.01457	-0.535231
-0.287533	0.351387
-0.0879215	1.1646
1.86977	0.759817
0.38796	-1.16969
0.556374	0.990344
-0.910453	0.231231
-0.491261	-0.445885
0.45655	-0.105218
-0.784446	0.0851416
-1.57344	-1.44043
0.368846	1.10048
0.496839	-0.103573
-1.27532	-0.816695
-0.35331	-0.294053
-0.438397	0.564719
-0.228699	-0.0948238
-1.75902	-1.56233
0.0259503	0.052695
-1.57288	-0.818739
0.897804	1.3796
-0.956645	-1.24437
-1.22018	-0.747987
0.889457	1.38918
-0.584811	-0.751586
0.366596	1.37345
-0.796737	-0.334704
0.0416112	0.254645
-0.331402	-1.12952
-1.12922	0.0410215
0.880787	1.14195
0.967439	1.77463
-1.61877	-0.859064
1.22067	1.44175
0.821999	0.803973
-1.01789	-1.3335
0.176635	-1.07762
-1.67042	-2.50974
-0.228033	-0.262021
-1.69982	-0.999943
0.647326	-0.0512208
1.39995	-2.10444
-0.24946	-0.375561
-0.843183	-1.14928
1.21366	1.4248
1.24961	0.534745
0.385515	-0.981685
-1.14042	-0.258155
0.898585	1.23812
2.00427	0.984178
-0.442067	-0.0328387
-0.498377	-1.1135
-0.570201	-1.00462
0.389721	-1.04858
-0.698826	-0.554828
-0.150871	-0.119231
-2.81343	-0.942827
-0.492506	-0.881513
-2.7923	-1.02898
0.264081	-0.174922
0.39075	-0.298044
2.37344	2.55578
1.28632	1.25389
0.383836	0.558542
0.731568	0.190276
-0.856219	-1.11907
1.30678	1.02986
-0.433152	0.328314
-0.112896	-0.027424
0.250339	-0.63919
-0.186316	0.508011
-0.67555	-0.249352
1.26544	-0.209503
0.295752	-0.0167677
0.368944	0.0637982
1.28434	1.60649
0.386717	1.21985
1.5744	0.991939
-0.213625	1.25021
0.0732323	-1.25625
-0.384589	-0.847833
0.859985	1.01827
-1.43948	0.548602
-0.754489	-0.877952
0.309656	1.01795
-0.315942	-0.480948
0.870708	-0.944949
-2.23712	-0.727076
-1.27589	-1.23466
1.0753	0.623122
-2.83193	-0.154062
-2.93794	-1.03958
-0.398997	-1.25965
-1.14381	-1.97073
1.81331	1.2987
-1.76488	-1.81397
0.340304	0.59613
0.598377	1.23579
1.31071	1.43732
2.5226	2.71292
1.33516	1.31642
0.848479	0.849404
-1.53824	-1.29944
0.2476	-1.1966
0.825605	-0.852881
-3.01405	-0.406389
-0.696475	-0.588693
0.160719	-0.572842
1.07214	1.38194
0.0113871	-0.101556
1.09285	0.525635
-0.137265	-0.620915
-0.734238	-0.548859
0.59373	0.684618
1.44405	1.02906
-2.46127	-1.67433
-0.0878846	-0.426989
-0.301466	-2.31042
0.998698	0.136055
-0.578991	-0.636357
-0.596384	-2.1459
0.498559	0.810332
0.755754	0.975665
-0.66563	0.973366
0.922485	0.895942
-0.539641	0.587251
-0.195735	-0.484941
-0.818658	-0.00554325
-0.694176	-0.432089
-0.850493	0.0864716
-0.450372	-0.49231
-0.424518	-0.242686
0.129008	0.391989
-0.0818197	-1.42192
0.138344	0.114836
-0.946717	-0.30716
1.11993	0.0513492
-0.715281	-0.763242
-0.00983799	-0.0488103
-0.238441	-0.589971
0.0997486	0.491419
-1.45134	-0.536911
0.280393	0.616491
0.978031	1.26308
-0.998984	-1.47182
-0.409755	-1.4086
0.314994	0.580204
-1.02565	-1.55224
-1.03696	-1.39172
0.249536	-0.0842051
1.25795	1.48745
1.18582	0.192875
-0.444504	-1.53117
-0.569203	-0.735538
-1.34479	-1.1733
0.7863	1.01762
1.19216	0.963424
0.0659922	0.262151
-0.0980619	-0.316585
0.151612	0.348784
1.00386	-0.099498
-0.330006	-0.0366397
1.51618	0.967899
0.363547	0.623751
0.634072	0.722723
0.789506	0.983349
0.110903	0.908974
-1.71897	-1.18532
-0.907429	0.257276
-0.436411	0.117854
-0.673943	-0.383391
-0.264642	-0.588681
1.00091	1.70882
-1.00502	-1.22787
-1.92628	-0.366157
-0.421199	-1.06682
0.0394533	-1.57382
-0.927665	0.17698
1.60541	1.34525
0.95355	1.41543
-0.553868	1.01671
-0.134219	-0.900925
-1.48845	-1.60261
0.223549	-0.681575
-0.621381	-1.30474
-0.186165	-0.506638
-0.477778	-0.261625
-2.49203	-0.485887
0.520186	0.317467
2.22439	2.62599
-0.481176	-0.677659
1.95745	1.72062
-0.689276	-1.18206
1.69773	1.45135
0.620052	0.199741
0.623917	0.0239779
1.2877	1.09347
-1.38941	-0.085937
-2.12078	-0.72601
0.303675	0.565554
0.555161	-0.18006
0.991324	0.929862
0.0658146	1.05465
-1.21776	-1.13954
-0.637813	-0.0678406
1.48023	0.32008
1.93747	1.97915
-1.50837	2.06524
0.688018	0.695185
-0.136377	0.944871
0.39823	0.743177
-0.642635	-0.465029
1.84066	2.1607
-0.590876	-0.512747
1.66801	1.78722
-0.373043	0.579091
-1.14892	-1.60219
-1.12931	0.0741357
-0.895507	-0.425839
-0.327598	0.127272
0.0702706	0.29312
0.176894	-0.569257
-0.203797	-0.309478
-0.523986	-1.5398
1.50292	0.451162
0.539239	0.0986597
0.207492	-0.131266
0.0817391	0.701155
0.5584	0.0247033
-0.157614	0.654923
0.996054	0.671989
0.600202	1.18498
-0.897593	-0.842701
-0.944601	-2.46302
0.798281	0.209771
0.38271	0.599672
0.782008	0.109105
-1.10376	-0.176906
0.993025	0.689841
2.61849	2.72426
0.319653	1.45662
1.68711	1.34217
0.340127	-0.594624
0.630693	1.15061
0.385573	0.0512775
1.38696	0.935458
-0.0411918	-0.102607
-0.0463312	-0.0669991
-0.845887	-0.759137
-0.775794	-0.800678
-0.208317	1.35832
0.33106	0.211064
-1.34725	-1.12566
0.802978	0.583111
1.65342	1.3087
-0.597042	0.419967
-1.17034	-0.100323
-0.991567	-1.36692
-0.398558	-0.586011
0.230333	0.760304
-1.07138	-1.01127
0.485169	0.305004
0.399795	0.620145
1.16591	0.561462
-0.307414	-0.110616
0.40566	-0.771419
-0.685754	0.0567591
-0.134868	-0.474411
-0.35791	-1.20471
1.51297	0.952619
-1.13397	-0.782643
-0.392465	-0.211626
0.0294189	-0.188402
0.0449658	0.03834
0.0927679	0.37274
0.854066	0.48211
1.06504	1.17509
-0.478665	-0.510224
0.184188	0.151336
0.446091	0.843082
-1.1269	-0.567396
-0.181903	-1.50392
0.204921	-1.05446
1.74064	1.51394
-1.54005	-1.74749
-0.450645	-1.49795
-0.253303	-0.548092
-0.066722	-0.0567818
-0.613405	-1.36245
0.458082	0.716061
-0.500372	0.191242
-0.250019	-0.709862
0.241212	0.401101
-0.260104	-0.190026
1.95016	2.34403
-0.260203	0.00557559
-0.213924	-0.348683
1.52928	1.80959
0.794592	1.03593
0.637269	0.828744
1.04581	1.41964
1.36761	0.69136
1.46456	1.36556
-1.15037	-1.18858
0.0103763	-0.935698
-0.831839	0.382725
-0.385735	0.256435
1.27749	0.314385
0.916573	0.761653
0.499785	-1.87625
0.153235	0.231833
1.28444	0.176449
1.89696	1.42679
1.15987	1.26909
-1.26061	-1.96168
-1.96017	-1.53857
0.764403	-0.148334
-0.0242572	-0.00644002
0.470096	-0.105737
-0.740795	0.814233
0.602841	0.358343
0.233389	-0.20421
-0.969081	-0.934458
-1.03408	-1.15133
-0.624431	0.0911845
-0.306978	-0.546068
0.668972	0.5764
0.766189	-0.126421
0.728887	1.39602
0.681303	0.501627
-0.384699	0.59771
-0.104545	-0.254385
0.668955	1.13717
-2.82553	-0.86708
1.77259	1.87773
-0.450701	-0.830206
0.0725921	0.241543
0.118919	0.474906
-0.94248	0.0873088
0.689065	0.362244
-0.880698	0.109007
0.0429412	0.632942
-1.22186	-0.821243
-0.38508	-0.778572
0.849287	1.39912
0.0451644	-1.19406
-1.27897	0.263125
-0.768144	0.875947
-1.39509	-1.4649
0.680249	0.622898
0.823619	-0.352674
-0.306606	-0.470784
0.539269	0.470558
1.61434	1.8596
0.44857	-0.451026
-0.466231	-1.37006
1.33436	1.70088
1.35739	2.07883
-1.7895	-1.63864
1.86061	1.29471
-0.691235	-0.29731
-2.11193	-0.476944
0.204807	0.638018
-0.353094	-1.22439
0.357006	-0.105807
-0.0561049	1.27727
0.120894	-0.765528
-0.164481	-0.93045
-1.20635	-2.29093
0.535976	0.477832
-0.870818	-1.66612
-0.693839	0.385799
0.645205	0.428757
-0.443541	-1.34955
0.446413	0.277435
-1.51904	-1.08214
0.73226	-0.0876576
-0.0349095	-0.472072
-0.376027	-0.863276
1.47964	0.540339
0.424692	0.262393
0.426227	0.302758
0.128942	-1.88236
-0.0612315	-0.526221
0.607733	0.900861
-1.3595	-0.473744
-1.0604	0.427955
0.251444	0.526008
-0.0483565	-1.10078
-0.803823	-1.17786
1.31362	1.06761
0.125313	-0.0162363
1.0717	1.03285
1.15752	0.797257
0.508535	0.585296
0.360018	-0.161097
-2.07535	-0.76512
-0.952576	-1.34911
-1.03077	-0.733998
-1.34276	-1.53229
-0.267989	-1.31109
-1.57447	-0.507892
-2.35749	-0.363337
0.408516	0.0588378
-1.324	-1.35108
-0.531831	-0.0663548
0.413313	-0.128806
0.957424	1.58663
-1.53658	-0.269831
-2.16634	-0.817262
0.0452138	-0.111035
1.16255	-0.633866
-0.304447	-0.322074
0.367103	0.240361
-2.09087	-0.94643
-0.50245	0.458203
1.23993	0.800683
-2.50082	-1.68952
0.601669	0.894735
0.487244	-0.0688578
1.00505	0.527908
-0.323202	-0.391254
0.880982	-0.899095
-0.460969	-0.753218
0.511691	0.730744
-0.16414	-1.05637
0.624728	0.484716
-0.994048	-1.18662
1.1017	0.64706
-1.30236	-0.195769
-0.818381	-0.585182
-0.0614893	-0.361318
-0.979529	-0.24427
1.15785	1.28217
0.401305	0.26264
-0.236981	0.0948857
-0.733846	-0.378634
-0.386682	-0.556219
0.965765	1.69403
0.674254	1.05577
-0.403564	-0.265558
-0.0669888	0.0694325
0.638316	1.24576
1.90437	1.72984
0.710442	-0.242541
-0.534592	-1.69955
-0.142902	0.0549809
-0.714767	-1.23955
-0.845698	0.337229
1.14461	0.480499
0.751693	1.14234
0.9849	1.62901
0.650924	1.01131
-0.721105	0.369588
0.55865	1.35753
-0.767756	-0.476584
1.15896	0.594834
-0.536886	-0.543844
0.310516	0.0796038
0.487081	-0.754888
0.386617	-0.109264
0.172906	0.774113
1.80163	2.00607
1.51649	-0.514524
0.201533	-2.02396
-0.834415	-1.61881
-0.634898	0.962238
0.264507	0.305043
0.148014	0.582582
-0.699552	-0.149424
0.033063	-0.152593
-0.194102	-0.529376
2.74876	2.44383
-1.52044	-1.30538
-0.76016	-1.36978
-0.364248	-1.11421
-1.22141	0.15767
1.06978	1.24061
-0.30786	0.265058
0.730296	1.07846
0.264475	-0.12534
0.00425754	0.183418
0.159674	-0.601807
-0.892781	-0.084451
-0.247305	0.00364401
0.655798	0.454607
1.04105	0.794305
0.37625	1.41364
-0.346924	-0.0708414
-1.53067	-0.845858
-1.4059	-0.390444
-0.481079	-0.526483
-0.749223	-0.940192
0.866833	0.422453
2.03109	1.94235
-0.87112	0.546532
1.93446	1.63655
-0.157361	-0.527313
0.0601791	0.0956177
-0.891887	-1.23207
1.00196	0.718194
-0.781093	-0.490944
-0.176371	1.06078
0.331387	0.192584
1.33915	2.17286
-0.281649	-0.370803
0.60409	0.924206
0.864943	1.03365
1.30806	1.44539
1.7201	1.42603
-0.785341	-0.0331915
0.318038	0.133461
-1.3139	-0.295487
-0.933146	-0.851009
-0.427725	-0.361322
-0.138812	0.421908
0.275512	0.67573
0.0412127	0.331348
0.0129812	0.514728
-0.0788754	-0.78757
-0.270559	-0.847265
0.253853	-1.68659
-1.51515	-1.37612
0.725359	1.20393
1.54009	0.0166498
1.13077	1.67141
-0.974362	-0.294323
-1.27648	-1.96369
0.746958	1.25804
0.720285	0.635589
1.31201	1.45278
-0.59626	0.171984
1.5821	1.81765
0.0562044	-1.18808
-0.632404	-1.14265
-0.779334	0.519812
1.39912	0.19511
-0.328947	-1.17533
1.14997	0.369972
-0.274702	0.249889
0.799538	0.8403
0.192779	0.460171
-1.36279	-0.822162
-0.784096	-1.37189
0.288392	0.441859
-1.22978	0.483999
0.0238633	-0.121109
1.18606	1.09409
0.0860187	-0.6768
0.462077	-0.675633
0.762046	-0.176396
-0.189381	-0.486274
0.0783748	0.344332
0.686845	0.320826
0.650687	1.62409
0.871965	0.928857
-0.509208	-0.96258
1.04398	0.72223
0.465872	0.796222
-0.351705	-0.602614
0.0773869	0.411005
-1.19111	0.864777
-0.723899	-0.249473
-1.14438	-1.17472
0.146648	-0.963618
0.964661	0.947382
1.04205	0.400549
0.363298	0.592328
-0.153511	-0.378656
-1.74957	-0.929501
0.193876	0.736607
-0.937128	-0.306677
-0.316263	-1.03767
1.76457	1.24656
1.46272	1.84952
1.34676	0.137497
-0.249077	-0.126441
-1.34037	-1.56027
-1.1808	0.345613
-0.796186	-0.277235
-0.243682	-0.257983
-1.48153	-1.29674
-1.36959	-0.771846
-1.54501	-1.8868
1.06144	0.494252
-0.170646	0.190614
0.076835	-0.206259
-2.39552	0.0148551
-0.747152	-0.666753
1.87943	1.30403
-2.50181	-0.583972
0.336455	0.504089
0.797571	-0.132208
-0.202442	0.468425
-0.011513	-0.8544
1.06035	1.48094
1.59917	0.827963
0.409727	0.561667
-0.18054	1.03353
-1.55849	-1.45962
-0.368413	0.554853
0.586895	0.720618
-0.111733	-0.482037
0.176139	0.253726
-0.810293	-1.56146
-0.573923	-1.45903
-0.984368	-0.985779
-0.362614	1.32089
-0.245742	0.234894
1.06623	0.404995
0.607757	0.410002
0.718566	1.12312
-0.124762	0.129112
0.872816	-1.02412
-0.553439	0.700405
0.19635	1.15073
-0.12372	-0.205257
-0.647429	-0.924831
0.307394	-0.907343
-0.840606	-0.801009
0.871866	-0.414911
1.39598	1.61588
-1.94693	-1.83447
-0.541454	-0.698939
0.552028	-0.911546
0.661571	1.05996
0.775599	0.531686
0.492233	0.0514705
-1.76832	-1.44061
0.769146	0.585101
1.00128	0.748874
-1.64438	-1.21544
1.4254	-0.528816
-0.455299	-0.564586
-1.033	-0.168091
1.77015	1.595
0.349337	0.883126
-0.602903	-0.53266
1.24595	1.17181
1.76888	1.17636
-1.08992	-1.28302
-1.19182	-1.13799
1.54351	1.72987
-0.852839	0.335665
-0.215995	-1.07712
-1.41618	-2.10207
0.377017	0.612552
1.26279	1.90271
-2.04161	-1.1968
-0.292451	0.366273
0.977852	-0.314408
-2.58879	-1.24392
-0.536702	-0.27563
0.282142	0.274263
-0.838985	0.30148
0.359092	-0.63871
0.135092	-1.23068
0.40011	0.23664
0.2689	1.10383
1.28919	0.961008
0.204795	-0.816527
0.122856	-0.849908
-0.520773	0.204939
0.41259	-0.704205
-0.817396	-0.531571
0.951633	1.66049
-0.862853	-0.369393
0.121026	0.346682
-1.05165	-0.150994
0.837422	0.67891
-0.104043	-0.17499
0.82042	0.789159
1.6306	2.1816
1.04478	0.00727144
-0.0642771	-0.708257
1.49038	0.863121
-1.64392	-0.211012
-0.59996	-1.32987
-1.87285	-0.0902397
-1.22575	-1.28807
-0.328393	0.54845
-1.32621	-0.469889
0.251601	-0.440247
0.0414996	0.626975
0.933059	0.670459
0.224514	-0.722554
-0.644282	-0.714778
-2.02808	-1.35677
-2.02184	0.111253
-0.534468	-1.45572
2.4457	2.51803
-1.75931	-1.41726
-0.478193	-0.702197
2.22438	1.72432
0.722597	-0.970351
1.13011	1.3596
2.22615	2.11859
-1.10653	-1.19258
-0.581431	-1.0795
-0.536987	-0.410697
1.77482	1.32083
1.34142	1.28057
0.284356	0.0315548
0.385333	1.2962
-0.267991	-0.146578
0.201326	-0.0385032
-0.706215	-1.00892
-0.0938341	-0.509158
0.674765	-0.589392
-1.49974	-1.03335
0.465993	-0.0967922
-1.29345	-1.73652
-0.625928	-0.570655
-0.73476	-0.577073
1.25757	1.5155
1.14393	1.21913
-0.849008	-1.08722
-0.508543	-0.0319105
0.0257826	0.100312
0.0700919	-0.0877138
0.011115	-1.04576
0.837906	1.38415
-1.04304	-0.600203
-0.483803	-0.424077
0.693927	0.151638
-0.186547	-0.55808
-0.111302	0.597877
-0.441842	-0.402822
0.0352629	1.21374
-0.514914	-0.554833
-0.472123	-0.010598
-0.455457	-0.358009
0.32023	0.0785506
-0.114055	-0.645842
-1.05999	-2.88359
-0.407989	0.410534
0.104471	0.398919
-0.434069	-0.533569
0.149129	0.403868
0.674907	1.25036
1.86334	0.715432
-0.228942	-1.45106
-0.567322	-0.913748
1.57167	1.54996
-0.103105	0.651691
-0.821213	-0.994841
0.5558	-0.204337
0.592173	0.802689
-1.2499	-1.25304
-1.6381	-0.898432
0.41462	0.0173288
0.914744	0.498615
1.00085	0.676449
-0.942551	-0.521255
-1.34217	-1.01405
-0.669319	-1.53621
0.264022	-0.551127
0.367515	0.548781
1.69496	2.31312
-0.237335	-0.576626
-0.384132	0.285866
-1.86094	-1.62676
-0.627004	-0.702421
1.26674	1.29089
-0.333292	-0.918684
0.0760575	0.0478913
0.31157	0.145869
0.142207	-0.678616
-0.929979	-0.70157
-0.721548	0.99047
-1.27111	-1.07942
-0.608399	-0.750821
1.37109	1.1456
-3.49765	-1.09754
-1.05215	-1.04214
-0.801105	0.380109
-0.843409	0.259201
0.414317	-0.198691
0.0181206	-0.785163
1.1236	1.34651
-0.424421	-0.933213
0.387747	0.726515
-2.0077	-1.32067
-1.14198	-0.84214
0.207776	0.0631995
1.55896	1.53404
-0.935147	-0.370113
0.968165	0.289888
-1.09916	0.515298
0.0752319	-0.00635076
0.372014	0.53909
-1.55982	-0.424326
0.331789	-0.269419
-1.37641	-1.64266
1.79475	2.05886
1.27401	-0.486443
0.709886	0.974607
2.11484	2.45899
-0.668452	0.356114
-1.18257	-1.63141
-1.65303	-1.61097
1.10135	0.547046
-1.65231	-0.115205
-0.696624	-0.0452598
-0.343164	0.759281
-0.557556	-0.742845
-0.328229	-1.15793
-0.856838	-0.783192
-0.0876981	-1.48783
0.108516	0.50886
0.484197	-0.26082
-0.508713	-0.0646081
0.0582866	-0.602209
-0.518013	0.322773
1.57571	1.14196
-0.649801	-0.295513
0.487687	0.435566
-1.10956	0.142777
1.01313	0.815727
-1.46025	-0.480099
-1.17395	-1.03471
-0.230248	1.18847
0.232399	-0.936574
0.0261784	0.201636
1.43068	0.869591
-0.448463	0.157387
1.08238	1.402
1.77646	1.38952
0.283987	0.465372
-0.790562	-1.114
-0.314159	-0.472959
-2.18222	-0.497062
-1.62671	-0.192924
-0.142522	-0.607895
-0.223613	-0.941728
-1.56335	-0.676225
-0.212582	-1.08577
1.43122	1.18593
0.447089	0.244513
1.2997	1.51021
-0.018963	-0.428363
0.0817933	0.414219
-1.07221	0.133361
0.994499	1.34625
-0.135979	1.18439
1.50484	1.61128
0.175977	-0.00386339
-0.440674	1.19101
0.210566	0.827782
0.695977	0.964418
1.22419	0.367145
1.55959	1.22541
-0.638683	-0.539107
-1.96732	-2.47351
-0.949203	-0.671245
0.529359	-0.114556
0.536915	0.49115
0.560108	0.589794
0.653544	-0.00124873
0.940659	-0.416245
1.99099	1.74186
-1.62672	-0.426545
-1.28754	-1.6409
-0.98446	-0.720468
1.61444	0.230976
0.494332	-0.360533
1.32988	1.11191
-0.753685	0.0421543
-1.62574	-0.936715
-1.71769	-0.440906
-1.09762	0.281309
-0.452014	0.804669
0.00235958	0.55164
-1.20536	-1.88452
-0.149304	-0.949709
0.58862	0.407064
-1.78354	-0.255437
1.74982	1.93805
1.50982	1.79098
0.976739	1.12593
1.29031	1.42532
0.181587	0.710841
-0.303141	-0.51445
1.18501	1.61705
-0.924447	-0.233621
2.24849	1.89306
0.4156	0.0909453
-1.58205	0.268337
-0.313466	-1.44785
0.284181	0.469489
-0.590003	-0.240587
1.29825	1.137
1.38213	-0.595022
-0.817004	-0.805067
-0.17697	1.053
-0.283009	-0.28291
-0.473137	-0.223323
1.20116	1.43732
0.15053	0.555138
0.604455	0.272335
-0.626876	-2.20845
-1.53108	-1.01693
0.0834414	-0.175855
-1.86066	0.66699
-0.369491	0.0734534
0.755035	-0.420125
-0.25652	-1.84569
-1.40359	-1.54971
0.30887	0.369984
0.44785	-0.0730147
-0.557396	-0.559404
0.703781	-0.328092
1.81327	1.51861
1.56257	1.7681
1.64319	1.73059
1.74302	1.60639
-1.12357	-1.95397
0.821261	-0.0286356
-0.964094	0.456822
-0.910373	-0.0131329
1.02238	-1.09341
-0.0386476	-0.403818
0.121415	0.284077
0.393026	0.173086
0.285979	-0.270887
-0.251253	-0.476959
1.36478	0.999995
1.82365	1.89466
-0.962802	-1.7994
-0.181237	-0.34177
-0.519808	0.23809
-0.674414	-1.34479
0.397088	0.969449
-0.031264	-1.47254
-0.292803	-0.748189
-1.00306	-0.678793
-0.61188	0.365494
-1.11068	-0.361026
0.278398	0.324888
-0.00743957	-1.02245
-0.870091	-0.0128116
0.333323	0.171255
-1.36938	-1.11691
1.74104	1.98089
-0.429287	1.1866
-0.955043	0.109671
-0.282288	-0.0119813
-1.00072	-2.35581
-1.7642	-2.82813
-0.519953	-0.223255
-2.12321	-2.77494
0.537465	0.110166
-1.32783	-1.1098
-0.0233098	0.728338
0.177136	0.273
-0.495709	-0.576034
2.73852	2.7551
-0.320084	-0.242467
-0.000884748	0.18118
0.502227	0.418553
1.52352	0.687991
-0.750023	-1.66855
-0.241181	-0.104789
-0.0806829	0.465182
-1.42368	-0.0216286
-0.125655	-2.3085
0.602109	1.0353
-1.26641	-0.8429
-0.55205	0.763673
-0.524251	-0.796344
-1.12836	-0.674176
-1.40599	-0.0523441
-0.634139	-0.508813
0.251416	0.00666238
0.491711	0.345276
-0.607987	-2.00798
-0.381063	0.125026
0.961711	0.281891
-1.05364	-1.34307
-1.02792	-0.722935
-0.170623	-0.85812
1.6648	1.75658
-0.527832	0.289471
0.027467	0.936402
2.03445	1.93744
-0.385056	-0.239459
-2.1501	-1.95629
1.49987	1.971
-1.26265	-0.96572
0.571291	-0.426463
0.644425	0.592284
-0.215482	-0.527611
-1.78404	-0.455601
-1.79106	-1.57155
0.721386	0.654609
0.676849	0.690452
0.454978	0.276657
0.257136	-1.37177
0.212671	1.99468
0.325973	1.04941
0.142617	-0.0129451
0.802308	0.685689
-0.372677	0.210217
-0.0146999	0.237841
-0.360144	-0.312244
-0.96023	-1.35495
0.227503	-0.372267
0.70096	0.629485
-1.28926	-1.16918
1.81884	1.60987
-0.778332	-2.11956
-1.14539	-0.390181
0.955226	0.847444
-0.0474621	-0.556846
0.880805	1.14025
-1.28639	-0.99378
-0.902307	-0.851763
-2.16092	-1.62242
-0.264784	-1.43287
-1.04978	-0.52278
0.288759	0.163569
1.34518	1.4858
0.728338	0.537945
-0.612072	-0.469429
0.218088	-0.0763403
0.954819	0.559069
-2.13801	-0.953866
0.652636	0.673704
1.00336	0.651011
-0.291461	-0.878376
1.6438	1.28691
-1.70471	0.922469
0.0378683	-0.755845
1.16134	0.638352
1.36722	1.46716
1.20998	1.11022
1.77214	0.837955
0.212022	-0.0460381
1.77585	1.81855
0.949526	0.0845633
0.532483	-0.566992
-0.0755347	-0.606632
0.329108	0.218487
0.471798	0.370158
-0.517123	0.516803
-0.402686	0.758614
-0.0750334	0.702555
1.20676	1.65052
-0.115947	0.0817767
0.218005	0.0885754
-0.875384	-1.6097
-0.792432	0.440387
1.57681	1.96269
0.168087	0.350936
-0.728462	-1.99042
-1.98781	-1.09271
0.0952121	-1.3002
1.33695	0.743967
0.990948	0.612489
-0.0728604	0.361463
1.44588	0.673294
-1.29656	-0.347633
-1.68006	-1.35352
0.16388	-0.335829
0.268457	-0.479636
0.727766	1.95403
-0.635378	0.157708
0.627696	0.603943
-0.230633	-0.0551828
-0.039187	0.332885
-1.47234	-1.15452
-0.711164	-0.454381
-0.209478	0.476755
1.43668	2.36585
-0.455372	-0.015782
0.806761	0.0310496
1.24121	1.62966
0.558036	-1.01659
-1.74073	-1.08802
-0.314784	-0.368743
0.545357	-0.656312
1.22899	1.75436
1.28786	0.551579
-0.502604	0.107607
-0.404223	-0.112478
-0.564893	-0.859983
0.37086	-1.83597
1.08493	0.123204
-0.175602	0.497892
0.578801	0.192644
1.26049	1.65325
0.289157	0.633357
-0.890198	-0.0435825
0.437031	0.652126
0.60381	0.617387
-0.170709	-0.844085
-0.740196	-1.15268
0.850026	1.30497
-0.671856	-1.049
0.389919	1.11811
0.654297	0.65475
-0.332106	-0.501251
-0.055933	0.0170618
0.118438	0.605603
-0.165192	0.877029
-0.116966	-0.0283691
1.36823	1.55855
0.905635	-0.11012
-0.223972	-0.781355
-0.696257	-0.682007
1.85551	2.17652
-0.136643	-0.420996
-2.43718	-2.0195
0.220217	-0.0346705
-0.885964	-0.168464
-2.64141	-1.82015
0.619458	1.3165
1.35314	1.41292
-0.409923	-0.260472
0.344263	-0.170324
1.57726	1.6602
-1.0873	-1.60386
-2.38382	-1.412
1.90998	1.97915
-1.08446	-0.429185
1.46436	1.53447
-0.0489988	-2.12588
0.694529	0.248861
-0.605736	0.25143
0.906929	0.319164
0.910908	0.546801
0.359784	0.844828
-1.02771	0.99003
-0.32103	1.01792
-1.19309	-0.491115
0.718156	0.929339
0.474823	0.477685
-0.391043	-0.0922919
1.26766	1.45678
0.756128	0.913052
0.525422	-0.604731
-0.927028	0.862497
0.4174	-0.440176
-0.535694	-1.53629
0.907267	1.66372
0.412582	-1.0181
-0.293504	-0.0834608
-0.197657	0.406533
1.44572	-1.85017
-1.16795	-0.951964
-0.377311	0.149445
0.408141	-0.725953
-1.22883	-0.803423
0.267215	0.0955705
-0.777105	-0.123825
-0.973562	-0.280994
-0.369958	-0.355446
1.86888	1.84732
-0.733596	-0.0211572
0.702948	0.0329567
0.978411	1.18337
1.89419	2.25676
1.87678	2.09676
-0.0234325	0.662164
1.18569	0.400531
-0.245677	-1.3506
-0.763689	0.311026
0.920544	0.954917
-0.908381	-0.824395
-0.662213	-0.948387
-0.143328	0.522507
0.0440956	-0.406857
-0.169346	-0.75834
0.625731	-0.239813
-0.879673	0.141944
1.81724	0.757338
-1.12968	-0.23953
-0.231997	0.658942
-0.128824	0.303034
-1.78512	-0.74056
-0.833659	-0.733271
0.84801	1.22095
-0.173884	0.655769
0.622515	1.05105
-0.268379	0.00850896
0.265177	0.665499
0.541572	0.545073
-0.256722	-1.30826
2.0216	1.84531
-1.65319	-0.770117
0.298331	0.116559
-0.818628	0.446086
0.642271	0.222099
-0.367518	0.393739
0.49506	0.161573
1.7628	2.50301
1.07832	1.35486
-1.19354	0.562858
-0.866299	-1.11213
0.396576	0.270793
-0.433637	-1.10532
0.187846	-0.35996
0.421661	0.266297
-1.79507	-0.421287
1.02996	1.1314
0.20263	0.43268
-0.222898	-0.366751
-1.17905	-1.75164
2.36053	2.13209
-0.694479	-0.776234
0.609599	0.219201
0.696445	0.10267
0.74887	-0.235673
0.0232889	-0.753942
0.25521	-0.621604
1.05926	-0.466063
-1.67461	-0.848941
-0.65419	-0.332917
-0.385582	0.0108337
-0.629222	0.226991
-0.52682	0.225528
0.999411	0.882641
0.134601	-1.25291
-0.0344202	-0.840822
-0.246557	0.470321
0.099527	-0.587013
0.415501	-0.025392
1.19556	-0.776922
0.949328	0.103912
-0.0582914	0.483025
1.0873	0.478283
0.0514348	-0.162847
0.152557	1.70384
2.07647	1.98195
0.111033	-0.477434
-0.803489	-1.0158
0.911353	0.70004
0.562693	0.722471
-1.55556	-2.69642
-0.334914	-0.777573
-0.784221	-1.31701
0.650317	-0.813379
1.54387	1.87158
-0.853468	-0.851506
-0.97571	-1.36493
-1.18922	-1.49806
-1.22948	-0.733617
-0.432553	-0.472005
-0.806127	-0.467261
-2.10512	-0.892081
-1.70636	-0.37078
-1.54861	-1.8667
-0.0701763	0.00532327
-0.165731	0.962273
-1.36997	-0.700914
1.27707	0.788675
0.285403	-0.261215
-0.64131	-0.5312
1.11784	1.3291
-1.48401	-0.594879
0.179859	-0.662245
0.833803	1.1343
0.651551	0.615392
-0.412634	0.00737302
0.107285	-0.73563
0.0851706	-0.297945
-0.517058	-1.50665
-1.53668	-1.22928
-1.33728	-1.57683
1.1383	0.204529
-0.150625	-0.364936
0.174552	1.30346
0.0559911	0.364424
-0.898145	-0.818129
2.40299	2.09514
1.01444	0.0924043
0.627613	-0.111139
0.625211	0.476687
0.470741	-0.507718
-1.06776	-2.07032
-0.00283694	0.857902
-0.3896	-0.779494
-0.282207	0.383054
0.0949717	-0.263899
0.652379	0.0336857
-0.971899	-0.776345
0.125219	-0.424695
0.0670545	0.684461
0.509218	-0.266018
-1.18335	0.0568499
1.01774	-0.20669
-0.290867	-0.0579083
0.0560839	-0.198538
0.736472	1.02946
1.89784	0.976936
0.401592	1.89639
0.40233	-0.554853
-0.164341	-0.284462
1.39526	1.38217
-0.0840221	0.763343
1.35087	2.09053
1.20843	1.68926
0.909095	0.945628
0.673301	-0.52174
-0.18739	-0.269572
-0.76772	-0.947658
-0.297183	-0.458514
1.9967	2.14557
1.40745	0.633397
-1.15646	-1.55599
-1.56434	-2.48494
-0.708912	-0.833283
-0.232514	-0.785863
-0.190888	0.34015
-0.526881	0.0619097
-0.0986274	0.170634
1.46314	1.62474
0.521804	0.257216
0.502985	-0.626865
-0.302504	-0.254387
-0.0372389	0.506072
0.556021	0.20779
-1.82127	-1.61729
-1.83998	-0.818252
-0.305609	0.90383
0.94528	0.780581
0.528025	0.518134
0.5709	-1.30937
1.36164	1.17868
-1.7238	-0.682106
1.01346	0.0829454
0.0722509	0.290602
-2.01462	-3.25432
-0.237176	-1.66959
-0.829517	-0.429517
1.77856	1.82032
0.959693	1.02978
0.598942	-0.4364
-1.65881	-1.56182
0.0244159	-0.246166
0.0527963	0.769291
0.306705	0.019112
0.25933	2.07928
0.561901	0.747826
0.522035	-1.07103
-1.01811	-1.14498
1.21138	0.616506
0.147473	-0.135842
1.85379	1.75192
-0.029775	-0.175503
-0.274672	0.264615
-1.11839	-0.805501
0.374834	0.949305
0.287338	-0.492413
0.310499	0.00138632
-1.35669	-1.64029
1.12824	1.33976
-0.596559	-0.0196534
-1.00549	-1.98336
-1.24516	-0.920639
-0.451116	-0.165585
2.21203	2.19108
0.119987	-2.6076
1.69586	0.96148
0.335304	1.05838
-0.477443	-0.660161
-0.0803395	-1.30417
-1.10697	-1.25703
-0.516773	-1.30204
0.436098	-0.851772
-1.5423	-0.290843
1.78102	1.40412
0.341003	0.268029
0.256961	1.12612
0.128316	0.0484162
-0.113164	0.82509
-2.15963	-0.022503
-2.40594	0.231204
0.377396	-1.35847
0.390412	0.394889
0.865278	0.73424
0.822305	0.364213
2.35973	2.16759
0.0525626	1.19496
-0.443095	-1.18475
-0.72394	-0.424887
1.92924	2.03025
1.23984	-0.219852
0.568567	-0.495313
1.03729	-0.27796
1.00217	1.68585
-0.620476	-0.733158
-0.114403	-0.561832
0.523293	0.544382
1.00737	0.52367
0.384779	0.55264
-0.40709	0.391775
-0.326299	0.323199
-0.72126	-1.81884
-0.00509695	0.651472
-0.210127	-0.443193
-0.587494	-0.408847
0.696765	0.668748
-1.25022	-0.753221
0.309048	0.903681
-0.310089	-0.197892
0.125088	-1.00487
0.553861	0.342932
0.337366	-0.68437
0.358052	-0.942393
-0.289892	-0.519571
0.719264	1.71634
-0.0705822	0.872714
-1.18134	-0.253899
0.763272	1.05723
0.241279	0.638794
0.886292	1.98315
-1.00306	-1.61032
0.643822	0.287254
0.136499	-0.567241
-0.406573	0.114479
-0.0942844	0.552281
-0.942295	0.283765
0.547918	0.753706
-0.190659	-0.0532087
0.510961	0.134302
-0.442373	0.144384
0.993476	0.585219
0.678694	0.805463
-1.15088	-0.378863
-0.0918745	0.0583694
0.976948	0.0304671
-0.837533	-0.757558
0.425457	0.393298
0.606253	0.103362
0.92014	1.48692
-0.806402	1.63321
0.932064	1.31631
-0.411077	-0.00118509
-1.70117	-0.22524
-1.96657	-1.86073
0.570013	0.134823
1.03048	0.20712
1.38905	1.69635
1.883	1.71253
0.849908	0.248834
-2.29115	-0.0614971
0.0444878	-0.658803
2.40132	2.03986
0.351812	0.493273
0.119467	-1.92009
-1.1816	-0.885368
-2.05461	-0.306703
0.0902505	0.0214703
1.1103	0.911955
1.29294	-0.278705
-1.4692	0.539235
1.44299	0.628288
0.33781	-0.223746
-0.33437	0.183504
-0.696625	-0.391216
0.402858	0.495449
0.456989	0.405942
-0.637483	1.26905
0.352583	-0.867766
1.2032	0.609603
-0.331345	-0.925078
-0.163404	-1.44296
0.366968	-0.152101
0.18827	0.72567
0.860398	0.422184
-0.0741904	-0.0336385
0.0852862	-0.438996
0.995866	0.531165
-0.695425	-0.835382
0.532766	0.621824
0.999962	0.843045
0.157827	0.0239906
0.571996	0.381508
-0.66998	-1.11406
0.660962	0.870659
-1.88707	-0.758866
-0.868595	0.214267
0.288221	0.79937
