-0.32565	-0.335919
0.547967	1.9706
-0.315302	0.264113
1.27542	0.829979
0.591408	0.58638
0.395043	1.29068
-0.5959	0.273924
0.951832	1.99801
0.570827	0.561982
0.87275	3.86763
0.522251	0.0495696
-0.0265814	-0.0379521
1.64657	2.29223
0.0989569	1.5045
0.418875	-0.642952
2.35101	4.34343
-0.937914	-0.84214
0.249875	0.846066
-0.728179	-0.0963795
-0.677324	0.279456
0.204876	-0.0359696
2.41831	6.12621
-0.0745298	0.390828
-1.17789	-0.865614
-0.504334	0.399457
1.35882	3.21427
0.0563804	0.408587
-0.0597874	0.234507
1.23419	2.23081
-0.892194	0.799259
0.0914688	-0.249025
-0.195622	0.480448
-1.15047	0.891455
0.143619	0.326283
-0.504762	0.338089
-0.863841	0.237638
-0.627621	-0.0511926
-1.19555	-0.619171
2.46144	5.74475
-0.968344	-1.47316
0.569501	1.19244
-0.152442	-0.454749
2.50677	5.99016
0.137808	-0.676435
-0.113213	-0.641842
-0.437934	1.33553
-1.69034	-0.667009
0.48843	1.03327
0.219853	1.71011
-0.764279	0.364629
-0.0820235	-0.842086
-0.678051	-0.810356
-0.886119	-0.249088
0.536481	0.629338
-0.212407	-0.653582
0.351562	3.17704
-2.19674	-1.0406
0.298345	0.783283
0.702772	0.524709
0.253035	0.321647
-1.26492	-0.280681
0.0437616	1.05518
-0.873748	-1.17425
-1.28279	-0.81664
0.284628	1.1072
0.226091	-0.320923
-0.752066	-0.0843376
-0.413252	0.265769
1.01762	0.432065
1.22786	2.1967
-1.39199	0.384775
-0.6077	-0.475234
-0.151807	-0.380729
-2.21949	-0.745845
0.112428	0.749953
-0.943045	-0.277725
0.0481339	1.10288
-0.323836	0.798968
-1.26257	-0.0748932
0.76657	2.29549
1.20512	-0.0933075
1.88604	1.01643
-0.811813	-1.22581
-0.591946	1.32995
-0.0815912	-0.993067
0.260601	-0.348996
1.0247	0.624186
-0.963251	-0.506297
0.0173449	0.194545
-1.68306	-0.562005
1.76785	2.80597
0.0336379	0.545751
1.76286	2.93878
0.842769	0.960072
0.722261	2.33941
1.12247	1.64903
-0.285339	-0.857031
0.933592	0.224891
1.35213	1.1726
-1.19151	-1.00973
-0.190526	-0.369558
-0.392595	-0.153158
0.13384	0.509377
0.677797	2.41689
2.26255	3.82754
-1.68052	-1.41055
-0.844827	-0.0919497
0.594659	1.78772
0.176995	1.1103
0.937158	1.25546
-0.530923	0.856369
-0.695323	-0.0428009
-1.55321	-1.04875
-0.276385	1.20684
0.572511	2.15041
0.50676	2.47452
0.364978	-0.156783
-0.562832	-0.194613
-1.16986	0.455335
1.22088	1.58507
1.23249	3.71212
0.578303	1.25554
-0.575822	-0.0838459
-0.772042	-0.04978
-1.78381	-1.30982
-0.699811	-0.306208
0.065598	-0.166155
1.83512	3.98857
-0.330463	-0.645529
-0.22845	0.783781
-1.19433	-0.347028
-1.85206	-0.897875
0.865533	2.74735
-0.37429	-0.306308
0.345073	0.723673
0.793896	2.05908
0.216002	0.844434
0.0634593	-0.237991
1.50692	5.27043
-0.591966	-0.258738
0.920662	1.9062
1.69014	2.99952
0.107722	-0.158346
0.831896	1.82433
-0.969418	-1.15708
-0.856513	-0.144719
-1.72867	-1.13564
0.00692008	0.189118
-0.129801	-0.401605
0.155961	0.0967205
-1.22056	-0.0348896
1.13486	2.24542
-0.696411	-0.371984
0.923979	2.86681
-0.616898	0.0388515
0.881734	1.93877
-0.424968	-0.134271
0.140036	0.519603
-0.686544	-0.334789
-1.16064	2.65467
-0.0745908	1.1832
1.12353	3.90862
-1.14753	1.13708
-2.72069	-0.829147
1.19134	-0.00605583
-0.93412	-1.04886
1.40798	2.57577
0.372101	0.866712
0.72361	1.43785
2.1418	4.05013
0.266409	0.944039
-1.29411	-0.162129
0.231388	0.104254
1.87751	3.86916
0.0224461	0.255886
-0.136258	2.14425
-0.722933	-0.119085
-0.591782	0.232985
-1.33498	-0.428502
-0.559756	-0.272093
-0.69481	1.12776
0.525675	-0.153567
-0.282598	-0.299954
0.0865166	2.31673
-0.726372	0.7116
0.548489	1.4118
-0.834727	-0.126169
-0.367431	-0.144956
-1.05122	-0.432869
1.34508	2.62208
0.873887	-0.0338507
0.0287783	0.0349391
-0.712523	-0.337442
-0.30127	-0.240579
-1.47453	0.208411
0.189525	1.98776
0.763636	0.160942
0.615284	0.8312
-0.90866	-0.600589
-0.293311	-0.213881
0.232834	0.0184679
-0.861293	-1.03152
0.177418	1.3426
-1.32838	-0.576406
1.21245	3.12264
-0.0550592	0.00406146
0.962196	1.28034
0.00466955	0.376924
0.297168	0.888792
-0.0747691	-0.573318
-1.09941	-0.261303
-0.875608	-1.00009
-0.592271	0.91411
-0.324854	0.192407
-0.830098	-0.435972
1.07754	2.64892
1.74058	4.14076
-0.994398	-0.281094
-0.926202	-0.388867
0.308844	0.983969
1.09393	1.30032
0.613644	0.0375843
-0.978985	-1.02359
1.61225	2.91538
-1.64327	-0.514378
0.00739199	0.221201
0.514631	3.35682
-0.308852	-0.456254
-0.102642	-0.747297
0.449031	-0.501032
-0.363963	0.233494
0.422346	1.3522
-1.61317	-0.834948
-1.78956	-0.293269
-1.63123	-0.48889
-0.889482	-1.1613
1.47026	2.62199
-1.18054	0.777175
-0.825925	-0.707775
-0.89955	0.137624
1.0735	1.11912
0.225503	0.828469
-0.334932	0.827715
1.24895	-0.216044
0.604415	1.81419
-0.507855	-1.59645
-0.183211	-0.673929
0.577386	1.26881
-1.20449	-1.70146
0.755046	-0.172852
0.840377	3.17127
-0.907972	-0.914727
-0.129381	0.893116
0.615448	-0.346346
-2.22958	-0.546237
-0.117779	-0.0683117
2.02036	4.54398
-1.18426	0.0317132
1.1128	0.261465
0.350216	1.38617
1.2888	1.87855
1.03306	2.96161
0.538798	0.326638
-0.379492	-0.392171
-0.670646	-0.701954
-1.74417	-1.19657
1.1315	2.30418
0.212608	0.664952
-0.730719	-0.1355
-0.100409	-0.807371
0.254083	0.584888
0.0198449	0.313432
-0.555571	-0.574588
-1.36365	-0.280012
-0.197701	-0.0388151
1.9923	6.79724
-0.391293	0.931246
-0.950592	-0.243402
0.654444	-0.98865
0.0668944	1.06515
0.558951	2.01121
0.473709	1.37019
0.560224	2.82417
0.48235	1.03216
-0.900681	-1.28999
-0.272154	0.569507
1.09907	1.93201
-2.39093	0.139052
0.52394	1.9754
0.00227248	-0.643457
0.696821	3.51933
-1.40151	-0.870742
0.510996	0.343057
-0.664073	0.309699
-0.993417	-0.209707
-0.325764	-0.945674
-0.712093	-0.712605
-0.0613813	1.19772
-2.70789	-1.07309
0.317527	1.9947
-1.4086	-0.884008
-0.483909	-0.0655729
0.565523	0.0173473
0.840165	1.43329
-0.309988	1.76348
-0.172721	1.1115
1.70092	2.32773
1.25427	2.4806
-0.0356398	1.21204
-0.745019	-0.489416
1.97169	-0.27018
0.485224	-0.518553
-0.105831	0.341762
-1.50469	-1.21655
0.356369	0.265893
-0.291648	0.433
0.043944	-0.272461
0.0559466	1.61518
0.556695	0.751125
1.78656	4.2723
1.34024	2.36208
-1.31204	0.0268173
-0.250246	-1.0008
-0.625503	-0.550019
0.238405	0.8082
-2.39901	0.196791
1.27554	1.40069
-0.0968899	1.42751
1.02728	0.88948
0.404044	3.20952
-0.764795	-1.25512
-0.697806	-0.143641
0.451714	2.08889
-1.21423	-1.25266
-0.0649675	0.512328
-0.511146	-0.891365
0.882365	0.225397
0.668879	1.87333
-0.727894	1.8145
-0.898703	1.06857
1.4271	2.42713
-1.20419	3.75789
-0.722043	-0.900725
0.559968	1.48599
-0.497031	0.260973
-0.0673891	-0.396972
0.914796	4.49138
-0.51025	-0.185594
0.114388	0.30347
-0.589074	1.73843
-0.197758	0.519873
-2.64337	-1.44783
0.794757	1.31828
-0.410575	-0.136566
0.823486	0.817658
-0.106889	0.166676
-0.24917	-0.178446
-1.14487	0.203319
1.25651	0.86261
1.28683	0.460837
-0.592092	-0.228438
1.79232	2.06686
-0.91578	1.06232
-0.694115	0.0215161
0.392339	1.66726
-1.35287	-1.52243
0.693002	1.21004
-0.441761	0.103654
0.524373	1.46368
-0.529598	0.425006
-1.68692	-0.233694
1.53695	1.8127
-0.46294	-0.69791
0.383725	0.763437
-0.994246	0.037756
1.78287	2.40672
2.20806	6.00076
-2.08674	-0.563999
0.356469	1.00469
-0.278495	0.168114
-0.817522	0.0756133
-1.40473	-0.847091
-0.048163	0.457356
1.11916	2.9485
1.07491	0.647252
0.352684	-0.667111
0.118951	0.493404
-0.386412	0.407125
0.0471818	0.362549
-0.54486	0.360428
0.678587	1.09782
1.33683	1.61994
0.409956	0.480733
0.935742	1.27557
-0.337763	-0.274783
-1.07641	-0.218615
-2.05932	-0.740289
0.0736031	1.09191
-0.592544	-0.83503
-0.459472	0.474035
0.500157	1.43375
-0.0729799	0.04228
0.826883	0.874163
0.601994	-0.290232
-0.401904	-0.521246
0.677465	1.59289
1.23825	3.22795
2.25329	6.37454
0.0343633	1.32889
0.747273	0.823542
-0.522827	-0.391369
-0.437611	-1.24558
1.20302	1.26307
-0.122619	2.81854
0.221594	-0.33625
-2.3908	-1.60199
-0.368628	0.036937
0.820215	1.93133
-0.00386503	0.289931
1.91383	3.08546
-0.101012	0.557731
0.293614	0.101271
1.08069	1.30378
-1.17732	-0.275418
0.261742	1.19965
0.169531	-0.165583
-2.19551	-0.628593
-2.58028	-0.646788
0.33194	2.37822
-0.235802	0.165845
-0.165453	0.300881
1.02597	0.785769
1.59532	2.88195
-0.310095	-0.163801
-0.688902	4.57057
-0.225786	-0.411282
0.888864	0.873972
0.214073	0.268435
0.405906	1.99199
-1.17168	-0.259806
-0.295876	0.452955
1.44416	2.21276
-0.385489	-0.41892
0.41709	1.78823
0.174191	0.0950789
0.411362	0.888218
-1.18298	-1.26739
0.265598	-0.14582
-0.971777	0.465336
0.552019	1.21572
-0.616387	-0.000370741
0.700949	0.590384
-0.712821	-0.681004
-0.83261	-0.658466
-0.287653	0.043807
1.05254	0.0285971
0.76951	1.48023
-0.332639	0.0736272
0.460998	2.93638
-0.620041	-0.553912
0.809736	2.35116
-1.50469	-0.127389
-1.55356	0.645709
-0.519752	-0.826613
0.00316507	-0.284607
1.11382	2.16978
-0.351267	-0.177401
-0.455385	-0.167717
0.402943	3.07939
-0.333797	-0.857116
-0.54834	0.640121
-1.61054	-0.95008
-0.801634	0.391777
0.867344	-0.229279
-0.345055	0.0897586
0.835168	-0.362358
-0.997968	0.59833
-0.588769	-0.311776
0.524508	-0.262111
-1.44811	-0.641719
-2.42191	-0.488242
0.016082	0.132275
-1.10261	-0.360644
0.360593	1.65454
-1.08259	-0.476009
-0.541647	-0.214786
-0.137016	0.702724
0.353125	0.266628
-1.01251	-0.241849
0.230533	0.120163
-1.09853	1.19272
-0.0162662	0.908873
0.34765	1.26463
-0.302387	0.695809
1.08552	2.4467
0.122015	-0.057289
0.0113361	1.92548
0.210129	0.5284
-0.806165	-0.351647
-0.283662	-0.291345
2.56263	5.77423
-1.91286	-1.14165
-0.853929	-0.949358
-0.432308	-0.108331
0.398485	1.40977
0.179137	0.864538
-0.129772	0.298046
-0.345146	1.52067
1.01278	2.60743
-1.78149	-0.6682
0.591449	1.63359
0.818505	0.935919
0.431338	1.03414
0.711437	-0.6445
-0.736039	-0.580834
-0.0716972	0.199494
0.676154	0.185943
-0.629528	-0.142581
0.553083	2.55188
-0.336517	-0.0258058
0.473887	-0.195374
-1.3654	-1.40685
-0.738618	-0.567992
-0.659467	-0.378389
-0.147035	1.27794
-0.150255	-0.45567
0.0521611	0.4298
-0.545647	1.81717
1.4341	1.67793
-0.180045	0.643271
0.583861	0.653511
0.970265	2.31782
0.0492307	0.692325
0.405331	0.710217
-0.132755	0.548445
-1.16605	0.373552
-0.868129	0.886436
-0.173037	0.932295
0.0479558	0.220652
0.816892	-0.702443
0.745923	0.718137
-0.201283	-0.422337
1.00465	2.16768
-0.610732	-0.0172412
1.06471	1.50453
1.21774	2.56357
1.72661	2.47826
0.283232	2.59221
-1.00476	0.00981569
-0.30698	2.89019
1.49594	2.58877
-1.55356	-0.785044
-0.372664	-0.646235
-0.345734	-0.041973
0.505268	0.995438
0.435381	0.0425112
0.292177	1.44013
-0.149679	3.8059
-0.104719	0.987253
0.819142	1.63026
2.79035	8.01828
-0.703544	1.71242
-0.598586	-0.211145
-0.0951034	0.782678
0.720851	2.45746
0.414359	-1.31708
0.712904	1.91148
-0.828836	-0.223308
0.620849	1.62032
0.247602	0.325158
0.436191	0.562699
-1.664	-0.654549
-0.95654	-0.0492072
-0.514749	0.258813
-1.11083	1.25105
-1.25208	-1.37585
-0.929872	-0.392535
1.87123	0.470757
-0.579742	-1.4118
-0.29301	-0.312334
-0.816017	-0.253657
0.123232	1.02517
0.707507	1.55256
0.168319	-0.263374
0.86095	1.15358
0.0912815	0.422893
0.160967	0.498952
0.256973	1.07563
1.37461	1.46852
0.69676	1.36062
-1.00554	-0.094052
0.995588	0.712464
-1.34765	-0.493827
0.416311	-0.686212
1.56608	2.19625
0.291723	-0.0019443
1.91753	3.84672
1.0059	0.867778
-1.54731	-0.95776
0.925465	1.33085
-0.511842	1.6938
1.12865	3.16141
2.148	5.61106
-1.58674	-0.737237
-0.921467	-0.566636
0.531232	1.02522
-1.29576	-1.03849
-0.673187	0.535884
-1.80001	-0.392327
-0.793927	0.1028
1.64363	1.3425
-0.529827	-0.632169
0.479101	-0.184207
0.405127	0.461768
0.125081	1.60755
1.85233	2.29212
0.0541096	1.23503
-2.13877	-0.903013
-0.554989	0.409999
-0.52737	1.68925
-0.316335	-0.916472
-0.48114	-0.47768
2.62836	6.3639
-1.19239	-1.48185
0.611468	0.736465
0.482249	0.758507
-0.155578	0.135295
-0.477748	0.0767529
0.0193944	0.183457
-2.0883	-0.25738
-0.754997	1.27336
-0.517934	-0.0473005
0.686428	1.80197
0.97131	0.259597
-0.0616519	0.606194
0.199048	1.18018
0.550143	2.00671
0.405638	0.0307953
1.18753	1.20158
-0.0321322	-0.368046
0.591637	2.30953
0.0360112	1.30768
-0.511326	-0.514637
-1.78561	-0.705285
-0.598556	-0.754244
1.10117	2.02682
0.376693	-0.169014
1.92356	3.42765
-2.22155	0.487586
0.0527769	1.41978
0.266202	0.181186
1.69773	2.38626
-0.0891078	0.534011
0.688041	1.58977
0.57735	2.8116
-2.13774	-1.12446
-0.332474	-0.753757
-1.22994	0.262439
-1.45819	-0.599649
0.713896	0.380678
0.3303	-1.17962
-0.093413	0.753452
-0.623214	0.551964
0.970536	0.583276
1.92592	3.36418
-0.33033	0.0830388
0.329533	1.12737
-1.06235	-0.803971
-0.381763	-0.0446504
1.08701	1.94844
-0.514838	-0.42721
-1.03413	-0.643848
-1.12039	-0.877048
-0.447859	0.0938809
-1.24182	0.811925
0.0338145	0.00199676
-1.14667	-1.35001
-1.22273	-0.434063
-0.152139	1.43399
0.936698	1.50127
0.697801	0.391034
-0.307883	1.31518
-0.362988	2.29602
-0.289788	0.309291
-0.582354	-1.02602
0.541508	-0.0239152
2.27972	5.41251
0.478609	1.58081
0.807003	0.575197
-0.621953	-0.66359
0.456011	1.52927
-0.387155	1.33124
-1.61312	1.18928
0.576351	1.34714
2.63488	4.89556
-0.324478	-0.601073
1.45993	2.74047
2.02274	5.0317
-0.0562413	-0.489974
0.117116	0.154425
1.8219	3.87856
-0.717288	-0.0709271
0.474411	1.21249
0.439517	1.4769
1.22086	2.0492
-0.821032	-1.23968
-0.178267	0.576893
0.604845	1.96772
1.34967	3.08272
0.724096	-0.0289994
1.02761	1.11745
0.4909	0.0648713
-2.01714	-0.850882
-0.583323	1.50605
-0.0174081	0.39179
-1.2709	-1.21661
0.881918	-0.095706
-1.89423	-0.0466508
-0.332191	-0.199902
-0.373293	0.328504
0.820029	1.10102
1.93431	3.39464
0.697179	2.87411
0.661333	0.282285
-0.158323	-0.0123227
1.08231	2.94327
-0.167019	0.950866
1.96738	1.45892
-0.157199	-0.240092
-1.12099	-1.00407
-0.00572035	-1.01608
0.462434	4.07504
-0.130693	-0.136031
-0.42074	-0.851637
-1.29774	0.604776
1.64284	4.02313
-0.883368	0.364385
-0.88698	0.593569
0.182601	-1.35925
-0.379866	1.29
0.598844	0.0792956
1.25064	3.64708
-0.132093	0.0135124
-1.90346	-1.2832
0.118817	2.15495
-0.30433	0.449305
1.35393	5.4286
-0.744655	-0.53155
0.521093	-0.552251
-1.11794	-1.12297
0.269084	-0.687724
0.0543105	1.42671
0.737903	-0.332038
0.771211	1.26209
-1.439	-0.758259
-0.271381	-0.224921
-1.6559	-1.39882
-0.520899	-0.448897
-0.953858	0.155582
0.874029	1.26378
-0.427962	-0.368713
-0.303798	-0.715207
0.955157	0.716113
1.31929	1.22504
-0.636034	0.632979
1.66525	6.05107
0.892082	-0.063504
1.91465	3.22059
-2.34774	-0.823405
-0.534614	0.553281
0.952765	0.885867
0.779433	3.06511
0.867966	0.0636673
0.613519	0.127116
-1.83616	-0.072608
-0.963399	0.341629
-0.663752	1.63547
-0.915374	-0.510881
-0.00780012	0.155481
0.862046	-0.558904
0.179166	0.408583
-0.42755	2.74207
-0.551409	1.97705
0.849225	1.72932
0.942318	2.41238
-0.123535	-0.116771
1.44267	4.39405
-0.131637	-0.588748
-0.630546	-0.0482494
-1.45202	-0.833714
0.685904	0.340105
0.8324	1.50171
-1.38932	-0.386879
0.0847874	-0.615817
0.511977	2.13816
0.996665	3.46176
-1.03625	-0.538468
-0.176525	-0.417402
-0.438696	1.28405
-0.304338	0.774281
0.955651	0.483389
-0.770217	0.348221
-0.721746	-0.475626
0.151414	0.729353
-1.40118	0.549675
-1.01581	-0.261218
0.408412	2.16456
1.21542	0.85934
0.0244975	-0.295755
-1.38447	-0.795375
1.4161	4.43049
-0.507204	1.02859
1.732	4.48748
-0.0534279	0.356501
0.677238	0.387509
0.138128	0.653259
0.545734	0.620071
-2.42538	-1.26048
-0.491654	-0.674495
1.12206	2.06858
-0.439223	-0.839018
0.292479	-0.0619835
0.344686	0.109475
1.93183	3.47086
-1.18078	-0.792011
-0.49493	0.175778
-0.190163	-0.405038
1.77231	0.869083
-0.492748	-0.0207454
-0.939475	-1.46724
-0.118611	0.453041
-0.67133	-0.118409
-1.59006	-0.875346
0.000609053	-0.219632
-0.499265	-1.12813
-2.06686	2.14657
1.78432	3.68509
-0.902357	-0.993657
-1.38897	-0.252002
-0.627905	1.15593
-0.137742	-0.453217
0.988465	1.01366
1.11464	0.887343
-0.851148	-0.804766
0.183674	1.51425
0.630791	2.89741
1.13399	3.39649
0.286916	1.40887
0.866603	3.35726
0.145421	1.3125
2.04517	3.53657
-0.773896	0.314661
-0.171758	-0.0846577
-0.0415959	2.81562
0.540567	2.70792
0.477859	0.601629
-1.81907	-0.812064
0.81384	0.665774
-0.331062	0.668761
-0.389831	-1.01479
0.19758	0.389458
-1.22912	-0.471685
-2.11789	-1.71933
1.03677	2.68517
-0.173574	-1.07055
1.18923	2.1631
-0.658659	-0.939703
0.558013	-0.00377774
-0.18063	-0.00553966
-0.624942	-0.451027
0.669984	2.50455
0.962319	1.21721
1.53602	2.03966
-1.4139	-0.498877
-0.0393414	0.812659
0.170651	1.31458
0.778766	1.94802
0.55627	1.19046
-0.701171	-0.64811
-1.29756	-0.682229
-0.914136	0.176098
1.06376	4.33653
0.238252	1.92306
-0.202539	1.33662
0.146367	0.206014
0.0683889	0.924855
-0.772129	-0.503757
0.36397	0.838093
0.463518	0.583714
0.626972	2.39
-0.568689	-0.550938
-0.399372	0.867794
-0.106522	-0.316103
0.231338	0.561136
-1.17092	-1.38431
-0.953838	-1.0498
-0.845839	0.2626
-0.551893	0.145915
0.7544	-0.397143
0.754944	1.68424
2.0565	5.28321
0.430099	0.0206566
0.741719	2.10079
-0.332626	0.472666
0.100884	-0.563955
0.348334	1.17834
0.265858	1.7874
-0.628085	-0.067842
-0.00829183	1.67047
-1.08374	-0.413072
0.513886	0.632225
2.13313	3.11494
0.0402356	-0.258337
1.55112	2.89472
-1.01911	-0.896624
0.972012	2.83676
-0.176172	0.625516
0.603705	1.16788
0.629411	0.757251
1.0651	1.09543
-1.61399	-1.11494
1.15035	0.683895
-2.61694	-0.660058
-1.21131	0.187247
2.1035	4.33889
-0.954055	-0.0520146
-1.40965	-0.361657
0.191786	1.04427
-1.38483	-0.830073
2.0568	3.31006
1.84598	4.91051
1.31444	0.211824
0.84289	1.01169
0.259855	-0.378127
0.966917	1.17092
0.438701	0.0439954
0.895203	2.03557
-0.158407	1.17055
0.122897	-0.431657
-0.938114	0.246196
1.07491	2.70052
-0.445379	0.540168
-0.159673	-0.509362
0.711362	0.822067
-0.199282	0.760454
-0.261538	-0.347539
-0.281115	2.031
-1.71834	-0.773101
0.387809	1.95597
0.857569	0.368258
-0.433446	-0.257671
0.102026	0.101764
-3.01122	-1.39748
0.492313	1.70009
-0.140458	1.50354
-0.158835	-0.454807
1.08334	0.453424
0.696198	-0.563095
0.819296	1.25766
0.53822	0.00917196
-0.276365	0.0371397
1.42973	1.81111
0.363907	1.78081
0.139073	0.898445
0.303156	1.66585
-0.778859	0.722536
1.57283	2.9929
-0.518987	0.18381
0.0598601	-0.584958
0.796876	4.77225
-0.265171	-0.264454
-0.368092	1.37325
-0.236821	-0.526811
1.61579	3.43667
0.599518	2.11068
-0.477202	1.02147
-2.15704	-0.722303
0.223754	1.52245
1.64692	2.42908
-1.53096	-1.01831
0.484117	0.0370955
0.298632	0.398202
1.30462	1.53506
0.692402	0.871247
-0.0169262	0.225801
1.29522	3.07756
1.50692	6.15311
-2.17756	-0.576295
1.05914	2.92341
-0.00666918	1.20039
0.795365	1.27799
-1.31675	-0.972683
0.324864	1.24693
0.839441	0.475917
0.282975	-0.611638
0.478656	0.181097
0.468713	2.03687
-0.0608086	0.307699
-0.794425	-0.398219
-0.590982	0.0158024
-0.359938	-0.0780344
0.489697	0.363048
0.94935	1.67374
-0.411408	-0.516347
-1.78361	-0.349091
0.757505	0.93434
-0.171886	1.60614
-0.186515	2.81064
0.393131	-0.0191081
0.938326	0.279568
-0.550747	-0.219153
1.62304	3.38717
1.7736	0.617189
-0.542397	0.162789
0.924721	3.35674
-0.436758	1.37518
-1.73775	-1.24534
1.87748	3.86101
-0.389772	0.300841
0.559518	-0.523472
-1.3763	-1.20124
-1.55963	-1.02363
0.731947	2.50134
0.908719	0.427647
1.65923	4.1343
-2.601	-1.00772
-1.10849	1.18061
1.89788	4.90043
-0.925242	-1.09732
0.320585	-0.194226
-0.215028	1.41144
0.680657	0.152706
-0.738525	-1.04049
-0.319988	0.744724
0.466549	0.878055
0.123742	0.470701
1.6448	3.84941
-0.285833	3.22818
0.482753	1.11339
0.208096	-0.0476366
0.529273	1.43518
0.693137	2.42669
-1.84469	-0.656006
-0.264502	0.887747
-0.0117347	-0.467708
-0.642829	-0.205067
0.952922	1.22894
-0.848243	-0.0727987
0.841265	2.25459
-1.35785	0.0511599
-1.44448	-0.79761
1.05521	0.869668
-0.219741	1.8118
-0.913224	-0.967394
-1.03247	-0.93802
-0.792086	-0.666171
-1.1632	-0.313308
-0.157715	1.68144
-0.247431	1.2268
-0.946551	0.44381
1.30514	1.84674
-0.129453	-0.341507
-0.0152817	-0.691365
0.600111	1.67538
-1.0696	0.877299
0.385679	0.696245
-1.76855	0.133626
-0.953473	0.913018
-0.949274	-0.16205
-0.430326	0.0389707
0.473676	1.07368
-0.0987779	0.284743
0.468383	2.44329
-1.02296	0.40675
-0.37813	-0.865747
0.455176	1.18338
-0.336801	-0.470797
0.224917	1.15687
-0.90676	-0.65424
0.325435	-1.03515
-1.69872	-0.669999
-0.584955	-0.789019
0.668163	0.0676167
1.04071	1.89385
-1.2209	-0.872211
1.61351	2.67479
-0.115097	0.0716972
0.11289	0.486579
0.395611	1.22228
-0.896893	-0.864691
0.286092	1.26342
0.948891	1.69966
-0.018206	-0.785558
1.25388	0.0556815
0.804134	1.09578
0.631174	1.78833
0.606865	-0.325891
1.47116	2.24686
1.96595	1.71956
-0.562735	0.264729
0.584426	0.469757
-0.735649	-1.25852
-0.399318	-0.494928
0.559577	1.81832
1.74005	4.84616
0.0235396	0.274925
0.90172	3.88427
0.891524	1.76855
-0.996546	-0.358961
-2.44448	-0.323557
-0.779079	-0.285891
-1.04893	0.311056
0.982087	1.10968
0.0589388	2.36272
0.697855	1.18368
0.316451	-0.278507
-0.350047	-0.623218
1.97	3.78415
-1.37452	-0.884271
-0.267951	1.29113
-1.05114	0.38437
1.39757	3.75684
0.199963	0.37374
-1.23687	-0.631577
-0.166927	0.0680852
-2.04419	-0.725031
-0.968452	-0.133444
-2.16148	-0.637149
0.364315	0.613711
-1.29902	-0.638467
0.71683	0.673814
-1.14172	-0.775041
-0.835033	-0.249124
-0.186047	0.34215
-0.419341	0.290947
0.0829512	0.199212
-1.51069	-0.906895
0.831076	0.404161
-0.46704	0.181386
0.867384	0.823896
-1.09983	0.346493
0.761994	0.697143
-0.0352198	0.331945
-0.902348	-0.0823414
-0.263473	-0.188578
-1.47701	-0.460908
0.0578213	0.714736
-0.547378	-0.557144
0.740208	2.33979
-0.810892	-1.16884
-1.62828	-0.287885
0.471949	1.02881
-0.315748	-0.316033
0.889715	2.49384
0.0380178	0.27753
1.11722	2.42636
-1.25743	-1.62553
-1.58522	-0.814441
-0.242766	0.507178
1.12103	2.31886
1.31482	0.718693
-1.26598	-0.283394
0.899132	0.326356
-1.14774	-0.471307
-0.178049	-0.363839
1.82009	4.22394
-0.215041	-0.661405
0.671795	0.620809
-1.02595	1.77719
0.42366	-0.286375
0.928078	1.0136
0.753314	3.67968
-0.366595	0.0154841
-0.276821	2.33783
1.90128	6.02416
0.767424	1.18123
-0.115232	0.16291
1.29877	-0.640512
0.91958	1.03325
0.478956	0.395192
-0.73393	-1.53282
0.280636	0.979451
1.9378	1.60844
-0.14413	1.19679
-0.527744	-0.709813
0.599799	0.388255
-0.337918	1.40113
-0.722905	0.458516
-1.9768	0.152678
-0.637101	-0.448955
-1.08576	-0.492413
0.983039	-0.1245
-0.712521	0.564374
1.49618	3.44136
-1.29016	1.93021
2.21552	5.0967
-0.643307	0.0313914
0.583473	0.703056
1.0161	0.411265
-0.64805	-0.519758
-1.44678	0.269461
-0.899227	-1.21666
-0.272974	1.53697
-0.126975	-0.300557
0.184173	0.202194
-0.976463	-0.00566006
0.654168	1.26456
-0.783516	-0.0124907
-0.823395	0.0792503
0.686823	1.92264
-1.51119	0.228558
-0.519728	-0.457478
0.467359	0.691398
0.577268	1.12214
-1.31681	-0.617434
1.70091	0.808306
-1.98754	-1.43445
-0.690755	-0.709046
1.07311	4.49827
-1.12662	-0.546193
-0.112576	0.461917
-0.16209	0.14038
0.176216	2.04312
0.204816	1.02349
-0.200577	-0.234357
1.47537	0.4871
-1.06375	2.96918
0.280411	-0.0227427
1.63355	3.15287
1.001	1.70815
-0.250958	-0.705982
0.131698	0.735778
1.99202	2.78954
1.0676	1.71219
1.11024	3.1108
0.373877	-0.0633442
0.385009	1.23259
0.895394	2.52029
1.0392	3.67997
-1.03035	-0.0201112
0.967472	1.5075
-0.593847	-0.143737
0.310056	1.55527
0.860176	-0.221084
1.17092	2.10266
-0.343638	2.45029
0.049036	0.80359
0.834199	3.74573
1.04038	2.01908
0.577174	0.974952
0.824607	1.46008
1.26303	1.51279
1.62349	3.00325
-0.72885	-0.503772
0.077945	0.671425
-0.535648	-0.748411
0.887417	0.553781
1.52138	3.35448
-0.00741485	1.55284
-1.15	0.226649
-0.937351	-0.873802
1.62187	2.78964
0.287798	2.11673
0.00533866	-0.776939
-1.03299	-0.800317
-0.706957	-0.19317
1.41014	3.56058
0.193292	0.12993
0.131519	2.00808
1.0741	1.46933
2.41048	6.04964
-1.26084	-1.21095
0.710616	1.76411
1.25616	2.99133
-1.45846	-0.556767
0.420777	1.32066
0.018824	0.715052
0.367407	1.76239
1.26453	2.37334
0.646241	-0.0415289
0.871831	2.71274
0.672126	0.645183
0.80529	3.75852
1.31178	3.24568
0.620897	0.924829
1.03995	1.15807
-0.842692	0.302809
-1.01804	1.40691
1.84551	5.77045
-0.259482	-0.587762
0.523056	0.488611
0.100688	1.47198
-1.42743	-0.842683
-1.26611	-0.916545
-1.08553	0.166135
1.26485	0.882528
-1.53126	-0.369783
0.0940455	-0.618238
-0.93123	-0.491844
-2.05897	-1.01085
0.467126	2.87259
1.77425	2.55596
0.818251	0.138503
-1.12239	-0.985417
0.560337	0.743884
0.0296534	0.25355
-0.139483	-0.0249213
-0.0943598	0.855949
1.27909	4.64249
2.36627	8.39541
2.31719	6.22421
1.52358	2.1966
0.158069	1.68922
-0.18127	0.0766778
-2.18007	-0.428919
-0.0266483	0.6172
-1.01165	-0.341893
-1.47004	-1.09977
-2.561	-1.24819
0.31912	0.163593
-0.15983	-0.305116
-0.183056	2.26712
-0.62252	-0.138686
-0.44513	0.816995
-0.913948	-0.884967
0.830373	0.420583
-1.28736	-0.89677
2.14471	3.18703
1.25629	2.28825
0.791962	1.25424
-0.342947	-0.254368
0.435735	1.07703
-1.28136	-1.03843
-0.269528	-0.166293
0.132196	2.65702
0.020823	-0.0667942
-1.26534	-0.223421
0.529239	-0.133537
0.298471	0.265963
0.41568	0.861126
1.25244	0.774311
-1.39674	-0.13904
0.35644	1.44992
-0.822945	0.284297
-1.35302	-1.15942
-1.25305	0.917703
1.16316	2.92985
-0.381737	-0.209821
0.595406	1.70853
0.0166839	0.521566
-0.426648	0.630771
-1.25772	-1.11822
0.0549366	0.637277
1.1061	1.58715
-0.137399	0.444916
-0.191289	-1.19126
-0.750654	0.332125
-1.04423	-0.222851
0.484388	1.1645
-1.81917	0.934813
0.225942	0.769312
0.146582	0.840957
-0.298031	-0.572527
-1.45816	-0.41289
0.403727	-0.1197
0.173808	-0.111915
-2.38402	-1.01931
0.776577	0.219319
0.222338	1.27055
-0.335423	-0.83787
0.0236322	2.12816
0.710467	0.456586
-0.319434	1.14435
0.518241	-0.387878
-1.56094	-0.85642
0.340889	0.347784
-0.350087	-0.986064
0.490224	1.28904
0.468947	2.90355
-0.500976	-0.235707
1.20298	2.72541
-0.587995	1.14917
0.746325	1.46797
0.078813	0.306721
1.20859	-0.415522
-1.19373	3.89103
-0.080389	-0.678208
0.788998	1.3262
0.505687	2.44986
-0.120162	0.514616
0.47433	1.62356
-0.27807	0.783637
1.12921	2.72082
-0.400308	-0.879807
-0.736579	-1.11923
-0.131172	0.0553477
-0.242746	-0.862321
-0.0704323	0.151271
0.868604	4.29575
-0.531642	0.479246
0.695052	0.880468
-0.395626	0.374287
0.616839	1.49054
2.11881	5.53227
-0.519342	-0.690397
0.229791	1.62471
-0.330058	-0.645722
0.27009	1.6921
-1.35507	-0.479775
0.694138	0.429567
1.73646	2.97655
1.15005	1.81187
-0.226192	0.422661
0.889569	0.798035
0.0733221	1.26529
-1.58977	-0.986453
-0.402965	0.787382
0.472273	0.247083
-0.860387	0.787665
0.337468	0.462543
1.39203	1.70812
0.906934	2.45228
-1.49771	-0.746222
-0.505302	-0.548698
-1.277	-1.3878
0.509036	1.37837
-0.28959	-0.017767
0.15341	0.180075
1.77183	1.53815
0.351037	0.757115
2.13577	3.0151
0.728074	1.29004
-0.899323	0.674187
-0.0132039	0.579634
-0.407	-0.055629
0.814417	-0.568334
2.09192	7.0563
-1.42175	-0.535229
-1.94633	-0.777513
0.519661	0.752859
0.62193	1.71358
-0.686577	-0.719231
0.739093	2.01281
1.92626	4.92052
1.32625	1.9647
-0.222532	0.212998
-0.110076	0.0817502
-0.425076	1.05827
-0.980913	-0.0352323
1.23199	1.22006
0.877796	2.71557
1.83848	5.18648
-0.489666	0.227394
-0.908977	2.60744
2.26373	5.57159
-0.391252	0.230044
-0.351494	-0.696097
-1.10182	-0.12895
-0.29493	0.113759
0.760282	0.470594
-1.54804	-0.327382
-0.627187	1.40901
-0.394468	-0.55515
-0.16762	-0.112516
-0.221444	-0.538925
1.68928	6.94009
-1.69456	-0.774328
0.514006	0.725757
-0.61647	1.50071
-0.59885	-0.797738
0.73002	1.103
1.47852	1.30439
0.222594	-0.519614
-0.444948	-0.63692
1.15112	1.88244
0.264001	0.677825
0.415276	1.61957
-1.54858	1.95483
-0.105698	0.569288
0.600179	-0.0790036
-1.1492	-0.367616
-0.0939006	-0.112662
-0.678191	-0.439602
-1.0263	-0.277421
-0.35239	0.716664
-1.37537	1.16273
1.57268	1.37792
1.0409	1.84405
0.948735	-0.125641
0.735994	0.128654
0.46745	1.56827
-0.273122	0.233518
0.542789	1.04707
1.00059	0.607098
-0.940867	-0.879669
-0.498737	-0.329424
-0.0887549	-0.284917
0.160753	0.196183
-0.0510525	0.162739
0.730624	0.192831
0.171918	0.0285769
1.40161	2.54372
-1.28221	1.2482
-2.10439	-1.3864
0.498199	-0.084154
-0.482131	-0.701891
-0.323573	0.26401
0.400435	1.96304
-0.841958	-0.731267
0.361495	-0.0767726
0.860925	0.152074
0.75918	0.596309
0.133129	-0.49044
0.104746	0.0544882
-2.24002	0.919946
-1.34627	-0.103716
0.496909	-1.03379
0.92414	0.610363
-0.947638	0.188972
-1.5441	-1.37014
0.763101	1.13634
-0.15637	0.372937
-0.172039	-0.263001
-0.0998295	0.0116789
-0.538096	-0.739295
-2.84754	-0.950961
0.48319	0.513464
1.17445	1.84143
0.289373	-0.0260669
-1.52068	-1.26405
-1.10389	-0.924991
0.378175	-0.227593
-0.324364	1.86594
1.1103	3.51078
1.02603	0.00695467
1.3036	2.30799
-0.845209	1.53602
-0.831851	-0.720776
-0.116405	0.103276
-0.462473	-0.075621
0.358462	-0.633926
-0.0286117	-0.204011
0.650667	1.33041
0.389851	-0.242721
0.0171896	-0.312538
1.61922	5.60969
-1.77819	-0.969152
1.2935	1.94265
-0.129403	-0.325819
-0.914095	-0.992841
-1.15413	0.41657
-0.880874	-0.596068
-0.732464	0.852693
0.602818	1.39957
1.81416	4.11017
-0.619589	-0.151558
-0.704035	-0.10764
0.450371	1.65761
0.0766638	1.50083
-0.475601	-0.565124
-0.368037	-0.940714
0.963946	0.446111
-0.572057	1.3651
-0.436625	-0.223751
1.92047	3.35266
-0.792377	0.679095
-0.83597	-0.422085
-0.156684	-0.246546
0.241483	0.666839
-0.574458	0.279632
0.955817	2.19815
0.163748	0.912896
1.22246	0.210634
0.30041	0.366869
1.08526	2.33887
-1.58402	-1.13325
1.03275	0.956249
-1.3518	0.451695
0.216275	0.0529957
0.684202	0.549376
0.370239	0.00657797
1.1905	0.861738
0.128936	1.22212
0.238858	0.845236
0.34331	2.24608
0.26378	2.10427
-0.0534929	0.657824
-0.991908	0.284784
1.26008	2.00477
0.292118	1.70029
-0.63555	0.22653
-0.670718	0.789224
-0.576591	-0.167812
-0.37722	-0.280011
0.138488	3.84375
-0.412174	1.73352
-0.323144	0.380001
-0.482054	-0.952698
-1.52113	-1.42061
-0.40965	-0.538789
0.403817	1.46292
1.46906	5.3304
-0.233918	1.40722
1.22875	0.659825
0.5615	0.814695
-0.0192994	1.19543
0.725815	-0.327617
1.26289	1.6357
-1.14291	-0.950454
-1.0544	0.0521719
0.811977	0.562224
1.74059	6.26344
0.646972	0.678152
1.04475	2.19377
0.634932	-0.428501
1.34729	2.13707
0.0790911	-0.122679
0.354963	2.43221
-0.579255	-0.128993
2.21576	3.55709
1.75828	2.57623
-0.46295	0.410538
0.0844583	-0.429184
-0.239029	-0.367292
-2.35318	-0.555945
0.324549	1.43056
1.98475	-0.276564
-0.405701	-0.0430536
-0.1488	0.446268
-0.609817	-1.47819
-0.417727	-0.664799
-0.437523	-0.12145
1.0136	3.04526
-0.928183	-1.17295
0.496376	1.04009
2.12879	2.80867
0.347542	1.24975
-0.462585	0.836905
0.0474268	0.102396
0.866628	0.447427
-0.902398	0.176535
-0.447582	1.03469
0.696708	0.266815
-0.0738889	1.52993
-0.848787	0.471159
-0.315152	-0.784882
0.136681	-0.0748664
-0.996893	-0.942041
-0.229341	-0.888346
-0.722381	0.290546
-0.131623	0.250845
1.02627	1.90058
-0.0117216	1.53801
1.56095	1.14377
0.445195	0.475541
-1.42905	-1.06406
-0.688635	0.475823
0.700059	0.0657654
-1.3041	-0.586639
-0.876603	0.164859
0.195914	-1.12234
-0.247301	-0.199232
-2.58214	-0.504048
-0.744995	-0.473233
2.16932	4.88558
-0.962161	0.441569
-1.40466	-0.215876
-0.724226	-0.558428
-0.0750394	4.65151
-0.479352	0.244807
0.560401	5.55349
-0.753758	-0.594198
-1.42703	-0.551987
0.0871285	-0.485726
-0.295606	-0.117412
0.862919	1.35869
0.179191	-0.771074
1.27643	2.82491
-0.942351	0.53005
0.155536	0.660075
1.45516	2.44819
0.320699	0.87545
-0.535255	-0.218363
-0.00458328	-0.615674
1.25835	0.838786
-0.798244	-0.337697
-0.865911	-0.822492
0.433613	0.16014
0.193337	1.9489
-0.518578	-0.529896
0.425477	0.410312
-0.0152853	1.45761
0.0694196	-0.145202
1.52655	1.9768
-0.0198127	1.36018
0.99151	1.46227
0.183671	0.394177
0.0478178	1.84819
-2.42781	-1.43401
0.545229	2.65984
-0.51302	0.695598
0.605284	1.1954
-1.38374	-0.622192
1.45311	3.05044
-1.09624	-0.0203437
-0.856606	-0.0286466
-1.23324	-0.387539
-0.108379	0.313963
0.430531	2.28404
-0.427696	0.741465
0.665169	1.54083
0.530583	0.798248
1.41196	1.7496
-0.0763896	1.62205
-0.387816	-0.910633
-0.724634	-0.612971
-0.691507	0.0744057
-1.39594	0.894595
-1.08706	-0.0226474
0.552709	-0.0587893
0.433119	2.38529
0.382834	3.17196
-0.390059	0.364425
-0.377195	0.188708
0.277465	0.778086
-1.88035	-0.48942
0.436617	0.608702
0.194271	0.0657594
-0.115564	1.83065
0.396076	0.363151
-1.04476	-1.54375
0.124216	-0.0401509
0.681264	0.631455
0.79164	0.0474072
0.0738132	1.00027
-0.309458	-0.662425
-0.459088	1.43292
-0.546658	1.04486
-0.161281	-0.281891
-0.0823199	0.678998
-0.222688	-0.396798
0.0374645	0.832067
0.36524	0.646328
-0.694549	-0.20884
-1.23047	-0.563909
-1.3729	-1.19228
0.379857	-0.0639921
0.0625221	0.323522
0.0700286	-0.0322866
1.94184	5.62473
-0.373871	-0.847878
0.0404751	0.392494
0.414005	-0.579696
0.629434	0.817279
0.587596	0.51749
1.84111	4.19093
0.119885	-0.527149
-0.164185	-0.688544
-0.495071	0.603726
-0.65497	-0.218763
-1.24495	-0.696184
-0.505199	-0.722116
-1.34636	-0.424839
-0.0336109	1.15523
-2.86661	-1.11276
-0.0055419	3.73765
-0.476135	2.51393
-0.603611	-0.475417
-0.301889	1.30591
0.267857	0.468314
0.605444	-0.670375
0.0810209	2.18558
-0.440077	0.570917
1.13269	0.974023
1.72017	3.35821
-0.251138	1.56877
2.05172	4.76183
-0.46656	-1.0927
1.07623	3.50864
-0.52227	0.770065
0.261877	1.01655
-1.73786	-0.870857
-0.568514	-0.374796
-0.823205	-0.335729
-0.258787	-0.47798
1.06774	1.90033
-1.10293	-0.222459
1.55022	4.18527
-1.05649	-1.01471
-0.284263	0.324755
0.111253	-0.732102
0.188742	1.10074
-0.331684	-0.75384
-0.987788	0.364377
-1.23438	-0.793723
-1.54184	1.45926
0.814577	0.323516
-1.12554	1.34395
-0.184001	-1.27973
-0.313202	0.426873
0.766768	-0.0848526
-0.420124	0.317518
0.522081	-0.179653
-0.945925	-1.19165
1.67882	1.95282
-0.395783	-0.290886
0.170581	0.041995
0.552224	0.854357
-0.166047	0.0454748
-0.0600222	0.648562
-2.21184	-1.10491
2.44846	5.13462
1.48332	3.58698
-0.352588	-0.200509
0.400034	0.82462
-0.993845	-1.15658
0.183365	0.601653
-0.319709	1.49717
1.88664	1.89454
0.129907	1.74509
-0.737352	0.902897
0.429735	-0.170732
-1.51512	-1.20467
-0.104617	0.259881
-1.5738	-0.813149
-0.28918	0.0605512
0.648931	0.781809
-1.05882	0.0782144
-0.90248	-1.67384
-0.468991	0.405824
-0.443976	-0.691559
-0.967415	-0.50149
0.296108	0.616595
-2.45296	-1.70728
-0.862339	1.24527
-1.02436	0.752909
2.25894	5.53137
-1.20717	-1.18401
0.110479	-0.203362
1.49551	0.864176
0.384789	-0.476931
-0.0636316	0.0891006
-0.202853	2.86474
0.880674	0.539321
0.0831832	1.69686
-0.661226	0.628333
1.99903	3.02186
-0.130813	-0.0123769
-0.567393	-0.264035
1.51522	1.71763
-0.867891	-0.721009
-0.596452	-0.516359
0.0766916	0.500453
-0.898406	-0.217085
0.154086	-0.182657
-0.341083	-0.501465
0.508429	0.800898
-0.642567	0.965811
0.30005	0.676626
0.814601	4.92641
-0.172955	0.132273
-0.0221221	1.76586
-3.17472	0.131876
2.04687	3.93922
0.383876	1.07138
-0.196923	1.6724
-0.940857	-0.160179
0.78955	0.347695
1.15455	2.30341
1.65747	0.360174
0.34592	0.986352
-0.61417	-0.689302
1.37751	2.21532
-1.76211	-0.258039
-1.08939	-0.394853
-0.399707	-0.27054
0.00781805	-0.383099
0.503715	1.34227
0.602581	1.11829
1.5712	2.92976
0.186812	-1.32087
-1.43438	-1.01552
-0.301221	0.546765
-0.138616	0.171618
-1.20264	0.0494313
1.82204	2.34359
-0.728732	0.805525
0.60542	0.96746
-0.780051	-0.515344
0.097642	-0.713701
0.991961	1.65316
0.0377458	0.236855
-0.501613	-0.825369
-1.27524	-0.257687
-0.374591	0.00778079
-2.03686	-0.231538
0.149501	0.755318
0.880838	-0.0291973
1.13419	1.25734
-0.713965	-0.955873
0.419265	0.810312
0.130817	-0.726153
1.22574	1.79095
1.72243	0.182748
0.0290681	1.72943
0.381611	1.2133
-0.703686	-0.0235629
0.674095	2.20468
-0.995576	-0.861064
0.531606	0.847267
-1.47948	0.266305
1.30994	2.90196
-1.64499	-0.139332
-0.638213	-0.250924
-0.141705	0.321695
-1.5954	-0.5758
0.853786	0.368648
-0.947486	-1.10926
-0.990808	-0.649573
0.227453	-0.114714
0.500537	-0.55364
0.356791	2.2298
-0.97716	-0.882419
-0.509389	-0.83243
-0.112442	-1.03377
1.0958	1.8566
-0.279738	0.544742
0.709401	0.427873
1.46803	3.42296
1.61395	3.28959
-0.152249	-0.00231206
-1.14995	-1.94181
1.32909	1.82098
0.373668	-0.786991
-0.0963013	-0.201151
-0.92495	-0.878993
0.914165	1.3774
-0.661282	-0.669401
0.62719	2.1457
-1.3505	-1.08559
-0.389633	1.38396
0.720529	1.63212
1.01049	1.11716
1.12032	1.16524
-0.934558	-0.268628
-0.49791	0.11454
-1.47883	-1.0823
-0.566565	0.589775
1.16887	1.7135
0.277496	1.49805
0.713584	-1.06286
0.294094	0.968139
-1.09035	-1.11026
0.0160163	0.220813
-0.553621	0.328106
-0.265348	-0.101162
-0.902831	-0.125048
0.926612	1.36538
0.434281	2.4681
1.48936	2.46883
-1.79703	0.0164258
1.29042	1.57678
-0.26679	1.56432
-0.377769	1.59099
1.30835	0.598197
-1.07554	1.71754
0.509186	-1.33781
1.7541	2.63751
-0.630063	2.54158
-0.396777	0.117399
0.71291	1.36296
-1.08746	1.88998
1.8803	2.58742
-0.747275	-0.419468
0.846336	0.915351
0.297387	-0.145046
-0.16182	-0.287281
-0.535218	-0.99929
2.12833	5.06719
1.53937	2.00305
-0.421723	-1.06342
-0.299666	0.863247
0.344443	0.387255
0.504564	0.590796
-0.350957	-1.11258
-1.24232	-1.04833
0.953901	1.09721
1.08939	1.0211
-0.647448	-0.197214
1.96677	2.09466
0.436135	0.540498
-0.392079	-0.693682
0.509835	2.18451
-0.287602	1.28889
0.780961	1.89937
0.159812	0.620201
1.63787	2.63953
-0.0439347	-0.514663
-0.583456	-0.0888437
-0.943802	-0.340905
0.728535	-0.0360054
0.248791	3.09616
-1.20807	0.644442
0.644951	-0.756739
0.0742351	0.518039
0.0349919	-1.43672
1.03798	2.36297
-0.520427	0.16901
-0.517468	-0.304183
0.0267837	1.33337
-0.1378	2.21273
-0.628048	-1.69774
0.538314	0.232008
-0.587048	-0.315289
-0.75755	-0.476705
0.0690397	0.996963
-0.9444	0.507613
-0.417268	-0.947752
-1.77483	-0.457174
0.907196	2.07491
-2.69406	-0.333063
-1.04608	0.593551
1.44958	3.11152
-1.64836	-0.695144
0.48063	-0.901303
0.785711	1.13607
1.3514	1.30468
0.233482	1.31886
1.36362	2.72716
0.830616	0.881699
0.673592	1.2966
0.838307	2.25138
2.36927	3.96079
0.322179	2.85365
0.393558	1.63725
0.0385256	0.225883
-0.187722	-0.455276
-1.61783	0.24218
1.49646	4.25248
-0.686891	-0.335452
-0.519326	-0.766764
-1.26861	-0.326653
0.17045	1.54072
-0.865242	0.224804
0.294127	-0.0880152
-0.928584	-0.352122
0.737254	0.443277
0.530305	0.190988
1.739	3.39447
-0.518237	0.195528
2.43584	4.2093
-0.279848	-0.131994
0.673155	0.109379
1.77102	4.15192
-0.121316	1.2612
-1.31166	0.49888
-0.0765147	-0.315984
0.148496	-0.350716
1.02497	2.55446
0.578207	2.02006
-1.30239	1.74004
0.0332047	-0.00404537
-0.580561	-0.517787
0.533404	2.62289
0.824495	0.368621
0.423062	0.130072
-1.13948	0.0309145
0.825856	0.941104
-0.984058	-0.137985
-1.81879	1.12618
-1.6748	-1.39476
2.10961	4.40717
-0.975706	-0.316382
-0.198649	-0.331237
-1.07586	-1.19583
-0.0313039	0.666517
-0.170942	-0.206276
0.478979	1.83251
0.93944	-1.08685
-1.19314	-1.04494
-0.565529	0.477902
-2.19814	-0.603321
-1.71872	-0.0881493
-1.09128	-0.476169
0.498399	2.76313
0.725151	0.0632608
-1.04325	0.646005
1.83304	3.12066
-0.664735	0.417477
0.605237	-0.254025
-0.0601852	-0.462172
-0.899418	0.378445
0.499703	-0.304729
-2.59836	-0.0976056
0.133413	1.2368
1.15582	1.24732
-0.846167	-0.965517
0.160754	0.87571
-0.270238	0.215079
0.733192	-0.0609571
-0.0429612	0.0182402
-0.500448	-0.23429
-0.655934	-0.266571
0.644503	2.658
0.539371	1.31937
0.474052	1.7768
-0.339835	-0.382918
0.963053	1.47944
-0.636609	-0.679393
-1.13622	-0.687365
0.358346	0.722926
-0.403323	-0.631117
0.345504	0.0829661
-0.17322	1.12268
-1.07631	-0.4862
0.901722	1.16086
0.0281622	0.0116992
-1.21303	0.831912
0.894375	1.65372
0.189232	0.810699
0.63734	-0.0389224
-0.546169	-0.413212
0.678216	-0.249113
-0.251466	0.0329125
1.81737	3.69674
1.23705	0.918276
0.266309	1.4382
0.07649	1.70781
0.326614	0.361136
0.872009	1.43769
0.232911	0.492991
-0.257799	-0.377557
0.505644	1.08681
0.0551823	0.157278
-0.512243	-0.52747
-1.68617	-1.15305
-0.275911	1.32347
1.1276	2.71252
-1.35459	-0.216358
-0.0998773	0.818217
0.0831067	0.894815
-0.149605	2.97965
-2.769	-0.912405
-0.0852363	0.0764823
0.789694	1.04166
-0.668949	-0.805088
0.0775745	-0.0927109
-1.90041	-1.07111
-0.0783469	-0.591663
-0.367007	1.50903
1.32532	2.08927
-1.76303	-0.00773013
-0.981949	0.827563
0.917286	2.95335
-0.0520776	0.151182
0.789687	1.85226
1.61746	0.133629
0.492107	1.07919
0.474947	-0.21668
0.806011	2.29158
1.68385	4.09723
-0.35456	0.154047
-0.307231	1.19444
1.10267	2.12501
0.0646783	1.52696
0.0670349	0.00325441
1.18194	2.00223
0.357654	2.22012
-0.711645	0.730796
-0.786202	-0.746564
0.269453	1.22665
0.474959	1.17277
-2.01113	0.327755
-0.209643	0.745168
-0.107283	-0.0545764
0.533689	1.21833
-1.17997	-0.593105
0.191847	0.924991
-0.167762	0.257064
-0.753003	-0.31958
0.36055	2.36366
-3.12167	-0.391805
0.795381	2.53622
-0.924094	-0.799835
-1.88441	0.23175
-0.0196249	0.132012
-1.98778	-1.13986
-0.546448	-0.636126
1.77805	5.30961
-0.0547182	-1.04538
1.23581	0.367107
-0.904183	-0.0601053
-0.507754	-1.1977
-0.791582	0.179875
-0.527747	-0.711133
0.306123	2.50685
-0.393115	0.672679
0.0366596	-0.524595
-0.33113	1.26259
0.255205	1.01977
0.193837	1.0878
-0.328649	1.29554
-0.677893	0.122763
0.638848	0.276967
-0.874203	-0.208054
0.475819	0.586985
-1.6486	-0.922592
-0.67776	0.542779
0.492362	1.0076
-0.979461	-0.0887662
-0.138951	1.18166
-0.408405	1.78652
-0.38374	0.440788
-0.526696	-0.0162101
0.732652	1.40541
1.67455	3.70808
-2.23833	0.0794303
-0.0380669	1.52375
-0.255645	0.261495
-1.30506	-1.01686
-0.893477	0.264183
0.286582	-0.160849
-0.201078	1.0879
0.796484	1.06787
0.861291	1.43595
0.0401482	0.0662959
0.15856	-0.511491
-0.569298	0.134367
-1.20568	-0.889953
-0.299121	-0.44046
-1.36815	-1.05107
-2.55673	-0.97958
-0.204823	-0.128885
-0.389164	-0.216168
-1.07661	-1.00977
-0.772767	-0.317545
-0.691517	2.66775
0.521011	0.998936
0.438783	2.54936
-0.713443	-0.610791
1.17932	4.16753
-0.529369	-0.456085
0.649312	1.20573
-0.0928586	0.438805
0.439965	0.369484
-0.56238	-0.259519
-0.806801	-0.356085
0.0813203	-0.129445
-0.0489177	-0.751719
1.37048	4.85239
0.267327	1.42158
-0.94266	0.0457191
-0.000170376	0.0733411
0.127583	0.523397
-1.64665	-0.996501
1.50285	1.11292
-0.089873	1.14642
0.786108	2.15567
1.07915	-0.292379
-0.37984	0.103384
-0.986658	-0.543157
0.0813517	-0.204375
-1.30672	-0.832603
-0.512585	0.0522387
0.00118883	-0.535957
1.13507	1.25305
-0.843159	0.543551
1.66135	2.5826
0.227734	-0.403031
2.67884	5.15318
1.30526	2.71098
-1.11394	-0.76396
-0.706844	-0.526212
2.12632	6.06804
0.309729	0.72795
-0.0834681	0.458858
-0.727474	1.15571
0.482343	0.0606167
0.485266	1.33697
0.627458	-0.47134
0.91104	-0.744148
-1.0754	-0.902781
0.264968	1.30369
0.760835	0.419016
0.0548519	-0.0884676
-1.29515	-1.06552
-0.477956	-0.308626
-0.536966	-0.208338
0.310842	1.22768
-0.981487	0.652007
0.47571	0.37799
1.23795	2.80897
-0.171819	-0.135955
-0.71672	-0.0159991
0.756543	2.92965
0.480968	0.633481
-1.20944	1.61165
-1.9417	0.0412774
0.593297	-0.234944
-0.0409044	1.04425
1.89629	1.79525
-1.93923	-0.599414
-0.276622	-1.03619
-0.000995668	0.723783
0.638659	0.195601
-1.23706	-1.01414
0.207339	0.0700104
-0.160369	2.19895
-0.139965	0.0434434
0.745627	1.45522
0.562514	1.58245
-0.858001	-0.389047
0.402719	0.392084
0.419749	0.307626
0.732981	0.943137
-0.194061	0.0533855
-0.440858	1.002
0.254188	0.582771
-1.4567	-0.802521
-2.5082	-0.30573
-1.02679	-0.472882
0.251817	1.41183
0.755611	1.08874
0.94966	1.62408
1.16883	2.46889
0.70828	0.816751
0.141648	2.2886
-1.09105	0.30827
-0.216685	-0.335278
-1.1036	-0.909058
-1.0701	0.313106
0.292227	1.51592
0.661148	1.15207
0.412619	2.19775
-0.253458	0.332265
0.428442	1.52585
-1.16424	-0.7236
-0.944117	0.393167
-0.302544	1.31505
-0.110639	-0.428334
-0.247091	-0.955191
-0.0924447	-0.179747
-0.328725	0.813233
1.67713	2.89084
0.0082813	0.133756
-0.438138	-0.864295
-1.6362	-1.78027
2.11681	0.659891
-1.23355	1.45283
0.577932	1.40175
-0.604507	-0.789431
-0.487892	-0.150975
1.55788	1.54866
-0.597894	-1.74773
-1.86059	0.477257
-0.291896	1.82086
-0.177773	0.281094
0.510104	0.861858
-0.588933	-0.380833
-0.214956	0.0674677
-0.521859	0.0309312
-1.80116	-1.32175
1.14523	1.68282
-0.682664	0.604514
1.85045	4.50331
0.526012	1.26443
-0.452851	0.138702
0.560213	2.11623
-1.27422	0.0533938
1.39267	-0.00282347
-0.106843	0.369307
-0.19738	-0.621365
-0.0723392	0.15108
0.848408	1.4978
-1.27547	-1.09417
-0.776923	0.193413
0.427942	2.78913
1.57603	2.65615
-1.94094	-1.11333
0.722558	0.794199
0.857823	1.87038
0.459886	0.287977
0.654832	0.903587
-1.46444	-0.125501
0.922216	-0.10361
-0.266252	0.28465
-0.0088604	-0.477506
0.935517	-0.555156
-1.5962	-0.192798
0.485703	0.626105
-0.881362	-0.16219
1.103	1.72099
-0.508201	-0.435081
-0.210102	-0.332982
0.198823	1.35939
-1.09407	2.93611
1.00323	1.86035
0.512225	1.331
-0.551585	1.48167
-0.451048	-0.256568
-0.883572	-0.714775
-1.39415	-1.16527
1.10541	0.280451
-1.58495	-0.427749
1.14135	-0.836197
-0.172022	0.839319
0.607667	1.86493
0.0530163	0.582596
1.9532	3.58845
0.145601	1.21038
-0.943391	0.308686
1.137	1.70893
-0.575636	-0.446442
0.279842	0.407583
0.143787	0.483308
-1.82425	-1.35702
-0.803527	-0.199729
-1.64866	-1.36502
-0.00596527	0.431679
0.266314	0.640557
-1.07183	0.0480306
1.53634	2.57167
-0.0812516	-0.391407
-0.845856	-0.585771
1.06261	1.19598
-1.02227	-0.869286
0.286602	0.634778
0.461974	0.590549
-0.813312	0.279597
0.953979	-0.22891
1.25315	3.65985
1.05982	2.6669
-0.250263	-0.0814152
-1.13109	-0.754576
1.92793	3.81354
-0.106213	-0.192409
1.70476	4.13806
2.22581	5.62687
1.94109	4.26042
-0.660623	-0.245802
-1.04424	-0.317368
0.943475	0.36221
-0.914578	0.120242
-0.863937	-0.832835
-0.246753	2.54992
0.782301	2.65615
1.54293	1.10259
1.00127	1.64955
-0.924116	0.178589
-0.196354	0.592511
-0.476869	-0.839261
0.536437	-0.267841
0.679578	2.13933
0.316483	0.107222
0.228507	0.784025
0.587927	0.863106
0.149396	0.525715
0.475551	0.838995
-1.8365	-1.10088
0.43639	1.88217
-0.943942	0.0269341
0.928113	0.284929
-1.92114	-0.407534
2.03463	3.91453
0.20535	-0.524052
0.622558	1.10726
0.709487	-0.229517
-0.315604	-0.178965
-0.833442	-0.191394
0.739167	4.7095
1.25087	1.69047
2.02082	5.25251
1.48946	3.43847
-0.496832	0.867907
-1.90182	0.0688946
-1.78037	-0.813797
0.818018	3.06212
0.00151793	-0.323404
-0.78245	-0.128488
-0.927584	0.318106
0.983726	-0.021655
-0.648239	-0.0189453
2.07208	4.22035
0.801942	1.46091
-0.980626	0.650357
-0.455125	-0.533515
-0.737848	0.800129
1.50574	2.16118
0.915929	0.75583
-0.771727	-0.0164753
-0.406967	-0.611804
-0.797749	-0.17238
1.23497	1.18871
-1.07116	-0.762139
0.61851	0.167774
-0.160254	0.523746
0.628567	2.01493
0.721464	2.3919
-1.06849	-1.25587
0.534862	0.956986
0.0248261	-0.924268
-0.142277	0.32833
-0.0870035	-0.432131
0.034438	0.792079
-0.60803	-0.569402
0.256702	-0.222937
1.26699	3.33896
-0.291399	0.671574
-0.751144	-0.480547
-1.11867	-1.23452
-1.54808	0.012753
1.3481	3.96308
2.01408	4.08952
0.269006	1.64237
0.635952	1.08002
-0.0737952	1.02747
0.993664	0.343561
-0.498987	0.0150502
-0.685645	-0.940914
-1.22029	-1.36501
-0.536746	-0.632315
-0.0893541	-0.679873
-1.08996	-0.316401
0.157506	1.00177
-0.11687	0.0372076
-0.14924	0.745158
-2.1285	-0.620928
0.0644214	0.314258
0.15302	0.513315
-2.18766	-1.58949
-0.483808	-0.960214
-1.05306	-0.193494
0.17811	0.296401
-0.332837	1.23056
0.284033	1.84108
1.45384	0.722383
1.85841	4.35891
0.845413	-0.689443
0.703021	2.11198
-1.60469	-1.35105
0.387258	0.77792
-0.351267	-0.247021
1.11361	2.18843
-0.542669	1.14693
1.69663	2.8385
0.103464	1.02247
-1.12888	-0.171081
-0.618197	-0.713577
-1.111	-1.33761
-0.518913	0.473467
-0.809241	-0.425447
-2.04553	-1.0039
-0.655246	0.781264
0.768215	1.09065
1.56591	2.04982
-0.0717963	0.808916
-0.617922	4.64071
-0.909111	0.497686
0.912032	1.63398
0.121075	0.74562
0.0578623	0.54077
1.89296	2.44852
0.192941	-0.110338
0.106929	0.0819647
0.314885	-0.390833
1.45663	1.41008
-0.968955	-0.970527
0.488209	0.256038
1.48069	1.21294
-1.0453	1.20513
-0.819036	-0.732718
0.321409	1.22399
0.860177	2.56178
0.112126	0.728693
0.329088	0.616482
0.414614	0.720242
1.18678	0.707035
-0.859976	1.09858
0.408333	1.08385
0.943871	0.887189
-0.58477	-0.569373
-0.0485281	-0.976092
1.83607	3.60648
-0.408756	0.117742
0.611733	1.32533
1.80117	4.26945
-0.770437	-0.0427794
1.6283	2.6991
-0.198687	0.667393
-0.534873	-0.543053
-1.79595	-0.944902
0.647199	0.559539
0.0054746	-0.577851
1.15949	3.71803
0.456819	0.58817
0.401984	0.461758
-0.607665	-0.148298
-1.09234	-0.701725
-1.43968	-0.563804
-0.104436	-1.27961
-0.967937	-1.0049
1.07258	3.37846
0.286101	1.60526
0.234505	1.12381
-0.0961703	0.313509
-0.363074	1.22198
1.10027	1.54683
-1.82053	-0.739343
-1.87265	-0.919181
-1.15794	-0.444605
1.32208	0.424235
-0.977573	0.373122
1.68078	1.92661
0.482267	1.49813
1.67646	1.63237
-0.18281	-0.109136
1.07797	-0.835009
-1.39519	0.422243
0.43931	1.91734
1.57344	4.37341
-1.00134	0.464053
-2.1145	-1.73527
-0.214196	0.610995
0.767493	2.1905
-0.151915	1.40663
1.30966	1.73483
2.29817	6.04992
-0.356378	-0.311727
-1.34359	-0.777404
0.184211	1.21845
-1.11764	1.5925
1.45475	2.96541
0.738918	1.97179
1.30016	1.94503
1.0961	0.486554
-0.351922	0.782326
-1.65047	0.136855
-0.0169331	0.0983703
0.409169	0.101385
1.44614	0.62946
1.33456	3.3817
-0.0961497	0.256679
0.288498	0.662688
1.83683	2.34159
1.93839	6.00545
0.646811	0.612468
0.763484	0.495521
0.695739	0.210289
-0.360526	1.41661
1.24982	-0.245504
0.0561798	0.42973
-0.146691	0.574615
-0.865524	-1.13512
-0.459602	-0.647428
0.0629823	-0.847858
-2.59976	-0.944518
0.0833739	1.25659
2.34674	5.54915
-1.25743	-0.698183
0.194572	-0.214304
-0.469221	0.809901
-0.32891	-0.635673
-0.35726	0.82697
-0.111863	1.52165
-0.264161	0.424905
-1.35643	0.113466
-0.260675	0.255419
-1.25047	-0.372143
-0.103247	0.693682
0.0923009	-1.10816
0.824583	1.2069
-0.550933	-0.200136
-1.16997	-0.412212
-0.687251	-0.289645
-0.140522	-0.100089
-0.894687	-0.689204
-0.0807242	0.120211
0.3034	-0.237694
0.659618	0.709374
-0.900094	-1.23881
-0.234084	-1.18789
0.287483	-1.14404
-0.662159	-1.11021
0.356692	1.70962
-0.0929927	0.046072
0.297762	1.42278
0.582456	2.31491
-0.551335	-0.273979
-0.502505	-0.833927
1.10295	1.72117
-0.786016	0.2792
-1.88723	-1.21528
-0.0332611	4.44496
0.45449	0.914733
-1.00604	-0.557994
-3.32899	-0.849447
-0.502997	0.29727
-0.212141	0.289371
-1.03395	-0.213794
0.464151	-0.197109
0.360593	0.495412
0.893104	1.30591
-1.0578	-0.172428
-1.83703	0.00668168
-1.35895	-0.688128
0.195653	0.185757
0.616404	0.679708
-0.860177	-0.632555
0.282538	0.166917
0.703274	1.56545
-1.14445	-0.591925
2.20194	4.40125
0.116204	0.17951
0.814841	3.89117
1.30886	3.94138
-0.273696	-0.126967
-1.68392	-0.660986
0.753295	1.6235
0.442898	0.333261
-0.645081	-0.341732
-0.642555	-0.144912
-0.586877	1.39205
-0.64725	0.169864
0.411327	-0.0880367
-1.55782	-0.333673
0.703	2.13056
-0.165106	0.868127
-0.9916	0.0634599
0.991082	1.66435
1.14014	1.96874
0.606346	1.23813
0.795543	0.271974
2.40099	6.88366
0.165441	0.362917
0.404616	-0.757928
-1.0124	0.115999
1.01402	0.856236
1.04295	0.336456
-0.926748	-0.788593
1.01606	2.52932
-0.653631	0.177382
0.971328	2.45994
-1.25029	-0.0665367
0.202247	0.963893
-0.139338	-0.140405
1.17142	0.99483
-0.493542	-0.539045
-1.72012	-0.2507
-0.412409	0.484911
0.523635	1.14019
-0.409916	0.597166
-0.203461	0.639485
1.35021	1.54474
0.488868	1.43893
-0.840862	-0.920383
0.614909	0.322648
0.239986	0.224693
-1.71696	-0.388563
1.06131	2.96671
-0.349269	-0.158976
0.0560991	0.613348
-0.513909	1.00085
-0.0590002	1.22589
0.0706918	0.618997
0.867889	-0.267721
-0.212544	-0.42048
-0.766207	-0.544237
2.26724	3.10867
-0.00502062	-0.824528
-0.932758	1.68669
-0.0203817	0.912246
0.574741	2.65691
0.814438	1.89337
-0.878594	0.472343
0.965118	2.87121
-0.990772	-0.0229114
-0.887294	-0.833762
-1.56588	-0.562616
-0.734476	-1.18537
1.75003	4.59313
-0.002866	-0.428194
1.09691	2.37058
0.763658	-0.234528
-0.202502	1.63084
1.05137	-0.119392
0.113862	1.20225
-1.16017	-0.581211
0.296717	1.68872
-2.3157	-0.814265
1.41731	3.36145
-1.2281	-0.981218
-1.63967	-1.25685
-0.393333	1.39698
1.44886	1.73213
-1.14362	-0.871476
-0.72061	-1.05806
-0.23227	-0.152301
-1.22699	0.672833
-1.50514	-0.923316
1.37227	1.7114
0.751301	-0.29202
-0.329744	0.821726
-0.2535	0.250313
-0.0347907	-0.449104
0.456225	-0.440561
0.785616	1.69497
0.806974	1.62952
1.16546	0.411912
1.91105	4.73806
-2.45743	-0.690942
-1.3136	1.29698
-0.144779	0.0656438
0.541594	0.138814
-0.522029	-0.601465
-0.907673	-0.336949
-0.199625	0.345581
0.273503	0.526857
1.37768	-0.185416
-0.832784	-0.0372243
-1.38664	-0.559844
-0.895772	0.330416
0.71723	2.12242
1.63127	0.982013
1.70812	2.86587
0.241081	0.399065
1.54062	-0.228149
0.838439	1.42831
-1.17039	-0.994034
-1.40546	-0.432628
-0.503563	-0.669051
-0.580916	0.863649
0.658257	1.38097
0.154859	0.667961
0.0189337	0.567728
-0.374339	-0.28482
0.213134	0.363337
0.247498	-0.773128
-0.031729	0.60784
1.42376	3.53168
0.837798	0.542364
0.256678	-0.300401
0.249017	0.203545
1.3214	2.2441
-1.53618	-0.814072
-0.239177	0.159763
-1.56436	0.00864267
0.421257	0.475785
0.165851	-0.551535
0.0336023	-0.350704
1.14756	2.10927
-0.608584	-0.156065
1.72966	3.78754
0.613416	-0.49172
-1.57823	-0.794981
0.448428	1.54379
0.00815237	0.331885
-0.511906	-0.0592333
1.2827	2.01694
-0.222697	-0.871958
-1.30022	-0.940621
-0.947917	-1.37709
0.83876	0.878875
0.120709	0.377215
1.02704	0.301386
-1.28003	-0.451737
1.33232	1.12469
-0.237343	1.90971
0.0579058	-0.0128347
-0.794118	0.124891
-0.0550033	1.83494
0.00570795	1.0866
0.356672	1.27943
-1.27546	0.116388
0.734324	0.955311
0.0575869	0.0551105
0.581206	4.50822
0.282177	1.69047
1.51174	2.62173
-0.282102	-0.127448
0.390175	0.43272
1.58532	1.9465
-1.38379	-0.481626
-0.838283	1.71504
-1.57484	-0.426314
0.252566	-0.525976
-0.016911	-1.67586
-0.508162	-0.62906
0.221712	-0.697184
-0.933648	1.74929
0.81059	1.2197
-0.248592	0.159687
0.53332	0.447119
0.0827688	0.98531
0.228497	0.593275
-2.04804	-1.2159
-0.162605	-0.744955
-0.546476	2.19254
1.45072	1.61778
0.380766	0.398401
-0.446077	-0.011043
0.172046	0.40269
0.845309	1.18869
1.07951	1.46124
-1.41598	-1.04377
-0.0694438	0.95189
-0.416153	-0.851636
-1.13714	-0.511113
0.282574	0.847267
0.297282	0.951933
0.989055	3.23542
-1.3009	-0.733613
-0.369441	-0.249779
-0.318667	-1.21898
-0.165675	0.292217
0.686427	1.28956
1.64071	1.38228
-0.984215	-1.07185
-0.603393	0.770408
1.24422	1.87801
1.01721	1.33766
1.22175	1.8721
-0.256509	0.773726
0.650902	1.48416
-0.240006	-0.40526
0.669758	1.42641
-0.916138	-0.554559
-0.489176	-0.247054
1.00163	1.625
-0.221941	0.795181
-0.0460433	-0.330624
-1.00665	-0.281573
2.35335	5.87733
0.687114	0.580353
-0.659653	0.076369
0.0595167	0.266795
-2.45722	-0.292696
0.26606	-0.191306
2.69321	5.93971
-0.067996	-0.501003
-0.138608	0.464031
-1.41587	-0.276773
-0.0505797	-0.388206
-0.468315	-0.97293
-0.879664	-0.797772
0.683482	1.62829
-0.351303	-0.722818
-0.902573	0.991616
-1.19401	0.161446
-0.111988	-0.523729
-0.727724	-0.758624
1.25576	0.0251007
-0.203472	0.976816
-0.0393282	0.366011
0.850217	1.10796
1.46771	3.18425
1.42923	2.7744
-0.515592	0.262759
-0.902307	0.570085
-2.92522	-0.952163
0.387908	1.18546
-0.87572	-0.0877702
-0.991778	0.551703
0.648635	0.179062
0.836439	2.0154
-1.13104	-0.481924
-1.1607	-0.727561
0.0843191	0.367537
0.417252	0.764257
-0.194011	0.306736
0.359026	2.00498
-0.471906	0.286971
1.55729	0.504091
-0.500291	-0.180296
0.19312	1.35705
0.70072	-0.145359
-0.916215	-0.245636
-1.52783	1.06546
-0.487447	1.03875
0.980911	1.56023
0.260963	-0.0546855
0.268132	0.996573
-0.283869	-1.13083
0.85877	1.49525
-0.701306	-0.0703692
1.14995	0.066334
0.451573	0.66942
1.68394	2.65209
0.366112	0.442224
-0.556245	-0.386794
0.24494	2.24628
0.0679975	0.352664
-0.699481	-0.24597
0.943359	2.43757
-0.0477135	0.165397
1.72973	4.56818
-0.0970531	-0.913318
0.382861	1.74089
1.05309	1.06413
1.61048	2.17005
0.686129	1.49355
2.31244	5.85543
1.3487	2.33171
-1.31361	-0.522017
-1.6493	-0.495631
-0.604383	-0.0787795
0.320626	0.588709
0.833064	0.799952
-0.574171	0.846119
-1.4929	-1.46759
0.741654	3.86616
-0.702005	0.800376
0.751314	3.43273
-1.19274	0.00504136
-0.893407	-0.692126
0.667857	0.326884
-1.29603	-0.226725
-2.00822	-0.658399
-1.03983	-0.75387
-0.124701	-0.0675529
1.76883	4.5848
-0.48783	-0.453299
0.190546	0.666893
-2.23231	-1.21766
-0.0961163	0.165373
0.191361	-0.621665
-1.09037	-0.26014
0.0563201	0.79011
0.735128	1.13891
-0.769764	-0.85619
0.314745	1.72788
-1.8134	-0.461783
-0.705421	0.274779
0.246761	0.934639
1.03019	0.0507259
-0.169405	-0.884657
-0.673314	0.23173
0.336974	0.204661
0.513276	1.81346
-0.0903328	0.0137222
0.663822	0.860085
-0.704491	-0.523838
-0.123233	0.662006
-1.27558	-0.249324
-0.313729	-0.317267
-0.344445	0.117326
0.100516	-0.00329554
-0.29025	-0.329568
-0.713196	-0.519173
-1.08781	-0.703814
-1.45169	-0.698832
-0.266589	-1.04143
-1.30029	-1.14621
0.0246159	-0.294126
0.1892	1.47362
1.71361	3.2701
0.901436	0.748945
-0.176929	-0.645836
-0.946708	-0.645417
-0.171436	-0.689991
-0.45741	1.45097
-0.725525	-0.391742
1.22783	3.25943
-0.596139	-0.351095
0.732314	0.794125
2.1759	5.66204
-1.3472	-0.380046
1.52332	3.14214
0.818901	2.63986
-0.875517	-0.40383
-0.527537	-0.414915
0.738137	1.4815
-0.734456	-0.715984
0.0233309	-0.667763
-0.221384	-0.237457
0.764087	1.11518
-0.497467	-0.999805
-0.14669	0.0172663
1.23516	2.48115
0.452602	0.710996
0.986542	2.9448
-0.083569	1.37725
1.03828	0.719173
-0.678616	0.308936
0.195901	-0.0388068
0.0958579	0.909858
0.204191	0.392255
-0.0752984	0.997282
-0.0768609	-0.732418
-0.444207	-0.624759
-1.21237	1.52967
1.27058	2.04184
1.42413	3.01093
0.954265	2.6719
0.206858	-0.0149632
-1.62381	-1.2056
-2.60798	-0.656224
-1.09435	0.165743
0.751611	0.97509
-0.165487	-0.716466
-1.00082	-0.496992
0.330107	3.05091
-0.0809348	0.613269
0.587372	-0.0957602
1.01758	1.48431
0.123845	-1.42308
1.56287	2.20768
1.50635	3.84335
-0.135587	1.15973
1.08245	3.56389
-1.77243	-1.29803
1.46134	2.92832
0.863698	1.83994
0.255485	0.0138128
0.458238	1.05126
0.086339	2.22555
-0.668172	-0.593402
-0.367037	1.34336
-0.696693	0.338607
-0.644522	-0.549833
1.02236	1.71338
0.279539	0.216156
0.368602	0.38072
1.78248	2.24192
-0.876762	-0.859607
1.08348	1.10466
-0.376258	-0.0742871
0.347656	0.53269
-0.0713736	1.14611
0.0798503	-0.473822
0.498846	0.984898
0.18098	0.767801
-0.886144	-0.0871342
-0.486888	-0.869559
-0.455397	0.82342
0.813001	1.89831
-0.847084	-0.501316
1.21343	0.969722
0.230416	0.0203001
-0.24883	1.26651
-0.196544	-0.165859
2.08259	2.75696
-2.40773	-0.361638
1.49723	3.29498
-0.427692	1.87651
0.148121	2.76541
0.602723	1.7988
-0.139554	-0.089339
-0.275826	-1.01057
-0.498637	-0.592325
0.333097	0.230238
-1.97158	-0.701706
-0.0526913	0.518746
-0.348612	0.577722
-0.162505	1.21646
2.20919	5.10757
0.185523	-0.312098
-2.62287	-0.151254
1.26401	4.10652
1.19271	1.11259
0.460273	1.65021
-0.663078	-0.157861
-1.48496	-0.722424
-1.28681	1.22669
0.666931	1.33586
0.910853	-0.248131
0.0674277	0.551233
1.09862	3.81895
-1.74858	-0.270857
1.14761	1.05667
-0.745535	-0.682982
2.03116	3.74732
0.743012	1.73826
1.15135	1.52936
-0.502291	0.407834
1.25526	1.97361
0.330897	1.96998
0.415085	0.231901
-0.073424	1.26358
0.148888	-0.42307
0.0475581	1.263
1.21722	-0.20037
-0.519132	0.171454
0.439761	1.17678
-0.783288	0.697972
-0.33201	0.656856
-0.512722	-0.692827
-0.664883	-1.47317
0.561748	1.03467
-0.419801	0.952474
-0.133367	-0.246829
-0.713364	3.31114
0.107607	1.18919
0.625424	0.465033
-0.763606	-0.825796
-1.26029	-0.778294
0.239858	0.767791
-0.634739	-0.1421
0.380826	1.56448
-0.433788	-0.242016
0.115022	-0.579554
0.161248	0.214957
-0.839354	0.142595
-0.328334	-0.660875
-0.0985727	-0.564616
0.434871	1.31765
0.247258	2.30656
-1.52831	-0.550016
0.446934	1.96628
-1.96231	-1.58207
1.26827	2.8083
0.591707	1.06886
-0.598567	0.560304
-0.551399	0.161122
-0.0849586	-0.251458
-0.0704404	1.46554
-0.428807	-0.352369
0.50672	0.566119
-1.09906	0.761273
-0.162602	0.902796
-0.475016	-0.0939244
-0.0404395	0.32652
0.756256	1.48905
2.13819	4.60552
-0.354593	0.498948
-0.253619	-0.293781
-0.616556	0.249796
0.184541	-0.00313818
-0.843348	-0.326599
-1.23749	-0.0526625
-0.197771	0.688226
0.300522	0.811795
0.733482	1.9681
1.25403	2.22047
-0.214223	-0.441674
-0.554635	0.502729
-0.629513	0.145631
-0.654513	-0.652536
-1.32848	-0.0736338
-1.79195	-0.888941
-1.42253	-1.6386
-0.659129	1.26814
1.14201	3.15152
-0.900882	-0.0749832
1.05846	1.21865
-0.902742	0.431329
-0.0487631	-0.689145
1.30628	1.00341
-0.388188	-1.04447
0.523748	0.759664
1.68475	3.91065
1.74928	2.23241
1.94931	0.603991
-0.122551	0.69574
0.550682	0.682403
-0.0384265	0.251228
-0.344691	0.0489855
-1.01336	0.393839
-1.36994	0.901618
1.00982	0.399476
-0.178825	0.635998
0.946137	1.86265
-1.9524	-0.655285
1.41336	2.04114
-1.32903	0.289675
0.562317	0.464346
-0.782264	-0.0522113
0.996864	0.749742
1.77039	4.46245
-0.266932	0.603638
1.79761	1.62836
0.0858343	-0.199913
-1.93378	-0.794269
0.718003	2.02762
-1.69634	-0.97568
-1.7019	-0.20496
0.919894	1.80682
-0.162368	-0.105376
-0.0498701	-0.0939453
0.705777	1.52516
1.64689	0.347971
-1.37016	-0.346645
-3.28446	-1.21242
1.85092	2.03398
-1.93848	-1.68036
-0.187838	1.88488
-0.188978	-1.34063
-0.591321	-1.08792
-0.752538	-1.62091
-0.769548	-0.578189
-0.780423	-0.564985
0.426053	-0.0816101
-2.01002	-1.02738
0.12753	0.211172
1.12026	1.6108
-0.577433	-0.728435
-0.636357	0.54042
0.573322	0.530684
-2.26797	-0.811234
-0.156674	-0.301834
0.238142	1.15441
-1.03878	0.0197756
-0.511644	1.31973
-1.70668	-0.164939
0.30232	1.26307
-0.366498	0.0731075
1.55623	0.476537
1.10045	-0.532819
-0.503349	2.20356
-0.0998184	0.2552
0.217253	-0.779631
-1.43876	-0.395561
0.734111	0.577912
1.14624	2.78378
0.179866	0.966045
-0.297815	0.394747
1.35955	1.55865
0.659168	0.699174
-0.695322	0.877826
-1.36375	-0.680662
-0.842176	-0.948877
-0.269831	0.745083
0.366937	-0.371986
0.464729	1.75427
-0.78352	-0.748056
1.69377	2.91121
0.425336	0.755111
-1.23902	0.740521
-0.770554	1.54597
1.28586	3.74289
-2.26308	-0.608215
0.0778981	0.95739
0.28447	-0.960501
-0.373528	0.062536
-0.166056	0.366887
-1.11037	-0.987966
-1.4551	-0.765871
0.720875	1.60081
0.741465	1.73748
0.280404	-0.604588
-0.426426	0.171508
0.8589	3.36318
1.02934	1.99281
0.0472706	1.14823
0.267485	0.693681
1.06515	2.20161
0.73734	0.745126
1.84088	2.80897
0.20859	1.49334
-0.283339	-0.0522822
1.00836	1.23378
1.28211	1.26087
-0.310502	1.52426
0.475145	-0.100704
0.109757	1.86949
2.01236	4.18424
0.207634	0.0548255
0.0760286	0.104108
-1.25	0.286314
0.913791	0.895371
-0.653954	-0.15713
-0.072574	0.0703418
0.492058	-0.147518
-1.00135	-0.943418
0.483825	0.638489
-1.96969	-0.77382
1.18211	1.76442
-1.50942	-0.967858
0.919728	1.38709
0.163887	0.49252
1.0996	1.55313
-0.353832	-0.141091
-0.420767	-0.570979
0.799459	2.21766
0.698546	0.647048
0.0872942	0.153539
0.28564	0.851324
0.32368	1.27811
-0.694391	1.03644
0.968291	3.29116
-0.192075	1.03089
-0.201452	0.668577
2.2444	5.04373
0.488009	4.07794
0.881384	3.53192
0.627055	3.12975
-0.0540939	-0.156825
0.149557	1.77191
-0.852284	0.773327
-0.60789	-0.303763
0.00417762	-0.825388
-1.13283	0.969238
0.655478	2.25757
-0.0572649	1.38165
-2.58817	-0.843607
-0.236772	-0.174826
-0.772758	-0.75412
-0.526761	-0.308685
-0.0376867	0.0481629
0.632721	0.995862
-1.21399	-0.974271
1.2991	3.71042
0.606312	-0.0454915
0.796752	0.688003
-0.184964	1.48677
0.426954	1.15037
-0.211575	1.03793
-0.237039	0.897875
1.25278	2.02354
0.586731	0.98529
-2.43587	-0.302091
1.85737	3.91586
-1.0737	-0.874801
1.854	1.89538
1.24441	0.305824
0.907459	2.9729
1.06339	2.11207
-0.294452	0.578563
0.10593	0.827141
1.82127	5.27259
1.24024	3.01746
1.11522	2.64412
-0.169953	-0.150362
1.49669	2.41871
0.0622922	0.83432
0.341468	-0.0417119
1.29788	0.0901198
0.404225	1.779
1.14625	3.7579
-0.13376	0.696709
-0.751855	-0.205984
0.0250024	-0.48098
0.138044	0.504516
-0.661821	1.74054
-1.39617	1.08258
-0.777414	0.376616
0.191973	1.15431
0.225564	0.780417
0.33063	1.06247
0.668861	-0.260988
-1.65262	-0.452278
-0.516908	0.26805
0.235657	-0.443003
-0.596896	0.033834
1.25683	2.97463
-0.680109	-1.18822
1.15605	1.57889
0.281883	0.119377
-0.0784767	1.11044
-0.0341312	-0.200467
1.06755	2.50743
0.801359	2.26065
-0.316517	-0.557675
1.4167	3.03806
-0.235858	0.153853
-0.168105	1.20761
-1.04247	2.30688
-0.806722	0.279315
0.396893	-0.588624
-0.231315	-0.235525
-1.1577	0.361596
-1.69734	-0.434704
0.399744	-0.650291
-0.154738	-0.255503
0.406693	0.427867
0.755551	1.60786
-0.329638	0.108063
1.28832	1.77615
0.243661	0.74291
-0.0379804	1.5328
0.322857	0.639873
0.405104	0.208745
1.43039	1.38837
-0.501992	0.852792
-1.7858	-0.754529
-1.99962	-0.891879
-0.670188	0.36603
0.655038	1.37581
-1.68967	-0.138065
-0.819374	1.25525
0.690571	1.22904
0.0100538	0.757647
-1.67473	-0.795612
-0.883668	-0.151012
0.645224	1.1409
1.08781	1.67218
0.309421	-0.191854
1.15894	1.73132
-0.405514	0.785127
-2.10322	0.982836
-1.20994	-0.46473
-0.270689	-0.689623
-0.561821	-0.301483
0.0398551	-0.15682
0.311098	-0.095517
-1.26753	-0.989881
2.02552	2.46519
0.0193564	-0.134379
-0.109009	0.821389
-0.153826	-0.160721
0.804627	1.70867
0.495879	1.48681
1.09772	1.80788
-1.05744	-0.471379
-1.11191	-1.03535
-1.11797	0.857419
-0.0717686	-0.632622
0.101431	0.0276375
0.0511708	0.393068
-0.948894	-0.80299
-0.7515	-0.719927
1.08451	3.5628
0.440932	1.22804
1.03412	2.61915
0.212756	2.48111
-1.22144	-0.327201
2.2969	4.24161
0.23573	0.122806
0.138163	-0.699326
-0.249096	-0.677649
-2.90309	-0.771833
1.73676	4.75006
0.688588	1.02405
-1.38155	-0.2483
-0.964972	0.515544
-1.5942	0.0152147
0.916241	0.184366
-1.61348	-1.74276
-0.605079	0.0597429
0.250704	0.697412
0.538951	0.34999
-0.455401	-0.382718
-1.70488	-1.03328
-1.05808	0.179305
-1.98826	-1.40142
0.88533	0.483834
0.859039	-0.296907
-0.143107	-1.323
0.389649	-0.075295
-0.122469	-1.30981
-0.948084	0.134907
0.253754	0.473939
-0.50735	-0.434785
-0.0149967	0.014807
-0.786098	-0.821205
1.71839	5.81163
-0.389739	0.245067
1.51072	0.382383
-1.87255	0.216713
-0.233922	-0.673701
-0.762468	-1.067
0.296313	1.58388
-0.584677	-0.318429
-1.68584	-0.710592
1.03436	0.388254
0.892358	2.55303
-0.0687123	-0.756814
1.08992	1.86
-1.28926	0.171671
-1.39485	-0.354112
-1.22885	1.08468
-0.812377	2.23129
-0.103573	-0.228825
0.0889722	0.463293
-0.881294	0.12005
-0.777372	0.634786
-1.97765	-0.369693
-0.463642	2.17306
0.22267	1.00892
0.660668	-0.130832
1.54944	3.58359
-0.979777	1.08265
-0.50697	-0.694613
0.635985	0.290961
1.23567	4.06782
0.342951	0.688688
-1.68978	-0.886762
-0.233927	-1.09476
0.523172	0.95368
0.489734	0.337863
-1.54034	-0.516011
-0.540315	-0.061155
-1.26242	0.219582
-0.244814	-0.204191
-0.000777338	1.02965
-0.168135	0.15517
1.70075	3.08191
-1.74733	-1.10867
-0.27881	-0.532287
0.398131	1.67465
0.140237	-0.239231
0.124882	0.0301051
1.22503	1.23113
-0.353258	2.42468
0.721896	-0.294505
1.26514	1.29584
1.7194	3.51929
0.389734	-0.676612
-0.358492	-0.0208175
-0.438352	-0.476178
-1.24065	-0.0906372
0.0102705	1.4252
0.588132	0.0473487
-1.23786	0.65796
-0.469185	-0.93823
-0.456049	1.12909
-0.56906	1.64071
-0.420829	-0.884283
0.800238	0.325075
-0.472906	0.396895
-1.40122	-0.0378579
-0.418856	0.650461
-1.84955	-0.964762
-0.370599	0.454966
-0.543683	-0.492277
-1.65055	-1.18158
-1.09662	1.42375
-1.08498	-1.1408
-1.36969	-0.876265
0.72969	0.997
2.24183	3.85017
0.807561	2.50147
-0.662413	-0.184587
-1.33127	1.76633
0.658662	0.508095
0.301728	0.355915
0.909882	2.62314
-0.730631	-0.158694
0.284381	0.879586
-0.507573	0.384002
0.654464	3.13864
-0.55654	1.93386
0.500508	0.695935
0.0669272	0.629852
0.770518	2.63833
0.83508	1.13421
-0.836866	-0.404621
1.52535	1.42028
0.992966	0.837276
0.101066	0.214169
-1.55939	1.59468
-0.623394	-0.555553
1.21929	2.10009
-0.916258	-0.112721
-0.815638	1.20205
-0.600993	-0.716696
-1.01769	-0.19421
1.28008	1.95658
0.33952	1.76187
-0.97148	-0.679778
0.420065	-0.247095
-0.856991	0.0440061
-0.157086	0.201387
-0.65672	-0.670905
-1.78729	-0.289981
0.514491	1.03351
-2.4334	-1.35207
1.10025	3.14091
-0.364667	-0.601051
-1.01392	0.336714
0.720061	0.586619
1.45546	2.00492
1.25761	1.7101
1.51506	3.25179
0.0922913	-0.739285
-1.44005	-0.479437
-1.52348	0.917591
1.9517	1.91959
-0.0888559	0.390188
0.164173	1.535
-0.635717	0.00772357
-0.167734	0.968066
1.21038	1.71037
0.503873	0.724809
0.384144	1.0312
0.606046	1.80674
-0.65092	0.863508
-0.497725	0.874438
-0.170208	-0.229975
0.48135	-0.012024
-0.682735	-0.0414467
-0.767988	-0.289973
-0.462078	-0.478543
0.18043	1.46106
-0.497656	-0.260833
-0.200574	-0.000527501
0.671016	2.32208
0.76246	0.937278
0.990758	0.758971
-0.662177	0.159206
0.176669	0.286894
-0.967668	-0.129971
-3.09707	-0.598251
1.62853	2.00558
-0.231005	0.16121
0.207686	1.82873
-0.819438	0.209612
-0.75564	-0.444977
1.47285	2.13694
0.927039	2.55044
-1.42212	-0.836803
0.788496	-0.389614
-0.198488	-0.0126094
-1.13111	-0.520723
1.01354	1.31584
0.0331259	-0.306731
-0.470087	-0.421351
1.69578	1.66957
0.0130072	-0.393941
0.667887	-0.504987
-0.74621	0.00806808
-1.75234	-0.654775
0.572238	3.05236
-0.811594	-0.0811517
-1.13698	0.1465
0.410137	1.36873
0.791653	0.655066
-0.24922	0.248073
1.05864	1.56335
-1.60808	-0.38316
-0.850779	0.465645
-0.718655	0.459163
-2.02697	-0.453464
-0.647932	-0.00213504
1.14409	2.07296
0.22701	1.38255
0.228654	-0.363733
0.222764	-0.0483245
-1.71459	-0.973101
0.759824	0.902733
-1.63769	-0.921974
0.0729391	0.601207
1.05991	2.139
-0.319084	-1.05685
1.1813	2.43136
-1.82625	-0.44969
1.05509	1.21224
-0.564666	-0.883994
1.35242	4.17357
-1.36046	-1.26185
0.727077	3.06169
1.18895	1.54503
-0.596453	-0.0854158
0.364463	0.64629
-0.312827	-0.864761
-1.78695	-0.477862
0.248725	-0.979444
0.534404	0.160899
-0.10588	-0.89388
-0.710011	-0.193993
-1.47446	0.213497
-1.42606	0.150284
0.641992	0.708272
-0.463301	-0.672237
-0.53184	-0.516156
0.444444	1.10677
-0.523282	1.25854
-0.25518	0.0587869
1.03761	3.39133
0.396949	-0.790495
1.24087	0.783162
-0.17607	-0.291888
-0.970991	0.41456
0.265954	1.09764
-1.56772	-0.416958
-0.943274	0.386665
-0.147001	0.77798
0.66532	1.97246
1.7408	3.21665
-0.609847	-0.485789
0.645781	1.14585
0.305348	0.667377
0.515374	-0.14383
-1.21662	-0.0256652
0.428245	0.837352
0.114276	-0.354199
-1.63194	-0.56968
-1.85368	-0.217897
0.292169	1.44928
-1.15398	0.555398
-0.65952	0.530541
1.25788	1.25572
-0.979581	-0.836324
0.368505	2.86337
-1.18557	-0.869769
-0.821847	-0.293689
-0.475052	0.783192
-0.928617	1.68283
-0.389747	0.939151
0.987309	3.30732
-0.345327	0.958188
0.679365	0.932175
0.0234293	-0.896547
1.04939	4.02361
-1.8684	-0.0747216
-0.198191	-0.865205
0.834096	0.623078
-0.121638	0.96392
-0.528773	0.617031
-0.165276	0.92101
1.03587	1.37386
-1.0531	0.320623
0.263689	0.464001
0.333895	0.529598
-1.29011	-0.282097
-1.08749	0.280325
-0.931877	-1.32189
-0.113216	2.33199
-0.921052	-0.736432
0.275349	3.13569
1.68088	2.77854
1.58757	2.84535
0.337859	-0.940757
-1.62656	0.0125396
1.44174	2.2346
0.422905	-0.188382
-1.62497	-0.830495
1.8007	3.93493
-1.30648	-0.486335
0.649526	1.56268
-0.906426	-0.502145
-0.665582	-0.238745
0.00693292	0.813659
0.661563	1.33035
-0.875544	-0.718191
-0.339492	-0.0918627
-0.352242	1.81125
-0.841538	1.19007
-0.754333	0.988529
-0.215754	-0.0760478
-0.640718	0.524225
-1.89532	-0.644599
-0.483846	-0.431289
-0.445362	-0.48165
1.27065	1.72584
-0.470216	0.153233
-0.473628	-0.56066
-0.480026	0.883356
-2.23023	-0.446258
0.741552	1.59896
0.115262	1.70313
0.348736	0.801398
-1.16786	-0.102528
-1.05712	0.524393
1.06919	1.81287
0.434843	0.658361
0.758612	1.28058
1.61105	1.58358
-2.21599	-0.0814945
0.0346637	1.75826
-0.861358	-0.101008
-0.164019	0.867846
0.0970271	1.27508
-0.336115	0.534518
0.624291	0.279676
0.567695	0.401275
-0.781346	-0.294051
-0.565545	-0.433712
0.9085	3.07613
0.381607	0.439423
-2.58938	-0.574121
-0.0225152	0.537349
-0.0737276	-0.315012
-0.0357673	1.72578
-1.17246	-0.266186
1.19586	2.82063
-0.692067	-0.257791
-0.051804	0.77616
-0.203086	1.12333
-1.99956	0.241519
1.24336	1.61318
-0.335068	0.205243
-1.11695	-0.140021
-1.18406	0.563424
-0.532896	-0.114676
-0.636841	0.44926
1.55918	2.58229
-1.51295	-1.04001
0.736863	2.60663
-1.29018	0.912713
0.534644	-0.632247
0.112017	1.29512
-1.20371	-0.507807
-0.464523	1.71473
0.911476	1.45069
-1.38163	-0.553585
0.186783	-1.06834
-0.937728	-0.518124
-0.547646	1.97009
0.148879	1.33773
-0.243373	-0.104458
-0.370997	0.16422
-1.2329	-0.428746
0.862206	2.1497
1.38137	3.81561
-0.100797	0.0689328
1.05667	2.16304
2.33012	3.68769
1.42327	3.06279
-1.07672	-0.836143
-0.364846	1.25803
0.74134	0.164354
-1.35345	-1.38106
-1.80088	0.267044
-0.997141	-0.00754714
0.198445	0.557219
-1.4283	-0.755782
0.172149	-0.747647
1.04801	1.38364
-0.1347	-0.0912577
0.483038	0.594276
1.77436	1.62039
1.02639	1.37239
-0.124722	-1.04016
1.26619	1.2741
-1.97716	-0.834759
0.20893	-0.112984
-1.07565	-0.736142
-0.807364	0.0978279
1.07308	2.17518
-0.341369	0.35715
0.0191881	0.377597
-0.995655	-0.832834
1.34837	2.54538
-1.16313	0.125624
-0.0565169	1.21301
-0.277064	-0.022276
1.45939	4.08606
-0.224873	-0.614766
-1.90372	-0.189558
0.0158315	-1.14184
0.811566	1.35881
0.443207	0.0200951
-0.0806685	-0.434705
0.367591	0.146052
0.0440393	-0.370659
-1.2927	-0.542161
0.608699	-0.0966793
1.88282	2.45065
1.0109	1.78197
-1.37398	0.191075
-0.629055	-0.808454
-0.236857	-1.04751
-0.783347	-1.17742
0.864767	0.273818
-1.67621	-1.01821
0.145374	0.604285
1.02849	1.36272
-1.37036	-0.512749
0.598021	0.716594
-0.289131	-0.362752
-2.23519	-0.194297
-0.499759	0.318565
-0.975536	-0.311689
-0.215072	1.29724
-0.462987	0.814629
0.161757	1.83321
-0.557743	0.703663
0.418802	1.22562
0.592726	0.0561643
0.366756	-0.292622
-0.429696	-0.0509942
-0.0742805	-0.276408
-1.31329	-1.26519
1.2449	2.70906
0.411013	0.0667
0.503729	0.588211
-1.85498	-1.02645
-0.19213	0.505972
-0.0392807	0.255628
0.526195	2.63112
-1.0181	-0.550712
1.18417	1.27167
0.710558	-0.202247
0.0415578	0.296658
-0.992729	-0.58484
1.88637	0.214194
-0.810575	-0.512128
-0.988974	-0.629928
0.0997583	-0.310792
0.403876	0.547307
0.0547222	0.827314
0.579013	1.77749
0.246343	0.404545
0.476879	1.23926
0.833235	-0.563833
-0.597457	-0.337299
-1.768	-0.685681
0.32144	0.963056
-0.996131	-1.32739
1.52328	-0.895799
1.00382	1.9879
-0.126986	-0.972956
0.0991222	0.500991
1.82925	2.92952
-0.179052	0.445397
-0.644509	1.38309
-2.39671	-0.20475
0.938282	2.38048
-0.571587	-0.170127
0.720944	-0.130534
-0.0929044	1.13246
-0.639107	0.0450122
-0.731321	0.504323
-0.577442	-0.797402
-0.298277	-0.605087
-0.922498	-0.260348
-0.639183	0.162336
-0.685201	-0.785308
-0.765003	-0.707688
-2.12767	-0.449009
-1.25335	-0.267678
0.896323	2.68793
-0.743961	-0.257183
-0.332978	-0.46959
-0.336519	-0.487097
2.2855	6.04681
-1.31995	-1.34709
-1.40689	0.266525
-0.3929	-0.0711673
-0.849114	0.56085
1.01379	0.952432
-0.104834	-0.387276
-0.542672	-0.372686
-1.36863	-0.614308
0.916836	2.65817
1.05867	2.03521
0.923772	1.93107
0.692022	0.697041
-0.511722	-1.04903
-1.27454	-0.606353
0.472539	1.25321
0.311691	1.1965
0.550957	0.251167
-1.14188	-1.41419
-0.0782248	-0.362951
-0.264337	-0.251892
-1.21243	0.0710666
-2.31356	-0.685201
0.0556595	1.79672
-0.459392	-0.0348318
-0.808809	-0.860705
0.0531012	0.260444
-1.18983	0.520713
-0.775844	1.30471
0.290769	0.200043
-0.154136	-0.276402
0.190365	-0.666645
-0.0114346	-0.170265
0.658911	0.802015
-0.132205	0.167894
-0.37934	1.08727
-0.340539	1.13137
1.67699	1.24839
0.494217	1.19585
0.158063	0.917342
-0.818039	0.288895
1.87501	1.43133
-1.39622	-0.980791
0.983518	0.0923681
1.0773	3.75719
-0.826398	-0.351553
-0.552681	-0.98075
-0.540537	-0.507601
1.2236	2.87905
0.811318	3.48402
-1.49825	-0.538066
2.15528	4.68219
1.77536	2.55433
-0.162013	0.310237
1.24313	4.0379
-0.489602	1.11564
-1.74025	0.761259
0.181595	-1.02311
0.0484588	-0.289779
-0.00570324	0.828171
-0.59368	0.559635
-0.556539	-0.277796
-0.378512	-0.675834
-1.18016	-0.926046
0.660758	-0.36024
-0.0476667	0.137676
0.000161189	-0.0639266
-0.580156	0.770819
-0.379763	0.274943
-0.0680711	0.241861
0.355826	-0.285444
0.221944	0.0565577
0.86959	0.714751
-1.14454	-0.48353
0.243591	0.189617
1.699	1.96562
0.090013	1.49619
0.0698666	2.25057
0.88225	2.76305
-1.1455	1.27123
-0.0307711	-1.52008
-0.154962	-0.192412
0.999468	1.45716
0.442445	0.963304
-0.145971	-0.721479
-0.735825	-0.0703865
-0.46045	-0.618548
0.0502291	0.832725
1.11082	1.84803
1.30395	0.693099
0.395794	0.588167
-2.44992	-0.953187
-1.24602	-0.40753
-1.24349	-1.13757
0.642067	0.984781
0.55254	0.406343
-0.595554	0.159366
0.0556762	0.998086
0.35737	-0.071125
0.448515	1.29696
-0.793491	-0.138615
1.46877	2.84688
-0.642496	0.0765514
0.430844	0.476091
0.0362964	1.42806
-0.0894497	0.0449312
1.5718	4.1452
0.248268	1.8386
-0.465126	-1.14486
-0.023994	-0.181233
-0.566419	-0.990033
1.31901	2.61044
-0.255732	-0.584582
1.15823	0.512333
-0.9069	-0.876365
0.566127	0.79024
0.535771	1.10062
0.196284	-0.15547
-2.03111	-0.608674
-0.202198	0.508236
-0.00455273	-0.61643
0.51594	0.491939
-0.50722	0.00810385
-0.0345562	0.266136
1.12624	0.83981
1.14037	2.43615
-0.587862	-0.740544
0.755025	2.09732
-0.236759	-1.28553
-0.125232	0.920163
1.8918	1.31169
0.991476	0.28771
1.23249	1.64411
0.837831	1.47947
-0.00461966	0.812994
-0.787805	0.794532
-1.01564	0.00232339
1.87488	5.0155
-0.0708517	0.509322
-0.0347593	2.69969
0.990264	0.361702
1.22835	3.12922
-0.485358	1.07676
0.38007	0.63612
-0.56066	-0.551344
0.868816	0.944929
-1.27764	-1.27542
-1.88542	0.122162
-0.284025	0.254313
0.654147	0.814848
0.477519	1.09118
1.35864	0.737048
0.26104	1.22174
-0.258924	-0.0995809
-1.19564	-0.166957
-0.39787	-0.628603
0.622562	-0.37198
1.17573	0.187778
0.145047	-0.0625962
-1.98905	-0.89709
-1.37295	-0.81311
-1.19744	-0.20897
0.174783	-0.79834
0.333071	0.514777
-1.00734	-0.795702
0.197	0.0578332
-0.0984705	-1.11576
0.550374	0.430251
1.9921	1.84263
0.413808	1.00279
-0.850926	0.558155
2.38313	5.24867
-1.14136	-0.895581
1.2014	1.09639
-0.981436	1.08258
-0.0202326	-0.075227
0.473088	0.371575
0.62363	0.823375
-0.162251	-0.813421
0.285695	0.225438
-0.274088	0.397946
-0.584903	-0.447267
0.159506	0.455487
1.75568	2.26405
0.881715	1.31069
-0.504058	2.25623
0.687005	0.0477386
-1.77343	-0.744266
1.68347	2.57552
-1.08262	-0.878032
1.85718	4.56979
-1.50146	0.336161
-0.238984	0.171155
1.01531	1.76094
-0.545294	-0.295321
1.08215	1.75062
0.529567	0.893829
0.71989	0.817949
-0.175454	0.287684
-1.16117	-0.0830674
-0.754489	-0.328965
0.00101091	0.595276
-1.7873	-0.0118387
-0.874505	-0.471939
1.01749	3.1038
1.60753	2.31725
1.6654	0.916151
-3.08146	-1.20276
-0.191253	0.386496
-1.01695	-0.808694
-0.149568	0.766826
-0.734059	-0.33155
-1.12895	-0.544043
-0.350772	0.660261
0.169412	1.00391
1.58659	1.96014
-0.176719	0.112765
-1.46828	0.067035
-0.787366	-0.336095
2.54755	11.6276
1.71511	3.59509
1.67793	3.0756
0.618589	-0.329056
-0.446165	0.531201
0.21875	0.731988
-0.09214	0.0833511
-0.665956	0.165179
-0.877593	-0.525069
-1.91936	-1.50351
-0.452183	0.264755
-1.78274	-0.728874
-1.40191	-0.756391
-0.893078	-0.318556
0.1198	0.647987
-0.625863	-0.0147015
-1.98167	-1.23214
1.25037	3.40426
0.150994	1.23202
0.981452	2.44799
2.00207	4.13652
-0.687695	-0.668861
-0.131038	0.482296
-1.4422	-0.235617
2.04096	3.97121
-1.12575	0.0257993
0.349664	1.02895
0.798634	-0.118667
0.316621	-0.255331
1.16699	1.97618
-0.381325	0.138412
-1.29567	-0.998802
0.705283	0.779282
1.51656	2.33646
-0.579312	-0.189413
-1.31739	-0.548124
0.0976761	-0.0846934
-0.863055	0.639125
0.272844	-0.0227094
1.2801	1.25995
0.114456	1.40077
1.23792	2.395
1.32823	1.12372
1.13668	1.14492
-1.13279	-0.25485
0.526965	1.68124
1.27837	2.46841
-0.0846547	-0.655901
-0.525502	-0.0156325
0.632679	2.83855
-0.250008	0.305847
-0.307464	-1.07643
-1.44548	-0.271063
-1.56033	-0.532437
-0.653967	0.312413
-0.0972298	0.302136
-0.1063	0.428851
1.50993	3.01145
1.89055	2.85213
0.781727	0.263965
-0.255521	1.05056
-0.100019	0.224223
1.79879	3.53894
0.949009	0.186939
-0.700203	0.17066
1.21016	1.88925
0.36229	1.05393
-0.43857	1.5685
0.344396	0.563376
-1.27169	-0.530554
-0.606294	0.771062
0.0632517	1.45978
-0.532018	-1.10955
-0.537403	0.123261
1.65999	3.01903
0.907213	2.29431
1.03786	1.4685
-0.0631761	-0.114394
-0.00560958	1.33523
-0.796084	1.09118
-0.70803	-0.900236
-0.247644	2.52962
1.3286	2.50069
-0.300644	0.262877
0.238012	-0.351343
0.249817	-0.100124
0.36116	1.71943
-0.883447	0.372548
0.87762	1.10954
-1.21095	-0.784764
0.0551766	1.1074
-0.0192623	0.896101
-0.800572	0.845499
-0.227016	-0.546054
1.20397	1.62978
-0.156737	-0.292264
1.96109	3.02654
1.65236	0.368603
0.230407	2.22796
0.473535	-0.0302327
-0.0915989	1.13856
0.699989	0.993857
0.366648	0.240333
-0.956589	-0.440813
-0.0717751	-0.343631
1.16166	1.37399
-0.97787	-0.61491
0.846364	0.0758541
-0.128779	-0.315825
-1.46482	-0.327265
-1.22783	-1.52915
0.164736	1.38809
1.00898	2.04644
1.71326	3.93676
1.51294	0.34905
0.413452	0.31263
-0.400054	-1.23148
0.360087	-0.961014
-0.602747	-0.667787
0.319105	2.55272
-0.0721518	0.261089
1.18308	0.887454
0.475034	0.69343
-1.23294	-0.279081
-1.94837	-1.06722
-0.645214	-0.432041
-0.624016	-0.504109
-0.162547	0.432448
1.7226	3.29239
1.51543	0.305253
0.29001	1.04839
-0.706698	0.323415
-0.0908232	-0.0513983
0.421642	0.710621
1.57644	4.3266
-1.55848	0.861918
2.28154	4.39169
0.46019	1.01679
-0.426007	0.340204
0.269177	0.625063
-2.48523	-0.912848
0.718784	0.245193
1.02571	1.50581
0.109339	-0.148226
-0.789914	0.462563
-1.72969	-0.757191
1.06264	0.464412
0.99786	1.49885
0.514479	1.45569
-0.0847813	-0.755491
0.888557	2.78773
-0.45377	-0.266732
-0.299411	-0.627353
0.00424216	1.9463
-0.716895	-0.704234
0.0786465	-0.611694
0.305031	-0.0109589
0.739914	0.702873
-1.09397	-0.178882
1.19233	1.40485
-0.827608	-1.28564
2.14915	3.11261
-0.376645	-0.0693095
-1.27128	0.162431
0.178608	-0.426463
-1.18014	0.00669241
0.807838	2.63798
-0.619754	-0.734196
0.607771	0.393913
1.39506	3.21028
-1.94959	-1.11514
0.130285	-0.816956
1.08537	2.12878
-0.880155	-0.357291
-0.199644	0.594822
-0.430556	-0.857606
-0.709015	-0.216857
0.358748	-0.481706
-0.627723	-0.24071
0.690755	0.78257
0.174549	0.403225
0.457971	0.937166
0.642561	0.38987
1.28559	3.80836
-0.47476	0.489351
0.210871	-0.0202721
-0.791165	-1.42094
-0.371584	0.310148
0.569298	1.31018
-0.591984	0.66753
0.777183	2.2047
1.26793	1.84944
2.33552	5.56316
-0.235852	-0.836754
-0.83548	0.895914
-0.15123	0.16232
-0.182584	0.582911
-0.39879	-0.303367
-0.583287	-0.200006
0.599566	0.869254
-0.229853	-0.0283426
0.287717	0.969073
-2.88399	-1.10713
0.872486	2.00148
2.0879	1.93123
1.12339	1.08661
0.681497	1.55182
-0.616638	0.182732
-0.453412	1.02252
-0.897699	-0.461649
0.946714	1.72757
0.706804	0.12908
1.76754	1.61798
-0.769313	0.114596
0.705861	3.18059
1.84877	2.8498
-0.686777	-0.407286
0.113492	2.03481
-0.205869	-0.985211
0.821758	0.845834
-0.866081	0.302041
1.61609	2.45867
-0.106809	0.404055
0.568781	2.07145
-0.967548	-0.0131232
1.26148	1.68064
0.444292	0.984442
0.475524	2.36015
0.780857	1.13257
-1.0534	-1.0419
0.0364565	1.29158
2.20655	5.04953
1.27476	1.97629
0.675856	2.23773
-0.411276	1.36476
-0.908813	-0.544453
1.5674	4.28952
-0.141323	0.174047
-0.234684	1.82552
-0.403102	-0.547167
1.90367	2.44173
1.61326	2.89631
0.979644	1.37442
-1.53668	-0.672751
1.43976	2.32678
-0.206755	-0.23454
-0.0940982	-0.128224
0.290099	0.829239
1.3381	0.515987
0.0962031	0.438219
0.371151	0.909307
0.444647	-0.0276178
-0.450509	0.276574
0.608574	0.27397
0.279138	0.943981
-0.254082	-0.858166
1.47886	3.90556
1.18342	2.41673
0.142349	0.456691
-1.13793	0.0619733
0.907425	4.49913
-1.23344	-1.13427
0.0278215	1.8671
0.593234	2.09773
-0.100259	-0.149725
-0.646237	-0.353574
-1.13465	-0.315155
0.178276	-0.327617
0.175098	2.53855
-0.189589	-0.190285
0.261742	1.14758
1.48949	0.347013
1.2888	1.86915
-1.3949	-0.936621
0.49677	0.180613
0.0227012	1.74989
-1.51915	0.0535548
0.00898611	0.489112
1.07592	2.87769
0.0597524	1.29705
-0.955308	-0.190254
0.488701	1.72381
-0.551383	-0.181046
-0.511351	-0.801558
-1.62185	0.882217
-0.825365	-0.377004
0.451653	1.25196
-0.402614	0.0457859
1.32111	3.01236
0.966903	0.61373
0.00531401	-0.0189245
-0.484679	0.184792
-0.21955	0.11452
0.752406	0.37274
-2.3228	-1.14528
0.321192	-0.621554
-1.09844	-0.678128
-0.527377	0.145708
0.07813	0.593225
1.4436	2.15276
0.0192301	0.384308
-0.555088	0.611491
0.4591	0.805091
0.944291	0.47781
0.0692325	1.44816
-0.187404	0.512155
-0.674016	0.728637
-0.0117747	0.0459349
1.24613	1.52779
-1.55494	-0.278491
-0.885192	0.675306
0.0241303	-0.877706
-1.72661	-0.00512362
0.657003	0.184973
0.508823	0.0210238
1.67946	1.22516
-0.195167	0.459334
-0.934167	-0.709022
-0.952412	-0.206337
0.195636	-1.00081
1.49824	4.56567
0.77868	2.18274
-0.392019	-0.353697
0.156148	0.221057
-0.37863	0.78589
1.37797	1.72708
-1.83859	0.695766
-0.62169	-1.10759
0.197254	1.50728
0.471218	0.597525
1.12422	0.645046
-0.524803	-0.16515
-1.39671	-0.69486
0.353352	1.36441
0.740762	1.06415
-1.85473	-0.574569
0.0735391	0.609678
0.704868	1.6157
-0.795303	-0.0371206
-0.442864	-0.0831503
-1.30013	-0.250409
-0.25552	-0.338618
0.892235	1.65347
1.05304	0.883188
-0.0877081	0.281672
1.00678	0.323631
0.044741	-0.683213
-0.319785	0.554008
-0.540185	-0.755068
0.726276	0.794895
-0.916603	-0.662388
1.32598	0.797037
1.46186	2.24431
1.84045	4.66749
0.521195	1.96759
-0.938592	0.259126
-0.815308	0.497204
-1.659	-0.0041759
2.54576	7.00942
0.649372	0.0607872
-2.66051	-0.573103
1.27241	1.13725
0.608398	0.0438404
0.194901	0.481569
0.641673	1.58411
-0.636264	0.717347
-1.33654	0.118161
1.97606	3.92385
-0.810521	-0.315425
-1.5974	-0.178418
-1.57188	-0.574713
-1.23005	-0.694734
0.948953	0.164653
-0.49341	-0.757521
0.294865	2.23617
-0.0068902	-0.567783
0.219221	1.78518
-0.670093	-1.02704
-0.831397	0.0442624
0.430205	1.54733
0.612537	0.449114
1.83834	2.50249
1.43339	2.82631
-0.357213	-0.303291
-0.283041	-0.0994968
0.0602794	0.352939
1.13335	3.1939
-0.382393	1.19775
-0.625081	-0.351794
-0.214526	0.320574
-1.64362	-0.971169
0.146838	-0.0624108
2.11036	2.89466
-0.386207	-0.71301
0.129442	0.0244069
-1.26012	-0.229383
-0.368893	0.156031
-0.943608	-0.476784
1.38026	2.99901
1.10867	2.62301
0.372158	0.66304
-3.02269	-1.08377
-0.463112	1.26118
0.610994	0.712301
-0.421294	2.17788
0.742382	1.94353
-0.465523	0.766793
1.61363	0.545195
0.746243	1.59479
-0.435593	-1.05239
-1.45993	-0.359367
-0.711832	0.76751
0.148691	0.581596
-0.717513	-0.76673
0.910262	0.903953
-1.45566	-0.919144
-1.63506	-0.880356
1.14371	2.63286
0.988658	0.614678
-0.418568	1.30408
-0.429695	-0.590152
1.32411	1.89052
1.76996	5.71037
-0.536562	1.22113
-0.470056	-0.804193
-0.406965	-0.426313
0.152471	0.368625
-0.350507	-0.3253
-0.0191558	-0.367605
1.31488	2.79817
1.34117	1.48604
-0.25204	0.466293
-0.784679	-0.882179
0.951203	0.805383
0.217008	1.67184
-0.768537	0.314096
0.454083	0.697138
-1.26434	1.28651
-0.521585	0.0478244
0.93846	1.67175
0.587177	2.46465
-0.783836	-1.14021
1.71178	0.822022
1.11236	1.10761
-0.0143203	0.684777
1.79549	5.67645
-0.0766075	2.98164
-0.716881	0.736976
-0.825196	-0.0800174
0.735702	1.88786
-0.716307	-1.19413
-2.04281	-1.26341
-0.658903	0.0427246
0.266381	-0.33637
0.833666	1.73025
1.75229	2.66686
-1.40926	-1.25074
2.10289	3.7433
0.45176	0.748961
-1.12458	-0.733373
-1.04356	-0.163975
0.851204	2.2889
1.29856	0.885627
-0.71831	-0.799652
0.20017	-0.265648
0.489424	-0.150948
-0.0738702	0.959587
-1.19737	0.254778
-0.104379	-0.0928044
1.19556	1.21017
-0.131114	1.28058
-0.199314	0.119348
-0.599996	-0.782803
0.367262	0.577668
-0.0979255	1.11787
-0.0786302	0.303818
0.805252	1.03087
-0.417456	-0.805313
0.517878	-0.22974
1.20446	3.14994
-0.642468	-0.217174
0.0802854	0.735384
-0.273721	0.18473
-0.900103	2.72149
-0.275894	-0.882763
-2.84283	0.116361
-0.535549	1.31332
-0.191203	0.316937
1.79947	-0.437315
0.490576	0.317882
0.409057	1.54114
-1.11017	-0.828583
1.26672	-1.1239
0.763859	0.897171
-0.938752	0.505059
0.300834	0.830542
0.438935	1.44103
0.190073	-0.443993
-0.917631	1.47847
-0.414838	-0.493163
-0.991715	0.101149
-0.860384	-0.043934
-0.247663	-0.540056
1.36611	1.81835
-0.52932	-0.774911
0.104894	0.667127
1.42788	2.75024
-0.129353	-0.808927
1.36561	2.27323
0.788833	-0.023573
0.277902	-0.350044
0.490115	-0.219191
0.78802	1.47909
0.81737	1.12261
-3.16692	-0.0627303
0.432129	0.830929
-0.851225	-0.637606
0.915485	1.08374
-0.183612	-0.652173
-0.232995	0.0157845
1.31702	2.58768
-0.867251	-0.220677
-0.272962	0.659769
-1.77896	-1.05968
2.1361	4.7287
1.54994	0.978962
1.76689	3.48224
-0.243379	-0.274842
1.02533	1.69917
0.253587	2.44928
-1.53438	-0.433599
0.161505	0.726514
1.5097	2.39858
1.94697	3.34359
-0.0403315	1.13341
-0.985444	-0.644614
-0.19841	1.18349
0.624385	1.64412
0.924905	0.155886
0.549443	1.55993
1.42705	3.69686
0.000379743	0.766238
1.79228	2.72317
-0.239776	-0.954258
1.70575	3.26411
-0.816115	0.674381
-1.48867	0.00132442
0.0317005	0.941373
0.707617	2.19956
0.0983716	0.235275
-0.0768385	0.229068
-0.768175	-0.60715
0.218367	-0.190217
-0.758759	-0.167754
-1.19138	-1.50624
0.549733	0.461234
-1.39961	-0.638174
0.267206	0.101786
-0.573826	-0.705808
-1.11233	-0.942183
0.487861	-0.482565
-0.582111	0.431299
0.671757	1.15444
-0.715781	0.228393
0.477948	0.525386
0.769343	2.53177
1.21861	3.28441
2.24825	5.95399
-0.316514	0.594236
-0.636377	-1.43076
0.429008	1.65746
-0.387327	-0.503615
0.362673	0.206816
-1.54048	-0.542773
0.252163	0.0854266
0.721655	0.427144
0.774336	0.987287
-0.888568	-0.724686
-2.04533	-0.504836
-2.79244	-1.13835
0.0246676	1.60719
-0.607531	1.07711
0.081121	0.800004
-1.46387	0.219721
-1.04963	0.414333
-0.990734	-1.44987
0.644399	1.76514
1.61472	1.81483
-0.303313	0.611962
1.59367	3.43318
-1.02698	0.640762
-0.628782	-0.849198
-1.68445	-0.632753
-0.620982	-0.511383
-0.849726	0.5238
2.20988	4.51823
1.21611	1.46129
0.566188	0.53124
1.30082	2.86186
-1.00283	-1.04792
-0.266631	0.498469
-0.166254	1.18621
0.00201165	0.752765
0.744915	2.45165
-1.24275	-0.385941
-1.98184	0.524644
1.14279	1.91117
-0.710006	1.55461
0.21045	-0.184995
-1.21113	-0.548467
0.951957	-0.275142
2.03868	3.80386
-0.155629	0.837253
-0.43216	-0.0244313
-0.526439	-0.0861222
0.628632	1.27208
1.77936	3.81952
0.180309	0.474408
0.720734	-0.446515
1.73832	4.45766
-0.129297	0.694623
1.42184	2.0751
-0.562621	0.353047
-0.144661	0.519904
-0.376171	-0.135459
1.71464	3.21124
0.175366	-0.0266469
-0.940649	0.00573635
-1.15041	1.13549
0.330335	1.02207
-2.09483	-0.941277
-1.01136	-0.662849
0.176118	0.865815
1.94298	2.62889
0.668914	0.749155
-0.503443	0.62088
0.465767	0.59337
-0.979235	-0.631385
-0.967575	-0.636882
0.11353	0.378429
-0.536246	1.10199
0.0224202	-0.124322
0.573857	0.779465
-1.9901	-0.109255
-0.724129	0.489329
-0.538853	1.72115
-0.398951	1.45937
1.56188	0.904232
0.76076	0.97454
0.299776	1.98467
0.948157	2.49533
0.174022	0.405011
-0.283316	0.893779
-0.119145	-0.784045
0.182183	2.42734
0.0488653	0.149149
1.61333	1.29807
-0.433775	0.528338
1.21041	0.338742
-0.82476	1.22177
0.121866	0.0178957
-0.713227	-0.0885189
1.42107	2.96175
-0.754277	0.144193
-0.645165	-0.298715
0.532774	1.56916
-0.433682	0.172901
1.71928	2.51242
0.613268	2.12158
-0.879812	0.537043
-0.501163	0.0538611
-1.25802	1.18529
1.4473	1.38755
-0.726684	1.18651
0.0399361	1.29469
-1.77875	-0.194367
0.721781	0.376128
-0.0224444	0.41304
-0.831643	-0.568923
-0.516742	0.547187
-0.146982	-0.685633
-0.936543	1.1037
1.44148	2.02193
0.239901	0.118185
-1.50003	-1.49579
-1.28942	0.690814
-0.597148	0.391198
0.18275	0.0617874
1.63875	2.43472
0.63125	1.43045
-0.191346	0.188133
-0.778713	0.200418
0.0910084	0.0752032
1.04504	3.70416
-0.144729	-0.667229
1.18583	3.26176
0.980028	1.44355
-1.26779	-1.50651
0.51494	0.939747
0.731577	1.06972
-0.621294	-0.548724
-1.03852	-0.248655
0.0551267	0.0556707
-1.17364	0.0383329
1.87312	3.40444
0.774104	0.490361
0.97203	1.93578
0.381882	0.691108
0.0586977	0.111698
0.300224	0.677173
0.44241	0.332385
-0.69098	-0.413049
1.05886	2.10503
0.388764	0.352551
-1.32653	-0.968641
-0.748075	2.98443
0.736128	0.438946
-2.1903	-0.959756
0.955556	1.48387
-0.704405	-0.345089
-1.01539	-0.533276
-0.189504	2.50118
0.389805	1.0789
0.906167	0.517102
0.741639	0.930724
1.41401	1.85355
-0.733786	2.11439
-1.17067	-0.259406
-0.917935	-0.504876
-1.96319	0.0466084
0.224303	1.36387
-0.590666	0.740542
-0.239762	0.772046
0.82087	1.30292
0.875189	1.17014
1.02695	0.432965
0.0168243	0.045861
2.58638	8.34271
-0.988145	0.648777
1.59294	4.27112
-0.217056	-0.967094
-1.17329	0.471506
-0.47766	0.873435
1.76393	2.50932
0.785466	2.05289
0.329648	0.869558
-0.632898	-1.0725
-1.20389	-1.53696
-1.44814	-0.199927
0.288335	-0.137844
-0.940315	-0.861008
0.352878	-0.528547
-1.06597	-0.60319
-0.106288	-0.0136995
-1.39543	-0.92883
1.60606	3.84
-0.365508	-0.298095
0.85339	0.209576
-0.623712	0.711666
0.233411	-0.493067
-1.05596	0.90081
-0.921609	0.154858
-0.341568	0.7635
1.16087	2.26158
-1.07977	0.24714
1.22279	1.57555
